Date,Region,Industry,Risk_Vector,Keyword,Headline,Link
2025-07-26,Global,Industrials / Manufacturing,General (Neutral / Positive),Industrials,Industrials Entity: Strategic research partnership formed to drive clean energy innovation,
2025-07-26,Global,Industrials / Manufacturing,General (Neutral / Positive),Industrials,Industrials Entity: Company announces expansion into automated production facilities,
2025-07-26,Global,Industrials / Manufacturing,Regulatory,Industrials,Industrials Entity: Antitrust regulatory body opens inquiry into regional market practices,
2025-07-26,Global,Industrials / Manufacturing,Operational,Industrials,Industrials Entity: Labor union strike halts manufacturing assembly lines across region,
2025-07-26,Global,Technology,General (Neutral / Positive),Technology,Technology Entity: Export volumes maintain stable baseline trajectory across key markets,
2025-07-26,Global,Technology,Financial,Technology,Technology Entity: Revenue miss triggers stock price volatility and credit rating review,
2025-07-26,Global,Technology,Financial,Technology,Technology Entity: Debt service obligations squeeze net liquidity across corporate division,
2025-07-26,Global,Technology,General (Neutral / Positive),Technology,Technology Entity: Quarterly operational targets met amid steady international demand,
2025-07-26,Global,Financials,Financial,Financials,Financials Entity: Inflationary cost pressures reduce operational cash flow estimates,
2025-07-26,Global,Financials,Operational,Financials,Financials Entity: Raw material shortage forces temporary reduction in production targets,
2025-07-26,Global,Financials,General (Neutral / Positive),Financials,Financials Entity: Company announces expansion into automated production facilities,
2025-07-26,Global,Consumer & Retail,Operational,Consumer,Consumer Entity: Labor union strike halts manufacturing assembly lines across region,
2025-07-26,Global,Consumer & Retail,Strategic,Consumer,Consumer Entity: Shifting consumer demand creates inventory obsolescence ahead of launch,
2025-07-26,Global,Energy & Raw Materials,Regulatory,Energy,Energy Entity: Bilateral trade restriction sanctions disrupt overseas supply channels,
2025-07-26,Global,Energy & Raw Materials,General (Neutral / Positive),Energy,Energy Entity: Export volumes maintain stable baseline trajectory across key markets,
2025-07-26,Global,Energy & Raw Materials,Regulatory,Energy,Energy Entity: Strict data privacy enforcement imposes steep non-compliance penalties,
2025-07-26,Global,Energy & Raw Materials,Regulatory,Energy,Energy Entity: New carbon emission compliance laws impose cross-border export tariffs,
2025-07-26,Americas (including U.S.),Industrials / Manufacturing,General (Neutral / Positive),Industrials,Industrials Entity: Company announces expansion into automated production facilities,
2025-07-26,Americas (including U.S.),Industrials / Manufacturing,Financial,Industrials,Industrials Entity: Inflationary cost pressures reduce operational cash flow estimates,
2025-07-26,Americas (including U.S.),Industrials / Manufacturing,General (Neutral / Positive),Industrials,Industrials Entity: Quarterly operational targets met amid steady international demand,
2025-07-26,Americas (including U.S.),Industrials / Manufacturing,General (Neutral / Positive),Industrials,Industrials Entity: Company announces expansion into automated production facilities,
2025-07-26,Americas (including U.S.),Technology,Financial,Technology,Technology Entity: Inflationary cost pressures reduce operational cash flow estimates,
2025-07-26,Americas (including U.S.),Technology,Operational,Technology,Technology Entity: Raw material shortage forces temporary reduction in production targets,
2025-07-26,Americas (including U.S.),Technology,Financial,Technology,Technology Entity: Credit downgrade warning issued following quarterly margin compression,
2025-07-26,Americas (including U.S.),Financials,Operational,Financials,Financials Entity: Factory plant outage reported due to critical microchip supply delays,
2025-07-26,Americas (including U.S.),Financials,Operational,Financials,Financials Entity: Raw material shortage forces temporary reduction in production targets,
2025-07-26,Americas (including U.S.),Financials,General (Neutral / Positive),Financials,Financials Entity: Quarterly operational targets met amid steady international demand,
2025-07-26,Americas (including U.S.),Financials,Regulatory,Financials,Financials Entity: Antitrust regulatory body opens inquiry into regional market practices,
2025-07-26,Americas (including U.S.),Consumer & Retail,Financial,Consumer,Consumer Entity: Debt service obligations squeeze net liquidity across corporate division,
2025-07-26,Americas (including U.S.),Consumer & Retail,General (Neutral / Positive),Consumer,Consumer Entity: Quarterly operational targets met amid steady international demand,
2025-07-26,Americas (including U.S.),Consumer & Retail,Strategic,Consumer,Consumer Entity: Shifting consumer demand creates inventory obsolescence ahead of launch,
2025-07-26,Americas (including U.S.),Energy & Raw Materials,General (Neutral / Positive),Energy,Energy Entity: Strategic research partnership formed to drive clean energy innovation,
2025-07-26,Americas (including U.S.),Energy & Raw Materials,Financial,Energy,Energy Entity: Revenue miss triggers stock price volatility and credit rating review,
2025-07-26,Americas (including U.S.),Energy & Raw Materials,Regulatory,Energy,Energy Entity: Antitrust regulatory body opens inquiry into regional market practices,
2025-07-26,Europe (EMEA),Industrials / Manufacturing,Strategic,Industrials,Industrials Entity: Delayed product transition threatens long-term sector competitiveness,
2025-07-26,Europe (EMEA),Industrials / Manufacturing,Regulatory,Industrials,Industrials Entity: Strict data privacy enforcement imposes steep non-compliance penalties,
2025-07-26,Europe (EMEA),Technology,General (Neutral / Positive),Technology,Technology Entity: Export volumes maintain stable baseline trajectory across key markets,
2025-07-26,Europe (EMEA),Technology,Regulatory,Technology,Technology Entity: New carbon emission compliance laws impose cross-border export tariffs,
2025-07-26,Europe (EMEA),Technology,Operational,Technology,Technology Entity: Factory plant outage reported due to critical microchip supply delays,
2025-07-26,Europe (EMEA),Financials,Financial,Financials,Financials Entity: Credit downgrade warning issued following quarterly margin compression,
2025-07-26,Europe (EMEA),Financials,General (Neutral / Positive),Financials,Financials Entity: Export volumes maintain stable baseline trajectory across key markets,
2025-07-26,Europe (EMEA),Consumer & Retail,General (Neutral / Positive),Consumer,Consumer Entity: Company announces expansion into automated production facilities,
2025-07-26,Europe (EMEA),Consumer & Retail,General (Neutral / Positive),Consumer,Consumer Entity: Strategic research partnership formed to drive clean energy innovation,
2025-07-26,Europe (EMEA),Consumer & Retail,General (Neutral / Positive),Consumer,Consumer Entity: Company announces expansion into automated production facilities,
2025-07-26,Europe (EMEA),Consumer & Retail,General (Neutral / Positive),Consumer,Consumer Entity: Quarterly operational targets met amid steady international demand,
2025-07-26,Europe (EMEA),Energy & Raw Materials,General (Neutral / Positive),Energy,Energy Entity: Company announces expansion into automated production facilities,
2025-07-26,Europe (EMEA),Energy & Raw Materials,General (Neutral / Positive),Energy,Energy Entity: Quarterly operational targets met amid steady international demand,
2025-07-26,Asia (APAC),Industrials / Manufacturing,Financial,Industrials,Industrials Entity: Revenue miss triggers stock price volatility and credit rating review,
2025-07-26,Asia (APAC),Industrials / Manufacturing,General (Neutral / Positive),Industrials,Industrials Entity: Company announces expansion into automated production facilities,
2025-07-26,Asia (APAC),Technology,Regulatory,Technology,Technology Entity: Antitrust regulatory body opens inquiry into regional market practices,
2025-07-26,Asia (APAC),Technology,General (Neutral / Positive),Technology,Technology Entity: Company announces expansion into automated production facilities,
2025-07-26,Asia (APAC),Technology,Strategic,Technology,Technology Entity: Failed corporate acquisition leaves regional expansion strategy unclear,
2025-07-26,Asia (APAC),Technology,General (Neutral / Positive),Technology,Technology Entity: Company announces expansion into automated production facilities,
2025-07-26,Asia (APAC),Financials,Regulatory,Financials,Financials Entity: Bilateral trade restriction sanctions disrupt overseas supply channels,
2025-07-26,Asia (APAC),Financials,Operational,Financials,Financials Entity: Labor union strike halts manufacturing assembly lines across region,
2025-07-26,Asia (APAC),Consumer & Retail,General (Neutral / Positive),Consumer,Consumer Entity: Quarterly operational targets met amid steady international demand,
2025-07-26,Asia (APAC),Consumer & Retail,Financial,Consumer,Consumer Entity: Credit downgrade warning issued following quarterly margin compression,
2025-07-26,Asia (APAC),Energy & Raw Materials,Financial,Energy,Energy Entity: Revenue miss triggers stock price volatility and credit rating review,
2025-07-26,Asia (APAC),Energy & Raw Materials,Regulatory,Energy,Energy Entity: New carbon emission compliance laws impose cross-border export tariffs,
2025-07-26,Asia (APAC),Energy & Raw Materials,Regulatory,Energy,Energy Entity: Antitrust regulatory body opens inquiry into regional market practices,
2025-07-26,Asia (APAC),Energy & Raw Materials,Financial,Energy,Energy Entity: Revenue miss triggers stock price volatility and credit rating review,
2025-08-02,Global,Industrials / Manufacturing,Regulatory,Industrials,Industrials Entity: New carbon emission compliance laws impose cross-border export tariffs,
2025-08-02,Global,Industrials / Manufacturing,Operational,Industrials,Industrials Entity: Raw material shortage forces temporary reduction in production targets,
2025-08-02,Global,Technology,Operational,Technology,Technology Entity: Transit port congestion creates transit bottleneck for key component parts,
2025-08-02,Global,Technology,General (Neutral / Positive),Technology,Technology Entity: Quarterly operational targets met amid steady international demand,
2025-08-02,Global,Technology,General (Neutral / Positive),Technology,Technology Entity: Company announces expansion into automated production facilities,
2025-08-02,Global,Technology,Financial,Technology,Technology Entity: Inflationary cost pressures reduce operational cash flow estimates,
2025-08-02,Global,Financials,General (Neutral / Positive),Financials,Financials Entity: Export volumes maintain stable baseline trajectory across key markets,
2025-08-02,Global,Financials,General (Neutral / Positive),Financials,Financials Entity: Export volumes maintain stable baseline trajectory across key markets,
2025-08-02,Global,Financials,Strategic,Financials,Financials Entity: Delayed product transition threatens long-term sector competitiveness,
2025-08-02,Global,Consumer & Retail,Operational,Consumer,Consumer Entity: Labor union strike halts manufacturing assembly lines across region,
2025-08-02,Global,Consumer & Retail,Strategic,Consumer,Consumer Entity: Shifting consumer demand creates inventory obsolescence ahead of launch,
2025-08-02,Global,Energy & Raw Materials,General (Neutral / Positive),Energy,Energy Entity: Strategic research partnership formed to drive clean energy innovation,
2025-08-02,Global,Energy & Raw Materials,Operational,Energy,Energy Entity: Labor union strike halts manufacturing assembly lines across region,
2025-08-02,Americas (including U.S.),Industrials / Manufacturing,Regulatory,Industrials,Industrials Entity: New carbon emission compliance laws impose cross-border export tariffs,
2025-08-02,Americas (including U.S.),Industrials / Manufacturing,Financial,Industrials,Industrials Entity: Inflationary cost pressures reduce operational cash flow estimates,
2025-08-02,Americas (including U.S.),Technology,Operational,Technology,Technology Entity: Raw material shortage forces temporary reduction in production targets,
2025-08-02,Americas (including U.S.),Technology,Regulatory,Technology,Technology Entity: New carbon emission compliance laws impose cross-border export tariffs,
2025-08-02,Americas (including U.S.),Technology,Strategic,Technology,Technology Entity: Delayed product transition threatens long-term sector competitiveness,
2025-08-02,Americas (including U.S.),Technology,General (Neutral / Positive),Technology,Technology Entity: Export volumes maintain stable baseline trajectory across key markets,
2025-08-02,Americas (including U.S.),Financials,General (Neutral / Positive),Financials,Financials Entity: Strategic research partnership formed to drive clean energy innovation,
2025-08-02,Americas (including U.S.),Financials,Strategic,Financials,Financials Entity: Market share loss accelerates as low-cost competitors expand reach,
2025-08-02,Americas (including U.S.),Financials,General (Neutral / Positive),Financials,Financials Entity: Strategic research partnership formed to drive clean energy innovation,
2025-08-02,Americas (including U.S.),Consumer & Retail,General (Neutral / Positive),Consumer,Consumer Entity: Export volumes maintain stable baseline trajectory across key markets,
2025-08-02,Americas (including U.S.),Consumer & Retail,Financial,Consumer,Consumer Entity: Credit downgrade warning issued following quarterly margin compression,
2025-08-02,Americas (including U.S.),Energy & Raw Materials,General (Neutral / Positive),Energy,Energy Entity: Quarterly operational targets met amid steady international demand,
2025-08-02,Americas (including U.S.),Energy & Raw Materials,Financial,Energy,Energy Entity: Inflationary cost pressures reduce operational cash flow estimates,
2025-08-02,Europe (EMEA),Industrials / Manufacturing,General (Neutral / Positive),Industrials,Industrials Entity: Export volumes maintain stable baseline trajectory across key markets,
2025-08-02,Europe (EMEA),Industrials / Manufacturing,Regulatory,Industrials,Industrials Entity: Bilateral trade restriction sanctions disrupt overseas supply channels,
2025-08-02,Europe (EMEA),Industrials / Manufacturing,General (Neutral / Positive),Industrials,Industrials Entity: Strategic research partnership formed to drive clean energy innovation,
2025-08-02,Europe (EMEA),Technology,General (Neutral / Positive),Technology,Technology Entity: Export volumes maintain stable baseline trajectory across key markets,
2025-08-02,Europe (EMEA),Technology,Regulatory,Technology,Technology Entity: Antitrust regulatory body opens inquiry into regional market practices,
2025-08-02,Europe (EMEA),Financials,Strategic,Financials,Financials Entity: Failed corporate acquisition leaves regional expansion strategy unclear,
2025-08-02,Europe (EMEA),Financials,Financial,Financials,Financials Entity: Credit downgrade warning issued following quarterly margin compression,
2025-08-02,Europe (EMEA),Financials,Operational,Financials,Financials Entity: Labor union strike halts manufacturing assembly lines across region,
2025-08-02,Europe (EMEA),Consumer & Retail,General (Neutral / Positive),Consumer,Consumer Entity: Strategic research partnership formed to drive clean energy innovation,
2025-08-02,Europe (EMEA),Consumer & Retail,Regulatory,Consumer,Consumer Entity: Bilateral trade restriction sanctions disrupt overseas supply channels,
2025-08-02,Europe (EMEA),Consumer & Retail,Operational,Consumer,Consumer Entity: Transit port congestion creates transit bottleneck for key component parts,
2025-08-02,Europe (EMEA),Energy & Raw Materials,General (Neutral / Positive),Energy,Energy Entity: Export volumes maintain stable baseline trajectory across key markets,
2025-08-02,Europe (EMEA),Energy & Raw Materials,General (Neutral / Positive),Energy,Energy Entity: Export volumes maintain stable baseline trajectory across key markets,
2025-08-02,Europe (EMEA),Energy & Raw Materials,General (Neutral / Positive),Energy,Energy Entity: Export volumes maintain stable baseline trajectory across key markets,
2025-08-02,Europe (EMEA),Energy & Raw Materials,Strategic,Energy,Energy Entity: Delayed product transition threatens long-term sector competitiveness,
2025-08-02,Asia (APAC),Industrials / Manufacturing,General (Neutral / Positive),Industrials,Industrials Entity: Company announces expansion into automated production facilities,
2025-08-02,Asia (APAC),Industrials / Manufacturing,Financial,Industrials,Industrials Entity: Revenue miss triggers stock price volatility and credit rating review,
2025-08-02,Asia (APAC),Technology,General (Neutral / Positive),Technology,Technology Entity: Strategic research partnership formed to drive clean energy innovation,
2025-08-02,Asia (APAC),Technology,Operational,Technology,Technology Entity: Raw material shortage forces temporary reduction in production targets,
2025-08-02,Asia (APAC),Technology,General (Neutral / Positive),Technology,Technology Entity: Company announces expansion into automated production facilities,
2025-08-02,Asia (APAC),Technology,Regulatory,Technology,Technology Entity: New carbon emission compliance laws impose cross-border export tariffs,
2025-08-02,Asia (APAC),Financials,General (Neutral / Positive),Financials,Financials Entity: Quarterly operational targets met amid steady international demand,
2025-08-02,Asia (APAC),Financials,General (Neutral / Positive),Financials,Financials Entity: Company announces expansion into automated production facilities,
2025-08-02,Asia (APAC),Financials,General (Neutral / Positive),Financials,Financials Entity: Strategic research partnership formed to drive clean energy innovation,
2025-08-02,Asia (APAC),Consumer & Retail,Operational,Consumer,Consumer Entity: Labor union strike halts manufacturing assembly lines across region,
2025-08-02,Asia (APAC),Consumer & Retail,General (Neutral / Positive),Consumer,Consumer Entity: Strategic research partnership formed to drive clean energy innovation,
2025-08-02,Asia (APAC),Energy & Raw Materials,General (Neutral / Positive),Energy,Energy Entity: Export volumes maintain stable baseline trajectory across key markets,
2025-08-02,Asia (APAC),Energy & Raw Materials,General (Neutral / Positive),Energy,Energy Entity: Company announces expansion into automated production facilities,
2025-08-02,Asia (APAC),Energy & Raw Materials,Operational,Energy,Energy Entity: Transit port congestion creates transit bottleneck for key component parts,
2025-08-09,Global,Industrials / Manufacturing,Financial,Industrials,Industrials Entity: Debt service obligations squeeze net liquidity across corporate division,
2025-08-09,Global,Industrials / Manufacturing,General (Neutral / Positive),Industrials,Industrials Entity: Company announces expansion into automated production facilities,
2025-08-09,Global,Industrials / Manufacturing,Financial,Industrials,Industrials Entity: Inflationary cost pressures reduce operational cash flow estimates,
2025-08-09,Global,Technology,Regulatory,Technology,Technology Entity: Antitrust regulatory body opens inquiry into regional market practices,
2025-08-09,Global,Technology,Strategic,Technology,Technology Entity: Market share loss accelerates as low-cost competitors expand reach,
2025-08-09,Global,Technology,Operational,Technology,Technology Entity: Factory plant outage reported due to critical microchip supply delays,
2025-08-09,Global,Financials,Regulatory,Financials,Financials Entity: Strict data privacy enforcement imposes steep non-compliance penalties,
2025-08-09,Global,Financials,General (Neutral / Positive),Financials,Financials Entity: Export volumes maintain stable baseline trajectory across key markets,
2025-08-09,Global,Consumer & Retail,General (Neutral / Positive),Consumer,Consumer Entity: Export volumes maintain stable baseline trajectory across key markets,
2025-08-09,Global,Consumer & Retail,Regulatory,Consumer,Consumer Entity: Strict data privacy enforcement imposes steep non-compliance penalties,
2025-08-09,Global,Consumer & Retail,Regulatory,Consumer,Consumer Entity: Antitrust regulatory body opens inquiry into regional market practices,
2025-08-09,Global,Consumer & Retail,Operational,Consumer,Consumer Entity: Transit port congestion creates transit bottleneck for key component parts,
2025-08-09,Global,Energy & Raw Materials,General (Neutral / Positive),Energy,Energy Entity: Company announces expansion into automated production facilities,
2025-08-09,Global,Energy & Raw Materials,Regulatory,Energy,Energy Entity: Strict data privacy enforcement imposes steep non-compliance penalties,
2025-08-09,Global,Energy & Raw Materials,General (Neutral / Positive),Energy,Energy Entity: Quarterly operational targets met amid steady international demand,
2025-08-09,Americas (including U.S.),Industrials / Manufacturing,Regulatory,Industrials,Industrials Entity: Strict data privacy enforcement imposes steep non-compliance penalties,
2025-08-09,Americas (including U.S.),Industrials / Manufacturing,General (Neutral / Positive),Industrials,Industrials Entity: Company announces expansion into automated production facilities,
2025-08-09,Americas (including U.S.),Technology,Operational,Technology,Technology Entity: Raw material shortage forces temporary reduction in production targets,
2025-08-09,Americas (including U.S.),Technology,Operational,Technology,Technology Entity: Labor union strike halts manufacturing assembly lines across region,
2025-08-09,Americas (including U.S.),Financials,Financial,Financials,Financials Entity: Inflationary cost pressures reduce operational cash flow estimates,
2025-08-09,Americas (including U.S.),Financials,General (Neutral / Positive),Financials,Financials Entity: Company announces expansion into automated production facilities,
2025-08-09,Americas (including U.S.),Consumer & Retail,General (Neutral / Positive),Consumer,Consumer Entity: Strategic research partnership formed to drive clean energy innovation,
2025-08-09,Americas (including U.S.),Consumer & Retail,General (Neutral / Positive),Consumer,Consumer Entity: Company announces expansion into automated production facilities,
2025-08-09,Americas (including U.S.),Consumer & Retail,General (Neutral / Positive),Consumer,Consumer Entity: Company announces expansion into automated production facilities,
2025-08-09,Americas (including U.S.),Energy & Raw Materials,General (Neutral / Positive),Energy,Energy Entity: Strategic research partnership formed to drive clean energy innovation,
2025-08-09,Americas (including U.S.),Energy & Raw Materials,General (Neutral / Positive),Energy,Energy Entity: Export volumes maintain stable baseline trajectory across key markets,
2025-08-09,Americas (including U.S.),Energy & Raw Materials,Operational,Energy,Energy Entity: Factory plant outage reported due to critical microchip supply delays,
2025-08-09,Europe (EMEA),Industrials / Manufacturing,Operational,Industrials,Industrials Entity: Labor union strike halts manufacturing assembly lines across region,
2025-08-09,Europe (EMEA),Industrials / Manufacturing,Operational,Industrials,Industrials Entity: Factory plant outage reported due to critical microchip supply delays,
2025-08-09,Europe (EMEA),Industrials / Manufacturing,Strategic,Industrials,Industrials Entity: Delayed product transition threatens long-term sector competitiveness,
2025-08-09,Europe (EMEA),Industrials / Manufacturing,General (Neutral / Positive),Industrials,Industrials Entity: Export volumes maintain stable baseline trajectory across key markets,
2025-08-09,Europe (EMEA),Technology,Financial,Technology,Technology Entity: Inflationary cost pressures reduce operational cash flow estimates,
2025-08-09,Europe (EMEA),Technology,General (Neutral / Positive),Technology,Technology Entity: Strategic research partnership formed to drive clean energy innovation,
2025-08-09,Europe (EMEA),Technology,Financial,Technology,Technology Entity: Revenue miss triggers stock price volatility and credit rating review,
2025-08-09,Europe (EMEA),Financials,General (Neutral / Positive),Financials,Financials Entity: Company announces expansion into automated production facilities,
2025-08-09,Europe (EMEA),Financials,General (Neutral / Positive),Financials,Financials Entity: Company announces expansion into automated production facilities,
2025-08-09,Europe (EMEA),Financials,General (Neutral / Positive),Financials,Financials Entity: Export volumes maintain stable baseline trajectory across key markets,
2025-08-09,Europe (EMEA),Consumer & Retail,Operational,Consumer,Consumer Entity: Labor union strike halts manufacturing assembly lines across region,
2025-08-09,Europe (EMEA),Consumer & Retail,Strategic,Consumer,Consumer Entity: Delayed product transition threatens long-term sector competitiveness,
2025-08-09,Europe (EMEA),Consumer & Retail,General (Neutral / Positive),Consumer,Consumer Entity: Company announces expansion into automated production facilities,
2025-08-09,Europe (EMEA),Consumer & Retail,Financial,Consumer,Consumer Entity: Revenue miss triggers stock price volatility and credit rating review,
2025-08-09,Europe (EMEA),Energy & Raw Materials,General (Neutral / Positive),Energy,Energy Entity: Export volumes maintain stable baseline trajectory across key markets,
2025-08-09,Europe (EMEA),Energy & Raw Materials,General (Neutral / Positive),Energy,Energy Entity: Export volumes maintain stable baseline trajectory across key markets,
2025-08-09,Asia (APAC),Industrials / Manufacturing,General (Neutral / Positive),Industrials,Industrials Entity: Export volumes maintain stable baseline trajectory across key markets,
2025-08-09,Asia (APAC),Industrials / Manufacturing,General (Neutral / Positive),Industrials,Industrials Entity: Strategic research partnership formed to drive clean energy innovation,
2025-08-09,Asia (APAC),Industrials / Manufacturing,Strategic,Industrials,Industrials Entity: Delayed product transition threatens long-term sector competitiveness,
2025-08-09,Asia (APAC),Technology,General (Neutral / Positive),Technology,Technology Entity: Strategic research partnership formed to drive clean energy innovation,
2025-08-09,Asia (APAC),Technology,Regulatory,Technology,Technology Entity: Bilateral trade restriction sanctions disrupt overseas supply channels,
2025-08-09,Asia (APAC),Technology,General (Neutral / Positive),Technology,Technology Entity: Quarterly operational targets met amid steady international demand,
2025-08-09,Asia (APAC),Technology,Regulatory,Technology,Technology Entity: Antitrust regulatory body opens inquiry into regional market practices,
2025-08-09,Asia (APAC),Financials,Financial,Financials,Financials Entity: Debt service obligations squeeze net liquidity across corporate division,
2025-08-09,Asia (APAC),Financials,Strategic,Financials,Financials Entity: Failed corporate acquisition leaves regional expansion strategy unclear,
2025-08-09,Asia (APAC),Consumer & Retail,Regulatory,Consumer,Consumer Entity: New carbon emission compliance laws impose cross-border export tariffs,
2025-08-09,Asia (APAC),Consumer & Retail,Operational,Consumer,Consumer Entity: Raw material shortage forces temporary reduction in production targets,
2025-08-09,Asia (APAC),Energy & Raw Materials,Regulatory,Energy,Energy Entity: Antitrust regulatory body opens inquiry into regional market practices,
2025-08-09,Asia (APAC),Energy & Raw Materials,Financial,Energy,Energy Entity: Inflationary cost pressures reduce operational cash flow estimates,
2025-08-16,Global,Industrials / Manufacturing,Regulatory,Industrials,Industrials Entity: Bilateral trade restriction sanctions disrupt overseas supply channels,
2025-08-16,Global,Industrials / Manufacturing,Financial,Industrials,Industrials Entity: Inflationary cost pressures reduce operational cash flow estimates,
2025-08-16,Global,Industrials / Manufacturing,General (Neutral / Positive),Industrials,Industrials Entity: Export volumes maintain stable baseline trajectory across key markets,
2025-08-16,Global,Technology,Strategic,Technology,Technology Entity: Market share loss accelerates as low-cost competitors expand reach,
2025-08-16,Global,Technology,Strategic,Technology,Technology Entity: Failed corporate acquisition leaves regional expansion strategy unclear,
2025-08-16,Global,Technology,Strategic,Technology,Technology Entity: Failed corporate acquisition leaves regional expansion strategy unclear,
2025-08-16,Global,Financials,Financial,Financials,Financials Entity: Credit downgrade warning issued following quarterly margin compression,
2025-08-16,Global,Financials,Financial,Financials,Financials Entity: Revenue miss triggers stock price volatility and credit rating review,
2025-08-16,Global,Financials,General (Neutral / Positive),Financials,Financials Entity: Company announces expansion into automated production facilities,
2025-08-16,Global,Consumer & Retail,Operational,Consumer,Consumer Entity: Factory plant outage reported due to critical microchip supply delays,
2025-08-16,Global,Consumer & Retail,Strategic,Consumer,Consumer Entity: Shifting consumer demand creates inventory obsolescence ahead of launch,
2025-08-16,Global,Energy & Raw Materials,Financial,Energy,Energy Entity: Credit downgrade warning issued following quarterly margin compression,
2025-08-16,Global,Energy & Raw Materials,General (Neutral / Positive),Energy,Energy Entity: Company announces expansion into automated production facilities,
2025-08-16,Global,Energy & Raw Materials,General (Neutral / Positive),Energy,Energy Entity: Company announces expansion into automated production facilities,
2025-08-16,Americas (including U.S.),Industrials / Manufacturing,General (Neutral / Positive),Industrials,Industrials Entity: Company announces expansion into automated production facilities,
2025-08-16,Americas (including U.S.),Industrials / Manufacturing,General (Neutral / Positive),Industrials,Industrials Entity: Strategic research partnership formed to drive clean energy innovation,
2025-08-16,Americas (including U.S.),Industrials / Manufacturing,Financial,Industrials,Industrials Entity: Debt service obligations squeeze net liquidity across corporate division,
2025-08-16,Americas (including U.S.),Industrials / Manufacturing,Strategic,Industrials,Industrials Entity: Market share loss accelerates as low-cost competitors expand reach,
2025-08-16,Americas (including U.S.),Technology,Financial,Technology,Technology Entity: Debt service obligations squeeze net liquidity across corporate division,
2025-08-16,Americas (including U.S.),Technology,Financial,Technology,Technology Entity: Revenue miss triggers stock price volatility and credit rating review,
2025-08-16,Americas (including U.S.),Technology,Financial,Technology,Technology Entity: Debt service obligations squeeze net liquidity across corporate division,
2025-08-16,Americas (including U.S.),Financials,General (Neutral / Positive),Financials,Financials Entity: Export volumes maintain stable baseline trajectory across key markets,
2025-08-16,Americas (including U.S.),Financials,Financial,Financials,Financials Entity: Debt service obligations squeeze net liquidity across corporate division,
2025-08-16,Americas (including U.S.),Financials,Regulatory,Financials,Financials Entity: Bilateral trade restriction sanctions disrupt overseas supply channels,
2025-08-16,Americas (including U.S.),Consumer & Retail,Regulatory,Consumer,Consumer Entity: New carbon emission compliance laws impose cross-border export tariffs,
2025-08-16,Americas (including U.S.),Consumer & Retail,Strategic,Consumer,Consumer Entity: Delayed product transition threatens long-term sector competitiveness,
2025-08-16,Americas (including U.S.),Energy & Raw Materials,General (Neutral / Positive),Energy,Energy Entity: Quarterly operational targets met amid steady international demand,
2025-08-16,Americas (including U.S.),Energy & Raw Materials,Operational,Energy,Energy Entity: Transit port congestion creates transit bottleneck for key component parts,
2025-08-16,Americas (including U.S.),Energy & Raw Materials,General (Neutral / Positive),Energy,Energy Entity: Quarterly operational targets met amid steady international demand,
2025-08-16,Europe (EMEA),Industrials / Manufacturing,Regulatory,Industrials,Industrials Entity: New carbon emission compliance laws impose cross-border export tariffs,
2025-08-16,Europe (EMEA),Industrials / Manufacturing,Operational,Industrials,Industrials Entity: Raw material shortage forces temporary reduction in production targets,
2025-08-16,Europe (EMEA),Technology,General (Neutral / Positive),Technology,Technology Entity: Export volumes maintain stable baseline trajectory across key markets,
2025-08-16,Europe (EMEA),Technology,Regulatory,Technology,Technology Entity: Bilateral trade restriction sanctions disrupt overseas supply channels,
2025-08-16,Europe (EMEA),Technology,General (Neutral / Positive),Technology,Technology Entity: Export volumes maintain stable baseline trajectory across key markets,
2025-08-16,Europe (EMEA),Technology,Strategic,Technology,Technology Entity: Shifting consumer demand creates inventory obsolescence ahead of launch,
2025-08-16,Europe (EMEA),Financials,Regulatory,Financials,Financials Entity: Bilateral trade restriction sanctions disrupt overseas supply channels,
2025-08-16,Europe (EMEA),Financials,General (Neutral / Positive),Financials,Financials Entity: Export volumes maintain stable baseline trajectory across key markets,
2025-08-16,Europe (EMEA),Consumer & Retail,General (Neutral / Positive),Consumer,Consumer Entity: Export volumes maintain stable baseline trajectory across key markets,
2025-08-16,Europe (EMEA),Consumer & Retail,General (Neutral / Positive),Consumer,Consumer Entity: Export volumes maintain stable baseline trajectory across key markets,
2025-08-16,Europe (EMEA),Consumer & Retail,Operational,Consumer,Consumer Entity: Raw material shortage forces temporary reduction in production targets,
2025-08-16,Europe (EMEA),Consumer & Retail,Financial,Consumer,Consumer Entity: Debt service obligations squeeze net liquidity across corporate division,
2025-08-16,Europe (EMEA),Energy & Raw Materials,Financial,Energy,Energy Entity: Revenue miss triggers stock price volatility and credit rating review,
2025-08-16,Europe (EMEA),Energy & Raw Materials,Strategic,Energy,Energy Entity: Delayed product transition threatens long-term sector competitiveness,
2025-08-16,Asia (APAC),Industrials / Manufacturing,General (Neutral / Positive),Industrials,Industrials Entity: Quarterly operational targets met amid steady international demand,
2025-08-16,Asia (APAC),Industrials / Manufacturing,Strategic,Industrials,Industrials Entity: Failed corporate acquisition leaves regional expansion strategy unclear,
2025-08-16,Asia (APAC),Technology,Regulatory,Technology,Technology Entity: Antitrust regulatory body opens inquiry into regional market practices,
2025-08-16,Asia (APAC),Technology,General (Neutral / Positive),Technology,Technology Entity: Company announces expansion into automated production facilities,
2025-08-16,Asia (APAC),Financials,General (Neutral / Positive),Financials,Financials Entity: Export volumes maintain stable baseline trajectory across key markets,
2025-08-16,Asia (APAC),Financials,Strategic,Financials,Financials Entity: Market share loss accelerates as low-cost competitors expand reach,
2025-08-16,Asia (APAC),Financials,Operational,Financials,Financials Entity: Transit port congestion creates transit bottleneck for key component parts,
2025-08-16,Asia (APAC),Financials,Strategic,Financials,Financials Entity: Shifting consumer demand creates inventory obsolescence ahead of launch,
2025-08-16,Asia (APAC),Consumer & Retail,General (Neutral / Positive),Consumer,Consumer Entity: Export volumes maintain stable baseline trajectory across key markets,
2025-08-16,Asia (APAC),Consumer & Retail,Financial,Consumer,Consumer Entity: Credit downgrade warning issued following quarterly margin compression,
2025-08-16,Asia (APAC),Consumer & Retail,General (Neutral / Positive),Consumer,Consumer Entity: Export volumes maintain stable baseline trajectory across key markets,
2025-08-16,Asia (APAC),Consumer & Retail,General (Neutral / Positive),Consumer,Consumer Entity: Export volumes maintain stable baseline trajectory across key markets,
2025-08-16,Asia (APAC),Energy & Raw Materials,Operational,Energy,Energy Entity: Labor union strike halts manufacturing assembly lines across region,
2025-08-16,Asia (APAC),Energy & Raw Materials,General (Neutral / Positive),Energy,Energy Entity: Company announces expansion into automated production facilities,
2025-08-23,Global,Industrials / Manufacturing,Financial,Industrials,Industrials Entity: Credit downgrade warning issued following quarterly margin compression,
2025-08-23,Global,Industrials / Manufacturing,Regulatory,Industrials,Industrials Entity: Strict data privacy enforcement imposes steep non-compliance penalties,
2025-08-23,Global,Industrials / Manufacturing,General (Neutral / Positive),Industrials,Industrials Entity: Quarterly operational targets met amid steady international demand,
2025-08-23,Global,Industrials / Manufacturing,Operational,Industrials,Industrials Entity: Labor union strike halts manufacturing assembly lines across region,
2025-08-23,Global,Technology,Financial,Technology,Technology Entity: Credit downgrade warning issued following quarterly margin compression,
2025-08-23,Global,Technology,General (Neutral / Positive),Technology,Technology Entity: Export volumes maintain stable baseline trajectory across key markets,
2025-08-23,Global,Financials,Strategic,Financials,Financials Entity: Delayed product transition threatens long-term sector competitiveness,
2025-08-23,Global,Financials,General (Neutral / Positive),Financials,Financials Entity: Export volumes maintain stable baseline trajectory across key markets,
2025-08-23,Global,Consumer & Retail,Regulatory,Consumer,Consumer Entity: Strict data privacy enforcement imposes steep non-compliance penalties,
2025-08-23,Global,Consumer & Retail,Strategic,Consumer,Consumer Entity: Failed corporate acquisition leaves regional expansion strategy unclear,
2025-08-23,Global,Consumer & Retail,General (Neutral / Positive),Consumer,Consumer Entity: Export volumes maintain stable baseline trajectory across key markets,
2025-08-23,Global,Consumer & Retail,General (Neutral / Positive),Consumer,Consumer Entity: Export volumes maintain stable baseline trajectory across key markets,
2025-08-23,Global,Energy & Raw Materials,General (Neutral / Positive),Energy,Energy Entity: Company announces expansion into automated production facilities,
2025-08-23,Global,Energy & Raw Materials,Financial,Energy,Energy Entity: Credit downgrade warning issued following quarterly margin compression,
2025-08-23,Americas (including U.S.),Industrials / Manufacturing,General (Neutral / Positive),Industrials,Industrials Entity: Quarterly operational targets met amid steady international demand,
2025-08-23,Americas (including U.S.),Industrials / Manufacturing,Regulatory,Industrials,Industrials Entity: New carbon emission compliance laws impose cross-border export tariffs,
2025-08-23,Americas (including U.S.),Industrials / Manufacturing,General (Neutral / Positive),Industrials,Industrials Entity: Company announces expansion into automated production facilities,
2025-08-23,Americas (including U.S.),Technology,General (Neutral / Positive),Technology,Technology Entity: Strategic research partnership formed to drive clean energy innovation,
2025-08-23,Americas (including U.S.),Technology,Financial,Technology,Technology Entity: Debt service obligations squeeze net liquidity across corporate division,
2025-08-23,Americas (including U.S.),Technology,General (Neutral / Positive),Technology,Technology Entity: Company announces expansion into automated production facilities,
2025-08-23,Americas (including U.S.),Technology,Financial,Technology,Technology Entity: Revenue miss triggers stock price volatility and credit rating review,
2025-08-23,Americas (including U.S.),Financials,General (Neutral / Positive),Financials,Financials Entity: Quarterly operational targets met amid steady international demand,
2025-08-23,Americas (including U.S.),Financials,Strategic,Financials,Financials Entity: Failed corporate acquisition leaves regional expansion strategy unclear,
2025-08-23,Americas (including U.S.),Financials,General (Neutral / Positive),Financials,Financials Entity: Company announces expansion into automated production facilities,
2025-08-23,Americas (including U.S.),Consumer & Retail,Financial,Consumer,Consumer Entity: Revenue miss triggers stock price volatility and credit rating review,
2025-08-23,Americas (including U.S.),Consumer & Retail,Regulatory,Consumer,Consumer Entity: New carbon emission compliance laws impose cross-border export tariffs,
2025-08-23,Americas (including U.S.),Energy & Raw Materials,General (Neutral / Positive),Energy,Energy Entity: Company announces expansion into automated production facilities,
2025-08-23,Americas (including U.S.),Energy & Raw Materials,General (Neutral / Positive),Energy,Energy Entity: Company announces expansion into automated production facilities,
2025-08-23,Europe (EMEA),Industrials / Manufacturing,General (Neutral / Positive),Industrials,Industrials Entity: Quarterly operational targets met amid steady international demand,
2025-08-23,Europe (EMEA),Industrials / Manufacturing,General (Neutral / Positive),Industrials,Industrials Entity: Strategic research partnership formed to drive clean energy innovation,
2025-08-23,Europe (EMEA),Technology,Strategic,Technology,Technology Entity: Failed corporate acquisition leaves regional expansion strategy unclear,
2025-08-23,Europe (EMEA),Technology,Strategic,Technology,Technology Entity: Delayed product transition threatens long-term sector competitiveness,
2025-08-23,Europe (EMEA),Financials,Financial,Financials,Financials Entity: Revenue miss triggers stock price volatility and credit rating review,
2025-08-23,Europe (EMEA),Financials,Operational,Financials,Financials Entity: Transit port congestion creates transit bottleneck for key component parts,
2025-08-23,Europe (EMEA),Financials,Regulatory,Financials,Financials Entity: Antitrust regulatory body opens inquiry into regional market practices,
2025-08-23,Europe (EMEA),Financials,General (Neutral / Positive),Financials,Financials Entity: Export volumes maintain stable baseline trajectory across key markets,
2025-08-23,Europe (EMEA),Consumer & Retail,General (Neutral / Positive),Consumer,Consumer Entity: Strategic research partnership formed to drive clean energy innovation,
2025-08-23,Europe (EMEA),Consumer & Retail,General (Neutral / Positive),Consumer,Consumer Entity: Company announces expansion into automated production facilities,
2025-08-23,Europe (EMEA),Energy & Raw Materials,Strategic,Energy,Energy Entity: Shifting consumer demand creates inventory obsolescence ahead of launch,
2025-08-23,Europe (EMEA),Energy & Raw Materials,Operational,Energy,Energy Entity: Raw material shortage forces temporary reduction in production targets,
2025-08-23,Europe (EMEA),Energy & Raw Materials,Regulatory,Energy,Energy Entity: New carbon emission compliance laws impose cross-border export tariffs,
2025-08-23,Asia (APAC),Industrials / Manufacturing,General (Neutral / Positive),Industrials,Industrials Entity: Company announces expansion into automated production facilities,
2025-08-23,Asia (APAC),Industrials / Manufacturing,General (Neutral / Positive),Industrials,Industrials Entity: Company announces expansion into automated production facilities,
2025-08-23,Asia (APAC),Industrials / Manufacturing,Strategic,Industrials,Industrials Entity: Shifting consumer demand creates inventory obsolescence ahead of launch,
2025-08-23,Asia (APAC),Technology,General (Neutral / Positive),Technology,Technology Entity: Export volumes maintain stable baseline trajectory across key markets,
2025-08-23,Asia (APAC),Technology,Financial,Technology,Technology Entity: Revenue miss triggers stock price volatility and credit rating review,
2025-08-23,Asia (APAC),Technology,General (Neutral / Positive),Technology,Technology Entity: Company announces expansion into automated production facilities,
2025-08-23,Asia (APAC),Financials,Operational,Financials,Financials Entity: Factory plant outage reported due to critical microchip supply delays,
2025-08-23,Asia (APAC),Financials,General (Neutral / Positive),Financials,Financials Entity: Strategic research partnership formed to drive clean energy innovation,
2025-08-23,Asia (APAC),Financials,General (Neutral / Positive),Financials,Financials Entity: Quarterly operational targets met amid steady international demand,
2025-08-23,Asia (APAC),Consumer & Retail,Strategic,Consumer,Consumer Entity: Failed corporate acquisition leaves regional expansion strategy unclear,
2025-08-23,Asia (APAC),Consumer & Retail,Financial,Consumer,Consumer Entity: Inflationary cost pressures reduce operational cash flow estimates,
2025-08-23,Asia (APAC),Consumer & Retail,General (Neutral / Positive),Consumer,Consumer Entity: Export volumes maintain stable baseline trajectory across key markets,
2025-08-23,Asia (APAC),Energy & Raw Materials,Regulatory,Energy,Energy Entity: Strict data privacy enforcement imposes steep non-compliance penalties,
2025-08-23,Asia (APAC),Energy & Raw Materials,Strategic,Energy,Energy Entity: Delayed product transition threatens long-term sector competitiveness,
2025-08-23,Asia (APAC),Energy & Raw Materials,Operational,Energy,Energy Entity: Transit port congestion creates transit bottleneck for key component parts,
2025-08-30,Global,Industrials / Manufacturing,Operational,Industrials,Industrials Entity: Raw material shortage forces temporary reduction in production targets,
2025-08-30,Global,Industrials / Manufacturing,Financial,Industrials,Industrials Entity: Credit downgrade warning issued following quarterly margin compression,
2025-08-30,Global,Industrials / Manufacturing,Operational,Industrials,Industrials Entity: Labor union strike halts manufacturing assembly lines across region,
2025-08-30,Global,Technology,Financial,Technology,Technology Entity: Credit downgrade warning issued following quarterly margin compression,
2025-08-30,Global,Technology,Strategic,Technology,Technology Entity: Shifting consumer demand creates inventory obsolescence ahead of launch,
2025-08-30,Global,Technology,General (Neutral / Positive),Technology,Technology Entity: Export volumes maintain stable baseline trajectory across key markets,
2025-08-30,Global,Financials,Financial,Financials,Financials Entity: Revenue miss triggers stock price volatility and credit rating review,
2025-08-30,Global,Financials,General (Neutral / Positive),Financials,Financials Entity: Quarterly operational targets met amid steady international demand,
2025-08-30,Global,Consumer & Retail,General (Neutral / Positive),Consumer,Consumer Entity: Strategic research partnership formed to drive clean energy innovation,
2025-08-30,Global,Consumer & Retail,General (Neutral / Positive),Consumer,Consumer Entity: Quarterly operational targets met amid steady international demand,
2025-08-30,Global,Consumer & Retail,General (Neutral / Positive),Consumer,Consumer Entity: Quarterly operational targets met amid steady international demand,
2025-08-30,Global,Consumer & Retail,Regulatory,Consumer,Consumer Entity: New carbon emission compliance laws impose cross-border export tariffs,
2025-08-30,Global,Energy & Raw Materials,Strategic,Energy,Energy Entity: Delayed product transition threatens long-term sector competitiveness,
2025-08-30,Global,Energy & Raw Materials,General (Neutral / Positive),Energy,Energy Entity: Export volumes maintain stable baseline trajectory across key markets,
2025-08-30,Global,Energy & Raw Materials,General (Neutral / Positive),Energy,Energy Entity: Strategic research partnership formed to drive clean energy innovation,
2025-08-30,Global,Energy & Raw Materials,Regulatory,Energy,Energy Entity: Bilateral trade restriction sanctions disrupt overseas supply channels,
2025-08-30,Americas (including U.S.),Industrials / Manufacturing,General (Neutral / Positive),Industrials,Industrials Entity: Strategic research partnership formed to drive clean energy innovation,
2025-08-30,Americas (including U.S.),Industrials / Manufacturing,Regulatory,Industrials,Industrials Entity: New carbon emission compliance laws impose cross-border export tariffs,
2025-08-30,Americas (including U.S.),Technology,Financial,Technology,Technology Entity: Revenue miss triggers stock price volatility and credit rating review,
2025-08-30,Americas (including U.S.),Technology,Operational,Technology,Technology Entity: Raw material shortage forces temporary reduction in production targets,
2025-08-30,Americas (including U.S.),Technology,Financial,Technology,Technology Entity: Inflationary cost pressures reduce operational cash flow estimates,
2025-08-30,Americas (including U.S.),Financials,Regulatory,Financials,Financials Entity: New carbon emission compliance laws impose cross-border export tariffs,
2025-08-30,Americas (including U.S.),Financials,General (Neutral / Positive),Financials,Financials Entity: Company announces expansion into automated production facilities,
2025-08-30,Americas (including U.S.),Consumer & Retail,General (Neutral / Positive),Consumer,Consumer Entity: Company announces expansion into automated production facilities,
2025-08-30,Americas (including U.S.),Consumer & Retail,General (Neutral / Positive),Consumer,Consumer Entity: Strategic research partnership formed to drive clean energy innovation,
2025-08-30,Americas (including U.S.),Consumer & Retail,Operational,Consumer,Consumer Entity: Transit port congestion creates transit bottleneck for key component parts,
2025-08-30,Americas (including U.S.),Consumer & Retail,Operational,Consumer,Consumer Entity: Factory plant outage reported due to critical microchip supply delays,
2025-08-30,Americas (including U.S.),Energy & Raw Materials,Operational,Energy,Energy Entity: Raw material shortage forces temporary reduction in production targets,
2025-08-30,Americas (including U.S.),Energy & Raw Materials,Operational,Energy,Energy Entity: Factory plant outage reported due to critical microchip supply delays,
2025-08-30,Americas (including U.S.),Energy & Raw Materials,General (Neutral / Positive),Energy,Energy Entity: Quarterly operational targets met amid steady international demand,
2025-08-30,Americas (including U.S.),Energy & Raw Materials,Strategic,Energy,Energy Entity: Shifting consumer demand creates inventory obsolescence ahead of launch,
2025-08-30,Europe (EMEA),Industrials / Manufacturing,General (Neutral / Positive),Industrials,Industrials Entity: Quarterly operational targets met amid steady international demand,
2025-08-30,Europe (EMEA),Industrials / Manufacturing,Regulatory,Industrials,Industrials Entity: Bilateral trade restriction sanctions disrupt overseas supply channels,
2025-08-30,Europe (EMEA),Industrials / Manufacturing,Regulatory,Industrials,Industrials Entity: Strict data privacy enforcement imposes steep non-compliance penalties,
2025-08-30,Europe (EMEA),Industrials / Manufacturing,General (Neutral / Positive),Industrials,Industrials Entity: Export volumes maintain stable baseline trajectory across key markets,
2025-08-30,Europe (EMEA),Technology,Financial,Technology,Technology Entity: Revenue miss triggers stock price volatility and credit rating review,
2025-08-30,Europe (EMEA),Technology,Strategic,Technology,Technology Entity: Shifting consumer demand creates inventory obsolescence ahead of launch,
2025-08-30,Europe (EMEA),Financials,Financial,Financials,Financials Entity: Revenue miss triggers stock price volatility and credit rating review,
2025-08-30,Europe (EMEA),Financials,General (Neutral / Positive),Financials,Financials Entity: Quarterly operational targets met amid steady international demand,
2025-08-30,Europe (EMEA),Financials,General (Neutral / Positive),Financials,Financials Entity: Strategic research partnership formed to drive clean energy innovation,
2025-08-30,Europe (EMEA),Financials,General (Neutral / Positive),Financials,Financials Entity: Export volumes maintain stable baseline trajectory across key markets,
2025-08-30,Europe (EMEA),Consumer & Retail,Strategic,Consumer,Consumer Entity: Delayed product transition threatens long-term sector competitiveness,
2025-08-30,Europe (EMEA),Consumer & Retail,General (Neutral / Positive),Consumer,Consumer Entity: Strategic research partnership formed to drive clean energy innovation,
2025-08-30,Europe (EMEA),Consumer & Retail,Strategic,Consumer,Consumer Entity: Failed corporate acquisition leaves regional expansion strategy unclear,
2025-08-30,Europe (EMEA),Energy & Raw Materials,Strategic,Energy,Energy Entity: Delayed product transition threatens long-term sector competitiveness,
2025-08-30,Europe (EMEA),Energy & Raw Materials,Regulatory,Energy,Energy Entity: Bilateral trade restriction sanctions disrupt overseas supply channels,
2025-08-30,Europe (EMEA),Energy & Raw Materials,Strategic,Energy,Energy Entity: Failed corporate acquisition leaves regional expansion strategy unclear,
2025-08-30,Asia (APAC),Industrials / Manufacturing,General (Neutral / Positive),Industrials,Industrials Entity: Company announces expansion into automated production facilities,
2025-08-30,Asia (APAC),Industrials / Manufacturing,General (Neutral / Positive),Industrials,Industrials Entity: Quarterly operational targets met amid steady international demand,
2025-08-30,Asia (APAC),Industrials / Manufacturing,General (Neutral / Positive),Industrials,Industrials Entity: Quarterly operational targets met amid steady international demand,
2025-08-30,Asia (APAC),Technology,Operational,Technology,Technology Entity: Raw material shortage forces temporary reduction in production targets,
2025-08-30,Asia (APAC),Technology,Financial,Technology,Technology Entity: Debt service obligations squeeze net liquidity across corporate division,
2025-08-30,Asia (APAC),Financials,Strategic,Financials,Financials Entity: Delayed product transition threatens long-term sector competitiveness,
2025-08-30,Asia (APAC),Financials,General (Neutral / Positive),Financials,Financials Entity: Export volumes maintain stable baseline trajectory across key markets,
2025-08-30,Asia (APAC),Consumer & Retail,Financial,Consumer,Consumer Entity: Credit downgrade warning issued following quarterly margin compression,
2025-08-30,Asia (APAC),Consumer & Retail,Regulatory,Consumer,Consumer Entity: Strict data privacy enforcement imposes steep non-compliance penalties,
2025-08-30,Asia (APAC),Consumer & Retail,Operational,Consumer,Consumer Entity: Transit port congestion creates transit bottleneck for key component parts,
2025-08-30,Asia (APAC),Consumer & Retail,General (Neutral / Positive),Consumer,Consumer Entity: Export volumes maintain stable baseline trajectory across key markets,
2025-08-30,Asia (APAC),Energy & Raw Materials,General (Neutral / Positive),Energy,Energy Entity: Strategic research partnership formed to drive clean energy innovation,
2025-08-30,Asia (APAC),Energy & Raw Materials,Regulatory,Energy,Energy Entity: Strict data privacy enforcement imposes steep non-compliance penalties,
2025-09-06,Global,Industrials / Manufacturing,General (Neutral / Positive),Industrials,Industrials Entity: Strategic research partnership formed to drive clean energy innovation,
2025-09-06,Global,Industrials / Manufacturing,Financial,Industrials,Industrials Entity: Credit downgrade warning issued following quarterly margin compression,
2025-09-06,Global,Industrials / Manufacturing,Strategic,Industrials,Industrials Entity: Delayed product transition threatens long-term sector competitiveness,
2025-09-06,Global,Technology,Financial,Technology,Technology Entity: Debt service obligations squeeze net liquidity across corporate division,
2025-09-06,Global,Technology,Financial,Technology,Technology Entity: Credit downgrade warning issued following quarterly margin compression,
2025-09-06,Global,Financials,General (Neutral / Positive),Financials,Financials Entity: Company announces expansion into automated production facilities,
2025-09-06,Global,Financials,Regulatory,Financials,Financials Entity: New carbon emission compliance laws impose cross-border export tariffs,
2025-09-06,Global,Financials,Strategic,Financials,Financials Entity: Delayed product transition threatens long-term sector competitiveness,
2025-09-06,Global,Consumer & Retail,Regulatory,Consumer,Consumer Entity: Antitrust regulatory body opens inquiry into regional market practices,
2025-09-06,Global,Consumer & Retail,Financial,Consumer,Consumer Entity: Debt service obligations squeeze net liquidity across corporate division,
2025-09-06,Global,Energy & Raw Materials,General (Neutral / Positive),Energy,Energy Entity: Company announces expansion into automated production facilities,
2025-09-06,Global,Energy & Raw Materials,Financial,Energy,Energy Entity: Inflationary cost pressures reduce operational cash flow estimates,
2025-09-06,Global,Energy & Raw Materials,General (Neutral / Positive),Energy,Energy Entity: Company announces expansion into automated production facilities,
2025-09-06,Global,Energy & Raw Materials,Regulatory,Energy,Energy Entity: Strict data privacy enforcement imposes steep non-compliance penalties,
2025-09-06,Americas (including U.S.),Industrials / Manufacturing,Regulatory,Industrials,Industrials Entity: Strict data privacy enforcement imposes steep non-compliance penalties,
2025-09-06,Americas (including U.S.),Industrials / Manufacturing,Regulatory,Industrials,Industrials Entity: Antitrust regulatory body opens inquiry into regional market practices,
2025-09-06,Americas (including U.S.),Industrials / Manufacturing,General (Neutral / Positive),Industrials,Industrials Entity: Quarterly operational targets met amid steady international demand,
2025-09-06,Americas (including U.S.),Industrials / Manufacturing,Regulatory,Industrials,Industrials Entity: New carbon emission compliance laws impose cross-border export tariffs,
2025-09-06,Americas (including U.S.),Technology,Financial,Technology,Technology Entity: Inflationary cost pressures reduce operational cash flow estimates,
2025-09-06,Americas (including U.S.),Technology,Financial,Technology,Technology Entity: Revenue miss triggers stock price volatility and credit rating review,
2025-09-06,Americas (including U.S.),Technology,General (Neutral / Positive),Technology,Technology Entity: Quarterly operational targets met amid steady international demand,
2025-09-06,Americas (including U.S.),Financials,Regulatory,Financials,Financials Entity: New carbon emission compliance laws impose cross-border export tariffs,
2025-09-06,Americas (including U.S.),Financials,General (Neutral / Positive),Financials,Financials Entity: Quarterly operational targets met amid steady international demand,
2025-09-06,Americas (including U.S.),Financials,Regulatory,Financials,Financials Entity: Bilateral trade restriction sanctions disrupt overseas supply channels,
2025-09-06,Americas (including U.S.),Financials,Financial,Financials,Financials Entity: Revenue miss triggers stock price volatility and credit rating review,
2025-09-06,Americas (including U.S.),Consumer & Retail,Operational,Consumer,Consumer Entity: Labor union strike halts manufacturing assembly lines across region,
2025-09-06,Americas (including U.S.),Consumer & Retail,Strategic,Consumer,Consumer Entity: Failed corporate acquisition leaves regional expansion strategy unclear,
2025-09-06,Americas (including U.S.),Energy & Raw Materials,Strategic,Energy,Energy Entity: Shifting consumer demand creates inventory obsolescence ahead of launch,
2025-09-06,Americas (including U.S.),Energy & Raw Materials,Operational,Energy,Energy Entity: Factory plant outage reported due to critical microchip supply delays,
2025-09-06,Americas (including U.S.),Energy & Raw Materials,Regulatory,Energy,Energy Entity: Strict data privacy enforcement imposes steep non-compliance penalties,
2025-09-06,Europe (EMEA),Industrials / Manufacturing,General (Neutral / Positive),Industrials,Industrials Entity: Company announces expansion into automated production facilities,
2025-09-06,Europe (EMEA),Industrials / Manufacturing,Regulatory,Industrials,Industrials Entity: Strict data privacy enforcement imposes steep non-compliance penalties,
2025-09-06,Europe (EMEA),Industrials / Manufacturing,Regulatory,Industrials,Industrials Entity: Antitrust regulatory body opens inquiry into regional market practices,
2025-09-06,Europe (EMEA),Technology,General (Neutral / Positive),Technology,Technology Entity: Company announces expansion into automated production facilities,
2025-09-06,Europe (EMEA),Technology,Regulatory,Technology,Technology Entity: Antitrust regulatory body opens inquiry into regional market practices,
2025-09-06,Europe (EMEA),Technology,Operational,Technology,Technology Entity: Transit port congestion creates transit bottleneck for key component parts,
2025-09-06,Europe (EMEA),Technology,General (Neutral / Positive),Technology,Technology Entity: Export volumes maintain stable baseline trajectory across key markets,
2025-09-06,Europe (EMEA),Financials,Operational,Financials,Financials Entity: Labor union strike halts manufacturing assembly lines across region,
2025-09-06,Europe (EMEA),Financials,General (Neutral / Positive),Financials,Financials Entity: Company announces expansion into automated production facilities,
2025-09-06,Europe (EMEA),Financials,General (Neutral / Positive),Financials,Financials Entity: Company announces expansion into automated production facilities,
2025-09-06,Europe (EMEA),Consumer & Retail,Operational,Consumer,Consumer Entity: Transit port congestion creates transit bottleneck for key component parts,
2025-09-06,Europe (EMEA),Consumer & Retail,Operational,Consumer,Consumer Entity: Raw material shortage forces temporary reduction in production targets,
2025-09-06,Europe (EMEA),Consumer & Retail,General (Neutral / Positive),Consumer,Consumer Entity: Quarterly operational targets met amid steady international demand,
2025-09-06,Europe (EMEA),Energy & Raw Materials,General (Neutral / Positive),Energy,Energy Entity: Export volumes maintain stable baseline trajectory across key markets,
2025-09-06,Europe (EMEA),Energy & Raw Materials,General (Neutral / Positive),Energy,Energy Entity: Strategic research partnership formed to drive clean energy innovation,
2025-09-06,Europe (EMEA),Energy & Raw Materials,Financial,Energy,Energy Entity: Revenue miss triggers stock price volatility and credit rating review,
2025-09-06,Asia (APAC),Industrials / Manufacturing,General (Neutral / Positive),Industrials,Industrials Entity: Strategic research partnership formed to drive clean energy innovation,
2025-09-06,Asia (APAC),Industrials / Manufacturing,General (Neutral / Positive),Industrials,Industrials Entity: Export volumes maintain stable baseline trajectory across key markets,
2025-09-06,Asia (APAC),Technology,General (Neutral / Positive),Technology,Technology Entity: Quarterly operational targets met amid steady international demand,
2025-09-06,Asia (APAC),Technology,General (Neutral / Positive),Technology,Technology Entity: Quarterly operational targets met amid steady international demand,
2025-09-06,Asia (APAC),Technology,Operational,Technology,Technology Entity: Labor union strike halts manufacturing assembly lines across region,
2025-09-06,Asia (APAC),Technology,General (Neutral / Positive),Technology,Technology Entity: Quarterly operational targets met amid steady international demand,
2025-09-06,Asia (APAC),Financials,Regulatory,Financials,Financials Entity: Antitrust regulatory body opens inquiry into regional market practices,
2025-09-06,Asia (APAC),Financials,Operational,Financials,Financials Entity: Raw material shortage forces temporary reduction in production targets,
2025-09-06,Asia (APAC),Financials,Operational,Financials,Financials Entity: Transit port congestion creates transit bottleneck for key component parts,
2025-09-06,Asia (APAC),Financials,Strategic,Financials,Financials Entity: Failed corporate acquisition leaves regional expansion strategy unclear,
2025-09-06,Asia (APAC),Consumer & Retail,General (Neutral / Positive),Consumer,Consumer Entity: Export volumes maintain stable baseline trajectory across key markets,
2025-09-06,Asia (APAC),Consumer & Retail,Financial,Consumer,Consumer Entity: Debt service obligations squeeze net liquidity across corporate division,
2025-09-06,Asia (APAC),Energy & Raw Materials,Operational,Energy,Energy Entity: Factory plant outage reported due to critical microchip supply delays,
2025-09-06,Asia (APAC),Energy & Raw Materials,Regulatory,Energy,Energy Entity: Bilateral trade restriction sanctions disrupt overseas supply channels,
2025-09-06,Asia (APAC),Energy & Raw Materials,Regulatory,Energy,Energy Entity: Bilateral trade restriction sanctions disrupt overseas supply channels,
2025-09-13,Global,Industrials / Manufacturing,Financial,Industrials,Industrials Entity: Debt service obligations squeeze net liquidity across corporate division,
2025-09-13,Global,Industrials / Manufacturing,Regulatory,Industrials,Industrials Entity: New carbon emission compliance laws impose cross-border export tariffs,
2025-09-13,Global,Industrials / Manufacturing,Financial,Industrials,Industrials Entity: Inflationary cost pressures reduce operational cash flow estimates,
2025-09-13,Global,Industrials / Manufacturing,Operational,Industrials,Industrials Entity: Raw material shortage forces temporary reduction in production targets,
2025-09-13,Global,Technology,Financial,Technology,Technology Entity: Revenue miss triggers stock price volatility and credit rating review,
2025-09-13,Global,Technology,General (Neutral / Positive),Technology,Technology Entity: Company announces expansion into automated production facilities,
2025-09-13,Global,Technology,Financial,Technology,Technology Entity: Revenue miss triggers stock price volatility and credit rating review,
2025-09-13,Global,Financials,Strategic,Financials,Financials Entity: Delayed product transition threatens long-term sector competitiveness,
2025-09-13,Global,Financials,Financial,Financials,Financials Entity: Credit downgrade warning issued following quarterly margin compression,
2025-09-13,Global,Financials,General (Neutral / Positive),Financials,Financials Entity: Export volumes maintain stable baseline trajectory across key markets,
2025-09-13,Global,Consumer & Retail,Financial,Consumer,Consumer Entity: Inflationary cost pressures reduce operational cash flow estimates,
2025-09-13,Global,Consumer & Retail,General (Neutral / Positive),Consumer,Consumer Entity: Quarterly operational targets met amid steady international demand,
2025-09-13,Global,Consumer & Retail,Operational,Consumer,Consumer Entity: Labor union strike halts manufacturing assembly lines across region,
2025-09-13,Global,Energy & Raw Materials,General (Neutral / Positive),Energy,Energy Entity: Quarterly operational targets met amid steady international demand,
2025-09-13,Global,Energy & Raw Materials,Financial,Energy,Energy Entity: Credit downgrade warning issued following quarterly margin compression,
2025-09-13,Americas (including U.S.),Industrials / Manufacturing,General (Neutral / Positive),Industrials,Industrials Entity: Quarterly operational targets met amid steady international demand,
2025-09-13,Americas (including U.S.),Industrials / Manufacturing,General (Neutral / Positive),Industrials,Industrials Entity: Strategic research partnership formed to drive clean energy innovation,
2025-09-13,Americas (including U.S.),Industrials / Manufacturing,Operational,Industrials,Industrials Entity: Factory plant outage reported due to critical microchip supply delays,
2025-09-13,Americas (including U.S.),Industrials / Manufacturing,Operational,Industrials,Industrials Entity: Transit port congestion creates transit bottleneck for key component parts,
2025-09-13,Americas (including U.S.),Technology,General (Neutral / Positive),Technology,Technology Entity: Company announces expansion into automated production facilities,
2025-09-13,Americas (including U.S.),Technology,General (Neutral / Positive),Technology,Technology Entity: Company announces expansion into automated production facilities,
2025-09-13,Americas (including U.S.),Technology,General (Neutral / Positive),Technology,Technology Entity: Export volumes maintain stable baseline trajectory across key markets,
2025-09-13,Americas (including U.S.),Financials,General (Neutral / Positive),Financials,Financials Entity: Export volumes maintain stable baseline trajectory across key markets,
2025-09-13,Americas (including U.S.),Financials,Regulatory,Financials,Financials Entity: Antitrust regulatory body opens inquiry into regional market practices,
2025-09-13,Americas (including U.S.),Financials,Regulatory,Financials,Financials Entity: Bilateral trade restriction sanctions disrupt overseas supply channels,
2025-09-13,Americas (including U.S.),Financials,Regulatory,Financials,Financials Entity: New carbon emission compliance laws impose cross-border export tariffs,
2025-09-13,Americas (including U.S.),Consumer & Retail,General (Neutral / Positive),Consumer,Consumer Entity: Strategic research partnership formed to drive clean energy innovation,
2025-09-13,Americas (including U.S.),Consumer & Retail,Regulatory,Consumer,Consumer Entity: New carbon emission compliance laws impose cross-border export tariffs,
2025-09-13,Americas (including U.S.),Energy & Raw Materials,Regulatory,Energy,Energy Entity: Antitrust regulatory body opens inquiry into regional market practices,
2025-09-13,Americas (including U.S.),Energy & Raw Materials,General (Neutral / Positive),Energy,Energy Entity: Strategic research partnership formed to drive clean energy innovation,
2025-09-13,Americas (including U.S.),Energy & Raw Materials,General (Neutral / Positive),Energy,Energy Entity: Quarterly operational targets met amid steady international demand,
2025-09-13,Americas (including U.S.),Energy & Raw Materials,Financial,Energy,Energy Entity: Revenue miss triggers stock price volatility and credit rating review,
2025-09-13,Europe (EMEA),Industrials / Manufacturing,General (Neutral / Positive),Industrials,Industrials Entity: Export volumes maintain stable baseline trajectory across key markets,
2025-09-13,Europe (EMEA),Industrials / Manufacturing,General (Neutral / Positive),Industrials,Industrials Entity: Strategic research partnership formed to drive clean energy innovation,
2025-09-13,Europe (EMEA),Industrials / Manufacturing,General (Neutral / Positive),Industrials,Industrials Entity: Quarterly operational targets met amid steady international demand,
2025-09-13,Europe (EMEA),Industrials / Manufacturing,General (Neutral / Positive),Industrials,Industrials Entity: Company announces expansion into automated production facilities,
2025-09-13,Europe (EMEA),Technology,General (Neutral / Positive),Technology,Technology Entity: Company announces expansion into automated production facilities,
2025-09-13,Europe (EMEA),Technology,Financial,Technology,Technology Entity: Debt service obligations squeeze net liquidity across corporate division,
2025-09-13,Europe (EMEA),Financials,General (Neutral / Positive),Financials,Financials Entity: Strategic research partnership formed to drive clean energy innovation,
2025-09-13,Europe (EMEA),Financials,General (Neutral / Positive),Financials,Financials Entity: Quarterly operational targets met amid steady international demand,
2025-09-13,Europe (EMEA),Financials,General (Neutral / Positive),Financials,Financials Entity: Strategic research partnership formed to drive clean energy innovation,
2025-09-13,Europe (EMEA),Consumer & Retail,General (Neutral / Positive),Consumer,Consumer Entity: Export volumes maintain stable baseline trajectory across key markets,
2025-09-13,Europe (EMEA),Consumer & Retail,General (Neutral / Positive),Consumer,Consumer Entity: Strategic research partnership formed to drive clean energy innovation,
2025-09-13,Europe (EMEA),Consumer & Retail,General (Neutral / Positive),Consumer,Consumer Entity: Company announces expansion into automated production facilities,
2025-09-13,Europe (EMEA),Consumer & Retail,Regulatory,Consumer,Consumer Entity: Strict data privacy enforcement imposes steep non-compliance penalties,
2025-09-13,Europe (EMEA),Energy & Raw Materials,General (Neutral / Positive),Energy,Energy Entity: Strategic research partnership formed to drive clean energy innovation,
2025-09-13,Europe (EMEA),Energy & Raw Materials,Regulatory,Energy,Energy Entity: Strict data privacy enforcement imposes steep non-compliance penalties,
2025-09-13,Asia (APAC),Industrials / Manufacturing,Operational,Industrials,Industrials Entity: Factory plant outage reported due to critical microchip supply delays,
2025-09-13,Asia (APAC),Industrials / Manufacturing,General (Neutral / Positive),Industrials,Industrials Entity: Quarterly operational targets met amid steady international demand,
2025-09-13,Asia (APAC),Industrials / Manufacturing,General (Neutral / Positive),Industrials,Industrials Entity: Quarterly operational targets met amid steady international demand,
2025-09-13,Asia (APAC),Technology,Strategic,Technology,Technology Entity: Failed corporate acquisition leaves regional expansion strategy unclear,
2025-09-13,Asia (APAC),Technology,Operational,Technology,Technology Entity: Labor union strike halts manufacturing assembly lines across region,
2025-09-13,Asia (APAC),Technology,Operational,Technology,Technology Entity: Factory plant outage reported due to critical microchip supply delays,
2025-09-13,Asia (APAC),Financials,Financial,Financials,Financials Entity: Credit downgrade warning issued following quarterly margin compression,
2025-09-13,Asia (APAC),Financials,Financial,Financials,Financials Entity: Inflationary cost pressures reduce operational cash flow estimates,
2025-09-13,Asia (APAC),Financials,Regulatory,Financials,Financials Entity: Strict data privacy enforcement imposes steep non-compliance penalties,
2025-09-13,Asia (APAC),Consumer & Retail,General (Neutral / Positive),Consumer,Consumer Entity: Export volumes maintain stable baseline trajectory across key markets,
2025-09-13,Asia (APAC),Consumer & Retail,General (Neutral / Positive),Consumer,Consumer Entity: Company announces expansion into automated production facilities,
2025-09-13,Asia (APAC),Energy & Raw Materials,General (Neutral / Positive),Energy,Energy Entity: Quarterly operational targets met amid steady international demand,
2025-09-13,Asia (APAC),Energy & Raw Materials,Financial,Energy,Energy Entity: Debt service obligations squeeze net liquidity across corporate division,
2025-09-13,Asia (APAC),Energy & Raw Materials,General (Neutral / Positive),Energy,Energy Entity: Quarterly operational targets met amid steady international demand,
2025-09-13,Asia (APAC),Energy & Raw Materials,General (Neutral / Positive),Energy,Energy Entity: Company announces expansion into automated production facilities,
2025-09-20,Global,Industrials / Manufacturing,Operational,Industrials,Industrials Entity: Transit port congestion creates transit bottleneck for key component parts,
2025-09-20,Global,Industrials / Manufacturing,General (Neutral / Positive),Industrials,Industrials Entity: Quarterly operational targets met amid steady international demand,
2025-09-20,Global,Industrials / Manufacturing,General (Neutral / Positive),Industrials,Industrials Entity: Company announces expansion into automated production facilities,
2025-09-20,Global,Technology,Strategic,Technology,Technology Entity: Failed corporate acquisition leaves regional expansion strategy unclear,
2025-09-20,Global,Technology,Regulatory,Technology,Technology Entity: New carbon emission compliance laws impose cross-border export tariffs,
2025-09-20,Global,Technology,Strategic,Technology,Technology Entity: Market share loss accelerates as low-cost competitors expand reach,
2025-09-20,Global,Technology,Strategic,Technology,Technology Entity: Shifting consumer demand creates inventory obsolescence ahead of launch,
2025-09-20,Global,Financials,Financial,Financials,Financials Entity: Credit downgrade warning issued following quarterly margin compression,
2025-09-20,Global,Financials,Financial,Financials,Financials Entity: Inflationary cost pressures reduce operational cash flow estimates,
2025-09-20,Global,Consumer & Retail,General (Neutral / Positive),Consumer,Consumer Entity: Quarterly operational targets met amid steady international demand,
2025-09-20,Global,Consumer & Retail,Strategic,Consumer,Consumer Entity: Delayed product transition threatens long-term sector competitiveness,
2025-09-20,Global,Energy & Raw Materials,General (Neutral / Positive),Energy,Energy Entity: Company announces expansion into automated production facilities,
2025-09-20,Global,Energy & Raw Materials,Regulatory,Energy,Energy Entity: Bilateral trade restriction sanctions disrupt overseas supply channels,
2025-09-20,Global,Energy & Raw Materials,Regulatory,Energy,Energy Entity: Bilateral trade restriction sanctions disrupt overseas supply channels,
2025-09-20,Global,Energy & Raw Materials,Operational,Energy,Energy Entity: Factory plant outage reported due to critical microchip supply delays,
2025-09-20,Americas (including U.S.),Industrials / Manufacturing,Operational,Industrials,Industrials Entity: Factory plant outage reported due to critical microchip supply delays,
2025-09-20,Americas (including U.S.),Industrials / Manufacturing,General (Neutral / Positive),Industrials,Industrials Entity: Company announces expansion into automated production facilities,
2025-09-20,Americas (including U.S.),Industrials / Manufacturing,General (Neutral / Positive),Industrials,Industrials Entity: Strategic research partnership formed to drive clean energy innovation,
2025-09-20,Americas (including U.S.),Industrials / Manufacturing,General (Neutral / Positive),Industrials,Industrials Entity: Export volumes maintain stable baseline trajectory across key markets,
2025-09-20,Americas (including U.S.),Technology,General (Neutral / Positive),Technology,Technology Entity: Strategic research partnership formed to drive clean energy innovation,
2025-09-20,Americas (including U.S.),Technology,General (Neutral / Positive),Technology,Technology Entity: Company announces expansion into automated production facilities,
2025-09-20,Americas (including U.S.),Technology,Financial,Technology,Technology Entity: Debt service obligations squeeze net liquidity across corporate division,
2025-09-20,Americas (including U.S.),Financials,Financial,Financials,Financials Entity: Credit downgrade warning issued following quarterly margin compression,
2025-09-20,Americas (including U.S.),Financials,Operational,Financials,Financials Entity: Labor union strike halts manufacturing assembly lines across region,
2025-09-20,Americas (including U.S.),Financials,Regulatory,Financials,Financials Entity: New carbon emission compliance laws impose cross-border export tariffs,
2025-09-20,Americas (including U.S.),Consumer & Retail,General (Neutral / Positive),Consumer,Consumer Entity: Strategic research partnership formed to drive clean energy innovation,
2025-09-20,Americas (including U.S.),Consumer & Retail,General (Neutral / Positive),Consumer,Consumer Entity: Quarterly operational targets met amid steady international demand,
2025-09-20,Americas (including U.S.),Consumer & Retail,Operational,Consumer,Consumer Entity: Factory plant outage reported due to critical microchip supply delays,
2025-09-20,Americas (including U.S.),Energy & Raw Materials,Financial,Energy,Energy Entity: Debt service obligations squeeze net liquidity across corporate division,
2025-09-20,Americas (including U.S.),Energy & Raw Materials,General (Neutral / Positive),Energy,Energy Entity: Strategic research partnership formed to drive clean energy innovation,
2025-09-20,Europe (EMEA),Industrials / Manufacturing,Operational,Industrials,Industrials Entity: Labor union strike halts manufacturing assembly lines across region,
2025-09-20,Europe (EMEA),Industrials / Manufacturing,Regulatory,Industrials,Industrials Entity: Antitrust regulatory body opens inquiry into regional market practices,
2025-09-20,Europe (EMEA),Industrials / Manufacturing,Regulatory,Industrials,Industrials Entity: New carbon emission compliance laws impose cross-border export tariffs,
2025-09-20,Europe (EMEA),Technology,Regulatory,Technology,Technology Entity: Bilateral trade restriction sanctions disrupt overseas supply channels,
2025-09-20,Europe (EMEA),Technology,Operational,Technology,Technology Entity: Factory plant outage reported due to critical microchip supply delays,
2025-09-20,Europe (EMEA),Technology,Strategic,Technology,Technology Entity: Failed corporate acquisition leaves regional expansion strategy unclear,
2025-09-20,Europe (EMEA),Financials,General (Neutral / Positive),Financials,Financials Entity: Quarterly operational targets met amid steady international demand,
2025-09-20,Europe (EMEA),Financials,Operational,Financials,Financials Entity: Transit port congestion creates transit bottleneck for key component parts,
2025-09-20,Europe (EMEA),Financials,Regulatory,Financials,Financials Entity: New carbon emission compliance laws impose cross-border export tariffs,
2025-09-20,Europe (EMEA),Financials,Financial,Financials,Financials Entity: Inflationary cost pressures reduce operational cash flow estimates,
2025-09-20,Europe (EMEA),Consumer & Retail,General (Neutral / Positive),Consumer,Consumer Entity: Export volumes maintain stable baseline trajectory across key markets,
2025-09-20,Europe (EMEA),Consumer & Retail,Financial,Consumer,Consumer Entity: Revenue miss triggers stock price volatility and credit rating review,
2025-09-20,Europe (EMEA),Consumer & Retail,Operational,Consumer,Consumer Entity: Labor union strike halts manufacturing assembly lines across region,
2025-09-20,Europe (EMEA),Energy & Raw Materials,Regulatory,Energy,Energy Entity: Strict data privacy enforcement imposes steep non-compliance penalties,
2025-09-20,Europe (EMEA),Energy & Raw Materials,Financial,Energy,Energy Entity: Revenue miss triggers stock price volatility and credit rating review,
2025-09-20,Europe (EMEA),Energy & Raw Materials,Regulatory,Energy,Energy Entity: Bilateral trade restriction sanctions disrupt overseas supply channels,
2025-09-20,Europe (EMEA),Energy & Raw Materials,General (Neutral / Positive),Energy,Energy Entity: Strategic research partnership formed to drive clean energy innovation,
2025-09-20,Asia (APAC),Industrials / Manufacturing,General (Neutral / Positive),Industrials,Industrials Entity: Export volumes maintain stable baseline trajectory across key markets,
2025-09-20,Asia (APAC),Industrials / Manufacturing,General (Neutral / Positive),Industrials,Industrials Entity: Export volumes maintain stable baseline trajectory across key markets,
2025-09-20,Asia (APAC),Industrials / Manufacturing,General (Neutral / Positive),Industrials,Industrials Entity: Export volumes maintain stable baseline trajectory across key markets,
2025-09-20,Asia (APAC),Technology,Financial,Technology,Technology Entity: Debt service obligations squeeze net liquidity across corporate division,
2025-09-20,Asia (APAC),Technology,Operational,Technology,Technology Entity: Raw material shortage forces temporary reduction in production targets,
2025-09-20,Asia (APAC),Financials,Financial,Financials,Financials Entity: Revenue miss triggers stock price volatility and credit rating review,
2025-09-20,Asia (APAC),Financials,General (Neutral / Positive),Financials,Financials Entity: Company announces expansion into automated production facilities,
2025-09-20,Asia (APAC),Financials,Financial,Financials,Financials Entity: Credit downgrade warning issued following quarterly margin compression,
2025-09-20,Asia (APAC),Consumer & Retail,Regulatory,Consumer,Consumer Entity: Strict data privacy enforcement imposes steep non-compliance penalties,
2025-09-20,Asia (APAC),Consumer & Retail,General (Neutral / Positive),Consumer,Consumer Entity: Company announces expansion into automated production facilities,
2025-09-20,Asia (APAC),Consumer & Retail,General (Neutral / Positive),Consumer,Consumer Entity: Export volumes maintain stable baseline trajectory across key markets,
2025-09-20,Asia (APAC),Consumer & Retail,Strategic,Consumer,Consumer Entity: Failed corporate acquisition leaves regional expansion strategy unclear,
2025-09-20,Asia (APAC),Energy & Raw Materials,Strategic,Energy,Energy Entity: Failed corporate acquisition leaves regional expansion strategy unclear,
2025-09-20,Asia (APAC),Energy & Raw Materials,Operational,Energy,Energy Entity: Factory plant outage reported due to critical microchip supply delays,
2025-09-20,Asia (APAC),Energy & Raw Materials,Strategic,Energy,Energy Entity: Shifting consumer demand creates inventory obsolescence ahead of launch,
2025-09-27,Global,Industrials / Manufacturing,Strategic,Industrials,Industrials Entity: Market share loss accelerates as low-cost competitors expand reach,
2025-09-27,Global,Industrials / Manufacturing,Operational,Industrials,Industrials Entity: Raw material shortage forces temporary reduction in production targets,
2025-09-27,Global,Industrials / Manufacturing,General (Neutral / Positive),Industrials,Industrials Entity: Export volumes maintain stable baseline trajectory across key markets,
2025-09-27,Global,Technology,General (Neutral / Positive),Technology,Technology Entity: Export volumes maintain stable baseline trajectory across key markets,
2025-09-27,Global,Technology,General (Neutral / Positive),Technology,Technology Entity: Strategic research partnership formed to drive clean energy innovation,
2025-09-27,Global,Financials,Regulatory,Financials,Financials Entity: New carbon emission compliance laws impose cross-border export tariffs,
2025-09-27,Global,Financials,Operational,Financials,Financials Entity: Raw material shortage forces temporary reduction in production targets,
2025-09-27,Global,Consumer & Retail,General (Neutral / Positive),Consumer,Consumer Entity: Strategic research partnership formed to drive clean energy innovation,
2025-09-27,Global,Consumer & Retail,Operational,Consumer,Consumer Entity: Transit port congestion creates transit bottleneck for key component parts,
2025-09-27,Global,Consumer & Retail,General (Neutral / Positive),Consumer,Consumer Entity: Export volumes maintain stable baseline trajectory across key markets,
2025-09-27,Global,Energy & Raw Materials,Regulatory,Energy,Energy Entity: New carbon emission compliance laws impose cross-border export tariffs,
2025-09-27,Global,Energy & Raw Materials,General (Neutral / Positive),Energy,Energy Entity: Company announces expansion into automated production facilities,
2025-09-27,Global,Energy & Raw Materials,Financial,Energy,Energy Entity: Debt service obligations squeeze net liquidity across corporate division,
2025-09-27,Americas (including U.S.),Industrials / Manufacturing,General (Neutral / Positive),Industrials,Industrials Entity: Company announces expansion into automated production facilities,
2025-09-27,Americas (including U.S.),Industrials / Manufacturing,Operational,Industrials,Industrials Entity: Factory plant outage reported due to critical microchip supply delays,
2025-09-27,Americas (including U.S.),Technology,General (Neutral / Positive),Technology,Technology Entity: Quarterly operational targets met amid steady international demand,
2025-09-27,Americas (including U.S.),Technology,General (Neutral / Positive),Technology,Technology Entity: Company announces expansion into automated production facilities,
2025-09-27,Americas (including U.S.),Financials,Financial,Financials,Financials Entity: Revenue miss triggers stock price volatility and credit rating review,
2025-09-27,Americas (including U.S.),Financials,General (Neutral / Positive),Financials,Financials Entity: Quarterly operational targets met amid steady international demand,
2025-09-27,Americas (including U.S.),Financials,General (Neutral / Positive),Financials,Financials Entity: Quarterly operational targets met amid steady international demand,
2025-09-27,Americas (including U.S.),Consumer & Retail,General (Neutral / Positive),Consumer,Consumer Entity: Strategic research partnership formed to drive clean energy innovation,
2025-09-27,Americas (including U.S.),Consumer & Retail,Regulatory,Consumer,Consumer Entity: New carbon emission compliance laws impose cross-border export tariffs,
2025-09-27,Americas (including U.S.),Energy & Raw Materials,Strategic,Energy,Energy Entity: Delayed product transition threatens long-term sector competitiveness,
2025-09-27,Americas (including U.S.),Energy & Raw Materials,Regulatory,Energy,Energy Entity: Strict data privacy enforcement imposes steep non-compliance penalties,
2025-09-27,Americas (including U.S.),Energy & Raw Materials,Strategic,Energy,Energy Entity: Delayed product transition threatens long-term sector competitiveness,
2025-09-27,Europe (EMEA),Industrials / Manufacturing,Operational,Industrials,Industrials Entity: Factory plant outage reported due to critical microchip supply delays,
2025-09-27,Europe (EMEA),Industrials / Manufacturing,General (Neutral / Positive),Industrials,Industrials Entity: Quarterly operational targets met amid steady international demand,
2025-09-27,Europe (EMEA),Industrials / Manufacturing,Financial,Industrials,Industrials Entity: Revenue miss triggers stock price volatility and credit rating review,
2025-09-27,Europe (EMEA),Industrials / Manufacturing,Operational,Industrials,Industrials Entity: Raw material shortage forces temporary reduction in production targets,
2025-09-27,Europe (EMEA),Technology,General (Neutral / Positive),Technology,Technology Entity: Export volumes maintain stable baseline trajectory across key markets,
2025-09-27,Europe (EMEA),Technology,Regulatory,Technology,Technology Entity: Antitrust regulatory body opens inquiry into regional market practices,
2025-09-27,Europe (EMEA),Financials,General (Neutral / Positive),Financials,Financials Entity: Quarterly operational targets met amid steady international demand,
2025-09-27,Europe (EMEA),Financials,Financial,Financials,Financials Entity: Inflationary cost pressures reduce operational cash flow estimates,
2025-09-27,Europe (EMEA),Financials,Operational,Financials,Financials Entity: Raw material shortage forces temporary reduction in production targets,
2025-09-27,Europe (EMEA),Financials,Regulatory,Financials,Financials Entity: Bilateral trade restriction sanctions disrupt overseas supply channels,
2025-09-27,Europe (EMEA),Consumer & Retail,General (Neutral / Positive),Consumer,Consumer Entity: Company announces expansion into automated production facilities,
2025-09-27,Europe (EMEA),Consumer & Retail,Regulatory,Consumer,Consumer Entity: New carbon emission compliance laws impose cross-border export tariffs,
2025-09-27,Europe (EMEA),Consumer & Retail,Operational,Consumer,Consumer Entity: Factory plant outage reported due to critical microchip supply delays,
2025-09-27,Europe (EMEA),Consumer & Retail,General (Neutral / Positive),Consumer,Consumer Entity: Company announces expansion into automated production facilities,
2025-09-27,Europe (EMEA),Energy & Raw Materials,Financial,Energy,Energy Entity: Credit downgrade warning issued following quarterly margin compression,
2025-09-27,Europe (EMEA),Energy & Raw Materials,Strategic,Energy,Energy Entity: Market share loss accelerates as low-cost competitors expand reach,
2025-09-27,Asia (APAC),Industrials / Manufacturing,Regulatory,Industrials,Industrials Entity: New carbon emission compliance laws impose cross-border export tariffs,
2025-09-27,Asia (APAC),Industrials / Manufacturing,Operational,Industrials,Industrials Entity: Labor union strike halts manufacturing assembly lines across region,
2025-09-27,Asia (APAC),Industrials / Manufacturing,Financial,Industrials,Industrials Entity: Inflationary cost pressures reduce operational cash flow estimates,
2025-09-27,Asia (APAC),Industrials / Manufacturing,General (Neutral / Positive),Industrials,Industrials Entity: Quarterly operational targets met amid steady international demand,
2025-09-27,Asia (APAC),Technology,Regulatory,Technology,Technology Entity: Bilateral trade restriction sanctions disrupt overseas supply channels,
2025-09-27,Asia (APAC),Technology,Strategic,Technology,Technology Entity: Failed corporate acquisition leaves regional expansion strategy unclear,
2025-09-27,Asia (APAC),Technology,General (Neutral / Positive),Technology,Technology Entity: Company announces expansion into automated production facilities,
2025-09-27,Asia (APAC),Financials,General (Neutral / Positive),Financials,Financials Entity: Strategic research partnership formed to drive clean energy innovation,
2025-09-27,Asia (APAC),Financials,Regulatory,Financials,Financials Entity: Strict data privacy enforcement imposes steep non-compliance penalties,
2025-09-27,Asia (APAC),Consumer & Retail,General (Neutral / Positive),Consumer,Consumer Entity: Strategic research partnership formed to drive clean energy innovation,
2025-09-27,Asia (APAC),Consumer & Retail,General (Neutral / Positive),Consumer,Consumer Entity: Company announces expansion into automated production facilities,
2025-09-27,Asia (APAC),Consumer & Retail,General (Neutral / Positive),Consumer,Consumer Entity: Company announces expansion into automated production facilities,
2025-09-27,Asia (APAC),Energy & Raw Materials,General (Neutral / Positive),Energy,Energy Entity: Export volumes maintain stable baseline trajectory across key markets,
2025-09-27,Asia (APAC),Energy & Raw Materials,Operational,Energy,Energy Entity: Factory plant outage reported due to critical microchip supply delays,
2025-09-27,Asia (APAC),Energy & Raw Materials,General (Neutral / Positive),Energy,Energy Entity: Strategic research partnership formed to drive clean energy innovation,
2025-10-04,Global,Industrials / Manufacturing,Financial,Industrials,Industrials Entity: Debt service obligations squeeze net liquidity across corporate division,
2025-10-04,Global,Industrials / Manufacturing,Financial,Industrials,Industrials Entity: Debt service obligations squeeze net liquidity across corporate division,
2025-10-04,Global,Industrials / Manufacturing,Regulatory,Industrials,Industrials Entity: New carbon emission compliance laws impose cross-border export tariffs,
2025-10-04,Global,Technology,Regulatory,Technology,Technology Entity: Antitrust regulatory body opens inquiry into regional market practices,
2025-10-04,Global,Technology,General (Neutral / Positive),Technology,Technology Entity: Quarterly operational targets met amid steady international demand,
2025-10-04,Global,Technology,Financial,Technology,Technology Entity: Revenue miss triggers stock price volatility and credit rating review,
2025-10-04,Global,Technology,Operational,Technology,Technology Entity: Raw material shortage forces temporary reduction in production targets,
2025-10-04,Global,Financials,Strategic,Financials,Financials Entity: Market share loss accelerates as low-cost competitors expand reach,
2025-10-04,Global,Financials,Regulatory,Financials,Financials Entity: Antitrust regulatory body opens inquiry into regional market practices,
2025-10-04,Global,Financials,Financial,Financials,Financials Entity: Revenue miss triggers stock price volatility and credit rating review,
2025-10-04,Global,Consumer & Retail,Regulatory,Consumer,Consumer Entity: Bilateral trade restriction sanctions disrupt overseas supply channels,
2025-10-04,Global,Consumer & Retail,Financial,Consumer,Consumer Entity: Revenue miss triggers stock price volatility and credit rating review,
2025-10-04,Global,Consumer & Retail,Strategic,Consumer,Consumer Entity: Shifting consumer demand creates inventory obsolescence ahead of launch,
2025-10-04,Global,Energy & Raw Materials,Financial,Energy,Energy Entity: Credit downgrade warning issued following quarterly margin compression,
2025-10-04,Global,Energy & Raw Materials,Regulatory,Energy,Energy Entity: Antitrust regulatory body opens inquiry into regional market practices,
2025-10-04,Americas (including U.S.),Industrials / Manufacturing,Strategic,Industrials,Industrials Entity: Failed corporate acquisition leaves regional expansion strategy unclear,
2025-10-04,Americas (including U.S.),Industrials / Manufacturing,Strategic,Industrials,Industrials Entity: Market share loss accelerates as low-cost competitors expand reach,
2025-10-04,Americas (including U.S.),Industrials / Manufacturing,Regulatory,Industrials,Industrials Entity: Antitrust regulatory body opens inquiry into regional market practices,
2025-10-04,Americas (including U.S.),Industrials / Manufacturing,Strategic,Industrials,Industrials Entity: Delayed product transition threatens long-term sector competitiveness,
2025-10-04,Americas (including U.S.),Technology,General (Neutral / Positive),Technology,Technology Entity: Quarterly operational targets met amid steady international demand,
2025-10-04,Americas (including U.S.),Technology,General (Neutral / Positive),Technology,Technology Entity: Quarterly operational targets met amid steady international demand,
2025-10-04,Americas (including U.S.),Financials,Regulatory,Financials,Financials Entity: Antitrust regulatory body opens inquiry into regional market practices,
2025-10-04,Americas (including U.S.),Financials,Financial,Financials,Financials Entity: Revenue miss triggers stock price volatility and credit rating review,
2025-10-04,Americas (including U.S.),Financials,Operational,Financials,Financials Entity: Transit port congestion creates transit bottleneck for key component parts,
2025-10-04,Americas (including U.S.),Financials,General (Neutral / Positive),Financials,Financials Entity: Strategic research partnership formed to drive clean energy innovation,
2025-10-04,Americas (including U.S.),Consumer & Retail,General (Neutral / Positive),Consumer,Consumer Entity: Export volumes maintain stable baseline trajectory across key markets,
2025-10-04,Americas (including U.S.),Consumer & Retail,Financial,Consumer,Consumer Entity: Credit downgrade warning issued following quarterly margin compression,
2025-10-04,Americas (including U.S.),Consumer & Retail,Strategic,Consumer,Consumer Entity: Market share loss accelerates as low-cost competitors expand reach,
2025-10-04,Americas (including U.S.),Consumer & Retail,Regulatory,Consumer,Consumer Entity: Strict data privacy enforcement imposes steep non-compliance penalties,
2025-10-04,Americas (including U.S.),Energy & Raw Materials,Strategic,Energy,Energy Entity: Delayed product transition threatens long-term sector competitiveness,
2025-10-04,Americas (including U.S.),Energy & Raw Materials,Strategic,Energy,Energy Entity: Failed corporate acquisition leaves regional expansion strategy unclear,
2025-10-04,Americas (including U.S.),Energy & Raw Materials,Regulatory,Energy,Energy Entity: New carbon emission compliance laws impose cross-border export tariffs,
2025-10-04,Americas (including U.S.),Energy & Raw Materials,Operational,Energy,Energy Entity: Labor union strike halts manufacturing assembly lines across region,
2025-10-04,Europe (EMEA),Industrials / Manufacturing,Strategic,Industrials,Industrials Entity: Delayed product transition threatens long-term sector competitiveness,
2025-10-04,Europe (EMEA),Industrials / Manufacturing,General (Neutral / Positive),Industrials,Industrials Entity: Quarterly operational targets met amid steady international demand,
2025-10-04,Europe (EMEA),Technology,Regulatory,Technology,Technology Entity: Strict data privacy enforcement imposes steep non-compliance penalties,
2025-10-04,Europe (EMEA),Technology,Financial,Technology,Technology Entity: Debt service obligations squeeze net liquidity across corporate division,
2025-10-04,Europe (EMEA),Technology,Financial,Technology,Technology Entity: Revenue miss triggers stock price volatility and credit rating review,
2025-10-04,Europe (EMEA),Financials,Strategic,Financials,Financials Entity: Shifting consumer demand creates inventory obsolescence ahead of launch,
2025-10-04,Europe (EMEA),Financials,Operational,Financials,Financials Entity: Transit port congestion creates transit bottleneck for key component parts,
2025-10-04,Europe (EMEA),Consumer & Retail,General (Neutral / Positive),Consumer,Consumer Entity: Strategic research partnership formed to drive clean energy innovation,
2025-10-04,Europe (EMEA),Consumer & Retail,Regulatory,Consumer,Consumer Entity: Bilateral trade restriction sanctions disrupt overseas supply channels,
2025-10-04,Europe (EMEA),Energy & Raw Materials,General (Neutral / Positive),Energy,Energy Entity: Strategic research partnership formed to drive clean energy innovation,
2025-10-04,Europe (EMEA),Energy & Raw Materials,General (Neutral / Positive),Energy,Energy Entity: Quarterly operational targets met amid steady international demand,
2025-10-04,Europe (EMEA),Energy & Raw Materials,Operational,Energy,Energy Entity: Raw material shortage forces temporary reduction in production targets,
2025-10-04,Europe (EMEA),Energy & Raw Materials,Financial,Energy,Energy Entity: Inflationary cost pressures reduce operational cash flow estimates,
2025-10-04,Asia (APAC),Industrials / Manufacturing,General (Neutral / Positive),Industrials,Industrials Entity: Company announces expansion into automated production facilities,
2025-10-04,Asia (APAC),Industrials / Manufacturing,General (Neutral / Positive),Industrials,Industrials Entity: Quarterly operational targets met amid steady international demand,
2025-10-04,Asia (APAC),Technology,Financial,Technology,Technology Entity: Credit downgrade warning issued following quarterly margin compression,
2025-10-04,Asia (APAC),Technology,Operational,Technology,Technology Entity: Factory plant outage reported due to critical microchip supply delays,
2025-10-04,Asia (APAC),Technology,General (Neutral / Positive),Technology,Technology Entity: Export volumes maintain stable baseline trajectory across key markets,
2025-10-04,Asia (APAC),Financials,General (Neutral / Positive),Financials,Financials Entity: Quarterly operational targets met amid steady international demand,
2025-10-04,Asia (APAC),Financials,General (Neutral / Positive),Financials,Financials Entity: Company announces expansion into automated production facilities,
2025-10-04,Asia (APAC),Financials,Regulatory,Financials,Financials Entity: Strict data privacy enforcement imposes steep non-compliance penalties,
2025-10-04,Asia (APAC),Consumer & Retail,Regulatory,Consumer,Consumer Entity: Bilateral trade restriction sanctions disrupt overseas supply channels,
2025-10-04,Asia (APAC),Consumer & Retail,Strategic,Consumer,Consumer Entity: Delayed product transition threatens long-term sector competitiveness,
2025-10-04,Asia (APAC),Consumer & Retail,Regulatory,Consumer,Consumer Entity: New carbon emission compliance laws impose cross-border export tariffs,
2025-10-04,Asia (APAC),Energy & Raw Materials,General (Neutral / Positive),Energy,Energy Entity: Quarterly operational targets met amid steady international demand,
2025-10-04,Asia (APAC),Energy & Raw Materials,General (Neutral / Positive),Energy,Energy Entity: Company announces expansion into automated production facilities,
2025-10-04,Asia (APAC),Energy & Raw Materials,Regulatory,Energy,Energy Entity: New carbon emission compliance laws impose cross-border export tariffs,
2025-10-04,Asia (APAC),Energy & Raw Materials,General (Neutral / Positive),Energy,Energy Entity: Company announces expansion into automated production facilities,
2025-10-11,Global,Industrials / Manufacturing,Regulatory,Industrials,Industrials Entity: Strict data privacy enforcement imposes steep non-compliance penalties,
2025-10-11,Global,Industrials / Manufacturing,Operational,Industrials,Industrials Entity: Raw material shortage forces temporary reduction in production targets,
2025-10-11,Global,Industrials / Manufacturing,Regulatory,Industrials,Industrials Entity: Bilateral trade restriction sanctions disrupt overseas supply channels,
2025-10-11,Global,Technology,General (Neutral / Positive),Technology,Technology Entity: Quarterly operational targets met amid steady international demand,
2025-10-11,Global,Technology,General (Neutral / Positive),Technology,Technology Entity: Export volumes maintain stable baseline trajectory across key markets,
2025-10-11,Global,Financials,Regulatory,Financials,Financials Entity: Bilateral trade restriction sanctions disrupt overseas supply channels,
2025-10-11,Global,Financials,Operational,Financials,Financials Entity: Raw material shortage forces temporary reduction in production targets,
2025-10-11,Global,Consumer & Retail,Financial,Consumer,Consumer Entity: Revenue miss triggers stock price volatility and credit rating review,
2025-10-11,Global,Consumer & Retail,General (Neutral / Positive),Consumer,Consumer Entity: Quarterly operational targets met amid steady international demand,
2025-10-11,Global,Consumer & Retail,Regulatory,Consumer,Consumer Entity: New carbon emission compliance laws impose cross-border export tariffs,
2025-10-11,Global,Consumer & Retail,Operational,Consumer,Consumer Entity: Factory plant outage reported due to critical microchip supply delays,
2025-10-11,Global,Energy & Raw Materials,General (Neutral / Positive),Energy,Energy Entity: Quarterly operational targets met amid steady international demand,
2025-10-11,Global,Energy & Raw Materials,Regulatory,Energy,Energy Entity: Strict data privacy enforcement imposes steep non-compliance penalties,
2025-10-11,Americas (including U.S.),Industrials / Manufacturing,Regulatory,Industrials,Industrials Entity: Antitrust regulatory body opens inquiry into regional market practices,
2025-10-11,Americas (including U.S.),Industrials / Manufacturing,Regulatory,Industrials,Industrials Entity: Strict data privacy enforcement imposes steep non-compliance penalties,
2025-10-11,Americas (including U.S.),Industrials / Manufacturing,General (Neutral / Positive),Industrials,Industrials Entity: Strategic research partnership formed to drive clean energy innovation,
2025-10-11,Americas (including U.S.),Technology,Operational,Technology,Technology Entity: Transit port congestion creates transit bottleneck for key component parts,
2025-10-11,Americas (including U.S.),Technology,Regulatory,Technology,Technology Entity: Strict data privacy enforcement imposes steep non-compliance penalties,
2025-10-11,Americas (including U.S.),Financials,Operational,Financials,Financials Entity: Raw material shortage forces temporary reduction in production targets,
2025-10-11,Americas (including U.S.),Financials,General (Neutral / Positive),Financials,Financials Entity: Strategic research partnership formed to drive clean energy innovation,
2025-10-11,Americas (including U.S.),Consumer & Retail,General (Neutral / Positive),Consumer,Consumer Entity: Quarterly operational targets met amid steady international demand,
2025-10-11,Americas (including U.S.),Consumer & Retail,Financial,Consumer,Consumer Entity: Revenue miss triggers stock price volatility and credit rating review,
2025-10-11,Americas (including U.S.),Energy & Raw Materials,Operational,Energy,Energy Entity: Factory plant outage reported due to critical microchip supply delays,
2025-10-11,Americas (including U.S.),Energy & Raw Materials,General (Neutral / Positive),Energy,Energy Entity: Quarterly operational targets met amid steady international demand,
2025-10-11,Americas (including U.S.),Energy & Raw Materials,Regulatory,Energy,Energy Entity: Bilateral trade restriction sanctions disrupt overseas supply channels,
2025-10-11,Europe (EMEA),Industrials / Manufacturing,Financial,Industrials,Industrials Entity: Inflationary cost pressures reduce operational cash flow estimates,
2025-10-11,Europe (EMEA),Industrials / Manufacturing,Strategic,Industrials,Industrials Entity: Delayed product transition threatens long-term sector competitiveness,
2025-10-11,Europe (EMEA),Industrials / Manufacturing,General (Neutral / Positive),Industrials,Industrials Entity: Quarterly operational targets met amid steady international demand,
2025-10-11,Europe (EMEA),Industrials / Manufacturing,General (Neutral / Positive),Industrials,Industrials Entity: Quarterly operational targets met amid steady international demand,
2025-10-11,Europe (EMEA),Technology,Regulatory,Technology,Technology Entity: Bilateral trade restriction sanctions disrupt overseas supply channels,
2025-10-11,Europe (EMEA),Technology,Operational,Technology,Technology Entity: Factory plant outage reported due to critical microchip supply delays,
2025-10-11,Europe (EMEA),Financials,Strategic,Financials,Financials Entity: Market share loss accelerates as low-cost competitors expand reach,
2025-10-11,Europe (EMEA),Financials,General (Neutral / Positive),Financials,Financials Entity: Strategic research partnership formed to drive clean energy innovation,
2025-10-11,Europe (EMEA),Financials,Strategic,Financials,Financials Entity: Shifting consumer demand creates inventory obsolescence ahead of launch,
2025-10-11,Europe (EMEA),Consumer & Retail,General (Neutral / Positive),Consumer,Consumer Entity: Quarterly operational targets met amid steady international demand,
2025-10-11,Europe (EMEA),Consumer & Retail,Operational,Consumer,Consumer Entity: Labor union strike halts manufacturing assembly lines across region,
2025-10-11,Europe (EMEA),Energy & Raw Materials,Strategic,Energy,Energy Entity: Delayed product transition threatens long-term sector competitiveness,
2025-10-11,Europe (EMEA),Energy & Raw Materials,Strategic,Energy,Energy Entity: Shifting consumer demand creates inventory obsolescence ahead of launch,
2025-10-11,Europe (EMEA),Energy & Raw Materials,Operational,Energy,Energy Entity: Factory plant outage reported due to critical microchip supply delays,
2025-10-11,Asia (APAC),Industrials / Manufacturing,General (Neutral / Positive),Industrials,Industrials Entity: Export volumes maintain stable baseline trajectory across key markets,
2025-10-11,Asia (APAC),Industrials / Manufacturing,General (Neutral / Positive),Industrials,Industrials Entity: Quarterly operational targets met amid steady international demand,
2025-10-11,Asia (APAC),Technology,Operational,Technology,Technology Entity: Raw material shortage forces temporary reduction in production targets,
2025-10-11,Asia (APAC),Technology,Financial,Technology,Technology Entity: Debt service obligations squeeze net liquidity across corporate division,
2025-10-11,Asia (APAC),Technology,Regulatory,Technology,Technology Entity: Antitrust regulatory body opens inquiry into regional market practices,
2025-10-11,Asia (APAC),Technology,General (Neutral / Positive),Technology,Technology Entity: Strategic research partnership formed to drive clean energy innovation,
2025-10-11,Asia (APAC),Financials,General (Neutral / Positive),Financials,Financials Entity: Export volumes maintain stable baseline trajectory across key markets,
2025-10-11,Asia (APAC),Financials,General (Neutral / Positive),Financials,Financials Entity: Export volumes maintain stable baseline trajectory across key markets,
2025-10-11,Asia (APAC),Financials,General (Neutral / Positive),Financials,Financials Entity: Strategic research partnership formed to drive clean energy innovation,
2025-10-11,Asia (APAC),Consumer & Retail,Strategic,Consumer,Consumer Entity: Market share loss accelerates as low-cost competitors expand reach,
2025-10-11,Asia (APAC),Consumer & Retail,Financial,Consumer,Consumer Entity: Debt service obligations squeeze net liquidity across corporate division,
2025-10-11,Asia (APAC),Energy & Raw Materials,Regulatory,Energy,Energy Entity: Bilateral trade restriction sanctions disrupt overseas supply channels,
2025-10-11,Asia (APAC),Energy & Raw Materials,Operational,Energy,Energy Entity: Labor union strike halts manufacturing assembly lines across region,
2025-10-11,Asia (APAC),Energy & Raw Materials,Strategic,Energy,Energy Entity: Delayed product transition threatens long-term sector competitiveness,
2025-10-11,Asia (APAC),Energy & Raw Materials,Regulatory,Energy,Energy Entity: Strict data privacy enforcement imposes steep non-compliance penalties,
2025-10-18,Global,Industrials / Manufacturing,Financial,Industrials,Industrials Entity: Credit downgrade warning issued following quarterly margin compression,
2025-10-18,Global,Industrials / Manufacturing,Operational,Industrials,Industrials Entity: Labor union strike halts manufacturing assembly lines across region,
2025-10-18,Global,Technology,General (Neutral / Positive),Technology,Technology Entity: Export volumes maintain stable baseline trajectory across key markets,
2025-10-18,Global,Technology,General (Neutral / Positive),Technology,Technology Entity: Strategic research partnership formed to drive clean energy innovation,
2025-10-18,Global,Financials,Operational,Financials,Financials Entity: Labor union strike halts manufacturing assembly lines across region,
2025-10-18,Global,Financials,Operational,Financials,Financials Entity: Factory plant outage reported due to critical microchip supply delays,
2025-10-18,Global,Financials,General (Neutral / Positive),Financials,Financials Entity: Export volumes maintain stable baseline trajectory across key markets,
2025-10-18,Global,Consumer & Retail,General (Neutral / Positive),Consumer,Consumer Entity: Export volumes maintain stable baseline trajectory across key markets,
2025-10-18,Global,Consumer & Retail,General (Neutral / Positive),Consumer,Consumer Entity: Export volumes maintain stable baseline trajectory across key markets,
2025-10-18,Global,Energy & Raw Materials,General (Neutral / Positive),Energy,Energy Entity: Company announces expansion into automated production facilities,
2025-10-18,Global,Energy & Raw Materials,General (Neutral / Positive),Energy,Energy Entity: Company announces expansion into automated production facilities,
2025-10-18,Global,Energy & Raw Materials,Strategic,Energy,Energy Entity: Delayed product transition threatens long-term sector competitiveness,
2025-10-18,Americas (including U.S.),Industrials / Manufacturing,General (Neutral / Positive),Industrials,Industrials Entity: Strategic research partnership formed to drive clean energy innovation,
2025-10-18,Americas (including U.S.),Industrials / Manufacturing,Financial,Industrials,Industrials Entity: Credit downgrade warning issued following quarterly margin compression,
2025-10-18,Americas (including U.S.),Industrials / Manufacturing,General (Neutral / Positive),Industrials,Industrials Entity: Quarterly operational targets met amid steady international demand,
2025-10-18,Americas (including U.S.),Industrials / Manufacturing,General (Neutral / Positive),Industrials,Industrials Entity: Export volumes maintain stable baseline trajectory across key markets,
2025-10-18,Americas (including U.S.),Technology,General (Neutral / Positive),Technology,Technology Entity: Quarterly operational targets met amid steady international demand,
2025-10-18,Americas (including U.S.),Technology,Operational,Technology,Technology Entity: Factory plant outage reported due to critical microchip supply delays,
2025-10-18,Americas (including U.S.),Technology,General (Neutral / Positive),Technology,Technology Entity: Strategic research partnership formed to drive clean energy innovation,
2025-10-18,Americas (including U.S.),Technology,Regulatory,Technology,Technology Entity: Antitrust regulatory body opens inquiry into regional market practices,
2025-10-18,Americas (including U.S.),Financials,General (Neutral / Positive),Financials,Financials Entity: Export volumes maintain stable baseline trajectory across key markets,
2025-10-18,Americas (including U.S.),Financials,Operational,Financials,Financials Entity: Raw material shortage forces temporary reduction in production targets,
2025-10-18,Americas (including U.S.),Financials,General (Neutral / Positive),Financials,Financials Entity: Strategic research partnership formed to drive clean energy innovation,
2025-10-18,Americas (including U.S.),Financials,Operational,Financials,Financials Entity: Labor union strike halts manufacturing assembly lines across region,
2025-10-18,Americas (including U.S.),Consumer & Retail,Financial,Consumer,Consumer Entity: Revenue miss triggers stock price volatility and credit rating review,
2025-10-18,Americas (including U.S.),Consumer & Retail,Financial,Consumer,Consumer Entity: Inflationary cost pressures reduce operational cash flow estimates,
2025-10-18,Americas (including U.S.),Energy & Raw Materials,Operational,Energy,Energy Entity: Factory plant outage reported due to critical microchip supply delays,
2025-10-18,Americas (including U.S.),Energy & Raw Materials,Operational,Energy,Energy Entity: Transit port congestion creates transit bottleneck for key component parts,
2025-10-18,Europe (EMEA),Industrials / Manufacturing,Strategic,Industrials,Industrials Entity: Delayed product transition threatens long-term sector competitiveness,
2025-10-18,Europe (EMEA),Industrials / Manufacturing,General (Neutral / Positive),Industrials,Industrials Entity: Strategic research partnership formed to drive clean energy innovation,
2025-10-18,Europe (EMEA),Industrials / Manufacturing,General (Neutral / Positive),Industrials,Industrials Entity: Company announces expansion into automated production facilities,
2025-10-18,Europe (EMEA),Technology,Financial,Technology,Technology Entity: Inflationary cost pressures reduce operational cash flow estimates,
2025-10-18,Europe (EMEA),Technology,Strategic,Technology,Technology Entity: Failed corporate acquisition leaves regional expansion strategy unclear,
2025-10-18,Europe (EMEA),Financials,General (Neutral / Positive),Financials,Financials Entity: Strategic research partnership formed to drive clean energy innovation,
2025-10-18,Europe (EMEA),Financials,General (Neutral / Positive),Financials,Financials Entity: Company announces expansion into automated production facilities,
2025-10-18,Europe (EMEA),Financials,General (Neutral / Positive),Financials,Financials Entity: Company announces expansion into automated production facilities,
2025-10-18,Europe (EMEA),Financials,Financial,Financials,Financials Entity: Debt service obligations squeeze net liquidity across corporate division,
2025-10-18,Europe (EMEA),Consumer & Retail,Financial,Consumer,Consumer Entity: Credit downgrade warning issued following quarterly margin compression,
2025-10-18,Europe (EMEA),Consumer & Retail,Financial,Consumer,Consumer Entity: Debt service obligations squeeze net liquidity across corporate division,
2025-10-18,Europe (EMEA),Consumer & Retail,Financial,Consumer,Consumer Entity: Inflationary cost pressures reduce operational cash flow estimates,
2025-10-18,Europe (EMEA),Consumer & Retail,Regulatory,Consumer,Consumer Entity: Strict data privacy enforcement imposes steep non-compliance penalties,
2025-10-18,Europe (EMEA),Energy & Raw Materials,Regulatory,Energy,Energy Entity: Strict data privacy enforcement imposes steep non-compliance penalties,
2025-10-18,Europe (EMEA),Energy & Raw Materials,General (Neutral / Positive),Energy,Energy Entity: Company announces expansion into automated production facilities,
2025-10-18,Asia (APAC),Industrials / Manufacturing,Regulatory,Industrials,Industrials Entity: New carbon emission compliance laws impose cross-border export tariffs,
2025-10-18,Asia (APAC),Industrials / Manufacturing,Strategic,Industrials,Industrials Entity: Market share loss accelerates as low-cost competitors expand reach,
2025-10-18,Asia (APAC),Industrials / Manufacturing,General (Neutral / Positive),Industrials,Industrials Entity: Quarterly operational targets met amid steady international demand,
2025-10-18,Asia (APAC),Technology,Strategic,Technology,Technology Entity: Delayed product transition threatens long-term sector competitiveness,
2025-10-18,Asia (APAC),Technology,Regulatory,Technology,Technology Entity: Antitrust regulatory body opens inquiry into regional market practices,
2025-10-18,Asia (APAC),Technology,General (Neutral / Positive),Technology,Technology Entity: Strategic research partnership formed to drive clean energy innovation,
2025-10-18,Asia (APAC),Financials,Financial,Financials,Financials Entity: Inflationary cost pressures reduce operational cash flow estimates,
2025-10-18,Asia (APAC),Financials,Financial,Financials,Financials Entity: Revenue miss triggers stock price volatility and credit rating review,
2025-10-18,Asia (APAC),Financials,Financial,Financials,Financials Entity: Revenue miss triggers stock price volatility and credit rating review,
2025-10-18,Asia (APAC),Consumer & Retail,Regulatory,Consumer,Consumer Entity: New carbon emission compliance laws impose cross-border export tariffs,
2025-10-18,Asia (APAC),Consumer & Retail,Financial,Consumer,Consumer Entity: Inflationary cost pressures reduce operational cash flow estimates,
2025-10-18,Asia (APAC),Consumer & Retail,Operational,Consumer,Consumer Entity: Raw material shortage forces temporary reduction in production targets,
2025-10-18,Asia (APAC),Energy & Raw Materials,General (Neutral / Positive),Energy,Energy Entity: Export volumes maintain stable baseline trajectory across key markets,
2025-10-18,Asia (APAC),Energy & Raw Materials,Strategic,Energy,Energy Entity: Failed corporate acquisition leaves regional expansion strategy unclear,
2025-10-18,Asia (APAC),Energy & Raw Materials,Regulatory,Energy,Energy Entity: Bilateral trade restriction sanctions disrupt overseas supply channels,
2025-10-25,Global,Industrials / Manufacturing,General (Neutral / Positive),Industrials,Industrials Entity: Quarterly operational targets met amid steady international demand,
2025-10-25,Global,Industrials / Manufacturing,Regulatory,Industrials,Industrials Entity: Bilateral trade restriction sanctions disrupt overseas supply channels,
2025-10-25,Global,Industrials / Manufacturing,Regulatory,Industrials,Industrials Entity: Antitrust regulatory body opens inquiry into regional market practices,
2025-10-25,Global,Technology,Financial,Technology,Technology Entity: Debt service obligations squeeze net liquidity across corporate division,
2025-10-25,Global,Technology,Regulatory,Technology,Technology Entity: Strict data privacy enforcement imposes steep non-compliance penalties,
2025-10-25,Global,Technology,Operational,Technology,Technology Entity: Factory plant outage reported due to critical microchip supply delays,
2025-10-25,Global,Financials,Operational,Financials,Financials Entity: Labor union strike halts manufacturing assembly lines across region,
2025-10-25,Global,Financials,Regulatory,Financials,Financials Entity: New carbon emission compliance laws impose cross-border export tariffs,
2025-10-25,Global,Financials,Operational,Financials,Financials Entity: Labor union strike halts manufacturing assembly lines across region,
2025-10-25,Global,Financials,Strategic,Financials,Financials Entity: Shifting consumer demand creates inventory obsolescence ahead of launch,
2025-10-25,Global,Consumer & Retail,Operational,Consumer,Consumer Entity: Transit port congestion creates transit bottleneck for key component parts,
2025-10-25,Global,Consumer & Retail,General (Neutral / Positive),Consumer,Consumer Entity: Quarterly operational targets met amid steady international demand,
2025-10-25,Global,Consumer & Retail,Strategic,Consumer,Consumer Entity: Shifting consumer demand creates inventory obsolescence ahead of launch,
2025-10-25,Global,Consumer & Retail,General (Neutral / Positive),Consumer,Consumer Entity: Strategic research partnership formed to drive clean energy innovation,
2025-10-25,Global,Energy & Raw Materials,Strategic,Energy,Energy Entity: Market share loss accelerates as low-cost competitors expand reach,
2025-10-25,Global,Energy & Raw Materials,Financial,Energy,Energy Entity: Revenue miss triggers stock price volatility and credit rating review,
2025-10-25,Global,Energy & Raw Materials,Operational,Energy,Energy Entity: Labor union strike halts manufacturing assembly lines across region,
2025-10-25,Americas (including U.S.),Industrials / Manufacturing,General (Neutral / Positive),Industrials,Industrials Entity: Strategic research partnership formed to drive clean energy innovation,
2025-10-25,Americas (including U.S.),Industrials / Manufacturing,Strategic,Industrials,Industrials Entity: Shifting consumer demand creates inventory obsolescence ahead of launch,
2025-10-25,Americas (including U.S.),Technology,Strategic,Technology,Technology Entity: Shifting consumer demand creates inventory obsolescence ahead of launch,
2025-10-25,Americas (including U.S.),Technology,General (Neutral / Positive),Technology,Technology Entity: Export volumes maintain stable baseline trajectory across key markets,
2025-10-25,Americas (including U.S.),Financials,General (Neutral / Positive),Financials,Financials Entity: Export volumes maintain stable baseline trajectory across key markets,
2025-10-25,Americas (including U.S.),Financials,Regulatory,Financials,Financials Entity: Antitrust regulatory body opens inquiry into regional market practices,
2025-10-25,Americas (including U.S.),Financials,General (Neutral / Positive),Financials,Financials Entity: Export volumes maintain stable baseline trajectory across key markets,
2025-10-25,Americas (including U.S.),Consumer & Retail,Regulatory,Consumer,Consumer Entity: Strict data privacy enforcement imposes steep non-compliance penalties,
2025-10-25,Americas (including U.S.),Consumer & Retail,Strategic,Consumer,Consumer Entity: Delayed product transition threatens long-term sector competitiveness,
2025-10-25,Americas (including U.S.),Consumer & Retail,General (Neutral / Positive),Consumer,Consumer Entity: Quarterly operational targets met amid steady international demand,
2025-10-25,Americas (including U.S.),Energy & Raw Materials,Strategic,Energy,Energy Entity: Failed corporate acquisition leaves regional expansion strategy unclear,
2025-10-25,Americas (including U.S.),Energy & Raw Materials,General (Neutral / Positive),Energy,Energy Entity: Export volumes maintain stable baseline trajectory across key markets,
2025-10-25,Americas (including U.S.),Energy & Raw Materials,General (Neutral / Positive),Energy,Energy Entity: Company announces expansion into automated production facilities,
2025-10-25,Europe (EMEA),Industrials / Manufacturing,General (Neutral / Positive),Industrials,Industrials Entity: Export volumes maintain stable baseline trajectory across key markets,
2025-10-25,Europe (EMEA),Industrials / Manufacturing,General (Neutral / Positive),Industrials,Industrials Entity: Strategic research partnership formed to drive clean energy innovation,
2025-10-25,Europe (EMEA),Industrials / Manufacturing,General (Neutral / Positive),Industrials,Industrials Entity: Quarterly operational targets met amid steady international demand,
2025-10-25,Europe (EMEA),Industrials / Manufacturing,General (Neutral / Positive),Industrials,Industrials Entity: Strategic research partnership formed to drive clean energy innovation,
2025-10-25,Europe (EMEA),Technology,General (Neutral / Positive),Technology,Technology Entity: Company announces expansion into automated production facilities,
2025-10-25,Europe (EMEA),Technology,Strategic,Technology,Technology Entity: Delayed product transition threatens long-term sector competitiveness,
2025-10-25,Europe (EMEA),Financials,Strategic,Financials,Financials Entity: Shifting consumer demand creates inventory obsolescence ahead of launch,
2025-10-25,Europe (EMEA),Financials,Regulatory,Financials,Financials Entity: Strict data privacy enforcement imposes steep non-compliance penalties,
2025-10-25,Europe (EMEA),Consumer & Retail,Financial,Consumer,Consumer Entity: Credit downgrade warning issued following quarterly margin compression,
2025-10-25,Europe (EMEA),Consumer & Retail,Strategic,Consumer,Consumer Entity: Market share loss accelerates as low-cost competitors expand reach,
2025-10-25,Europe (EMEA),Consumer & Retail,Strategic,Consumer,Consumer Entity: Failed corporate acquisition leaves regional expansion strategy unclear,
2025-10-25,Europe (EMEA),Energy & Raw Materials,Financial,Energy,Energy Entity: Credit downgrade warning issued following quarterly margin compression,
2025-10-25,Europe (EMEA),Energy & Raw Materials,General (Neutral / Positive),Energy,Energy Entity: Export volumes maintain stable baseline trajectory across key markets,
2025-10-25,Asia (APAC),Industrials / Manufacturing,Operational,Industrials,Industrials Entity: Labor union strike halts manufacturing assembly lines across region,
2025-10-25,Asia (APAC),Industrials / Manufacturing,Operational,Industrials,Industrials Entity: Labor union strike halts manufacturing assembly lines across region,
2025-10-25,Asia (APAC),Technology,Operational,Technology,Technology Entity: Transit port congestion creates transit bottleneck for key component parts,
2025-10-25,Asia (APAC),Technology,Strategic,Technology,Technology Entity: Shifting consumer demand creates inventory obsolescence ahead of launch,
2025-10-25,Asia (APAC),Technology,General (Neutral / Positive),Technology,Technology Entity: Company announces expansion into automated production facilities,
2025-10-25,Asia (APAC),Financials,Operational,Financials,Financials Entity: Labor union strike halts manufacturing assembly lines across region,
2025-10-25,Asia (APAC),Financials,General (Neutral / Positive),Financials,Financials Entity: Company announces expansion into automated production facilities,
2025-10-25,Asia (APAC),Consumer & Retail,Operational,Consumer,Consumer Entity: Factory plant outage reported due to critical microchip supply delays,
2025-10-25,Asia (APAC),Consumer & Retail,General (Neutral / Positive),Consumer,Consumer Entity: Strategic research partnership formed to drive clean energy innovation,
2025-10-25,Asia (APAC),Consumer & Retail,General (Neutral / Positive),Consumer,Consumer Entity: Company announces expansion into automated production facilities,
2025-10-25,Asia (APAC),Energy & Raw Materials,General (Neutral / Positive),Energy,Energy Entity: Export volumes maintain stable baseline trajectory across key markets,
2025-10-25,Asia (APAC),Energy & Raw Materials,Strategic,Energy,Energy Entity: Failed corporate acquisition leaves regional expansion strategy unclear,
2025-11-01,Global,Industrials / Manufacturing,Regulatory,Industrials,Industrials Entity: Bilateral trade restriction sanctions disrupt overseas supply channels,
2025-11-01,Global,Industrials / Manufacturing,Financial,Industrials,Industrials Entity: Debt service obligations squeeze net liquidity across corporate division,
2025-11-01,Global,Industrials / Manufacturing,General (Neutral / Positive),Industrials,Industrials Entity: Company announces expansion into automated production facilities,
2025-11-01,Global,Industrials / Manufacturing,Regulatory,Industrials,Industrials Entity: Strict data privacy enforcement imposes steep non-compliance penalties,
2025-11-01,Global,Technology,Financial,Technology,Technology Entity: Revenue miss triggers stock price volatility and credit rating review,
2025-11-01,Global,Technology,Operational,Technology,Technology Entity: Factory plant outage reported due to critical microchip supply delays,
2025-11-01,Global,Technology,General (Neutral / Positive),Technology,Technology Entity: Company announces expansion into automated production facilities,
2025-11-01,Global,Financials,Regulatory,Financials,Financials Entity: Antitrust regulatory body opens inquiry into regional market practices,
2025-11-01,Global,Financials,General (Neutral / Positive),Financials,Financials Entity: Export volumes maintain stable baseline trajectory across key markets,
2025-11-01,Global,Consumer & Retail,Regulatory,Consumer,Consumer Entity: Bilateral trade restriction sanctions disrupt overseas supply channels,
2025-11-01,Global,Consumer & Retail,Financial,Consumer,Consumer Entity: Debt service obligations squeeze net liquidity across corporate division,
2025-11-01,Global,Energy & Raw Materials,General (Neutral / Positive),Energy,Energy Entity: Company announces expansion into automated production facilities,
2025-11-01,Global,Energy & Raw Materials,Regulatory,Energy,Energy Entity: Strict data privacy enforcement imposes steep non-compliance penalties,
2025-11-01,Americas (including U.S.),Industrials / Manufacturing,Regulatory,Industrials,Industrials Entity: Bilateral trade restriction sanctions disrupt overseas supply channels,
2025-11-01,Americas (including U.S.),Industrials / Manufacturing,General (Neutral / Positive),Industrials,Industrials Entity: Export volumes maintain stable baseline trajectory across key markets,
2025-11-01,Americas (including U.S.),Industrials / Manufacturing,Financial,Industrials,Industrials Entity: Debt service obligations squeeze net liquidity across corporate division,
2025-11-01,Americas (including U.S.),Industrials / Manufacturing,Strategic,Industrials,Industrials Entity: Shifting consumer demand creates inventory obsolescence ahead of launch,
2025-11-01,Americas (including U.S.),Technology,Operational,Technology,Technology Entity: Labor union strike halts manufacturing assembly lines across region,
2025-11-01,Americas (including U.S.),Technology,Operational,Technology,Technology Entity: Factory plant outage reported due to critical microchip supply delays,
2025-11-01,Americas (including U.S.),Technology,Financial,Technology,Technology Entity: Inflationary cost pressures reduce operational cash flow estimates,
2025-11-01,Americas (including U.S.),Financials,Strategic,Financials,Financials Entity: Market share loss accelerates as low-cost competitors expand reach,
2025-11-01,Americas (including U.S.),Financials,General (Neutral / Positive),Financials,Financials Entity: Strategic research partnership formed to drive clean energy innovation,
2025-11-01,Americas (including U.S.),Consumer & Retail,General (Neutral / Positive),Consumer,Consumer Entity: Strategic research partnership formed to drive clean energy innovation,
2025-11-01,Americas (including U.S.),Consumer & Retail,General (Neutral / Positive),Consumer,Consumer Entity: Quarterly operational targets met amid steady international demand,
2025-11-01,Americas (including U.S.),Consumer & Retail,Financial,Consumer,Consumer Entity: Debt service obligations squeeze net liquidity across corporate division,
2025-11-01,Americas (including U.S.),Energy & Raw Materials,General (Neutral / Positive),Energy,Energy Entity: Strategic research partnership formed to drive clean energy innovation,
2025-11-01,Americas (including U.S.),Energy & Raw Materials,Regulatory,Energy,Energy Entity: Strict data privacy enforcement imposes steep non-compliance penalties,
2025-11-01,Europe (EMEA),Industrials / Manufacturing,General (Neutral / Positive),Industrials,Industrials Entity: Quarterly operational targets met amid steady international demand,
2025-11-01,Europe (EMEA),Industrials / Manufacturing,General (Neutral / Positive),Industrials,Industrials Entity: Company announces expansion into automated production facilities,
2025-11-01,Europe (EMEA),Industrials / Manufacturing,Operational,Industrials,Industrials Entity: Raw material shortage forces temporary reduction in production targets,
2025-11-01,Europe (EMEA),Industrials / Manufacturing,General (Neutral / Positive),Industrials,Industrials Entity: Export volumes maintain stable baseline trajectory across key markets,
2025-11-01,Europe (EMEA),Technology,Regulatory,Technology,Technology Entity: Antitrust regulatory body opens inquiry into regional market practices,
2025-11-01,Europe (EMEA),Technology,General (Neutral / Positive),Technology,Technology Entity: Quarterly operational targets met amid steady international demand,
2025-11-01,Europe (EMEA),Financials,Strategic,Financials,Financials Entity: Market share loss accelerates as low-cost competitors expand reach,
2025-11-01,Europe (EMEA),Financials,Strategic,Financials,Financials Entity: Shifting consumer demand creates inventory obsolescence ahead of launch,
2025-11-01,Europe (EMEA),Financials,General (Neutral / Positive),Financials,Financials Entity: Company announces expansion into automated production facilities,
2025-11-01,Europe (EMEA),Consumer & Retail,Operational,Consumer,Consumer Entity: Labor union strike halts manufacturing assembly lines across region,
2025-11-01,Europe (EMEA),Consumer & Retail,General (Neutral / Positive),Consumer,Consumer Entity: Company announces expansion into automated production facilities,
2025-11-01,Europe (EMEA),Energy & Raw Materials,Strategic,Energy,Energy Entity: Delayed product transition threatens long-term sector competitiveness,
2025-11-01,Europe (EMEA),Energy & Raw Materials,Strategic,Energy,Energy Entity: Delayed product transition threatens long-term sector competitiveness,
2025-11-01,Europe (EMEA),Energy & Raw Materials,General (Neutral / Positive),Energy,Energy Entity: Company announces expansion into automated production facilities,
2025-11-01,Asia (APAC),Industrials / Manufacturing,Strategic,Industrials,Industrials Entity: Failed corporate acquisition leaves regional expansion strategy unclear,
2025-11-01,Asia (APAC),Industrials / Manufacturing,Strategic,Industrials,Industrials Entity: Delayed product transition threatens long-term sector competitiveness,
2025-11-01,Asia (APAC),Industrials / Manufacturing,Regulatory,Industrials,Industrials Entity: New carbon emission compliance laws impose cross-border export tariffs,
2025-11-01,Asia (APAC),Industrials / Manufacturing,Strategic,Industrials,Industrials Entity: Market share loss accelerates as low-cost competitors expand reach,
2025-11-01,Asia (APAC),Technology,Strategic,Technology,Technology Entity: Market share loss accelerates as low-cost competitors expand reach,
2025-11-01,Asia (APAC),Technology,Strategic,Technology,Technology Entity: Market share loss accelerates as low-cost competitors expand reach,
2025-11-01,Asia (APAC),Technology,Strategic,Technology,Technology Entity: Market share loss accelerates as low-cost competitors expand reach,
2025-11-01,Asia (APAC),Financials,Strategic,Financials,Financials Entity: Delayed product transition threatens long-term sector competitiveness,
2025-11-01,Asia (APAC),Financials,Financial,Financials,Financials Entity: Revenue miss triggers stock price volatility and credit rating review,
2025-11-01,Asia (APAC),Consumer & Retail,General (Neutral / Positive),Consumer,Consumer Entity: Quarterly operational targets met amid steady international demand,
2025-11-01,Asia (APAC),Consumer & Retail,Regulatory,Consumer,Consumer Entity: Bilateral trade restriction sanctions disrupt overseas supply channels,
2025-11-01,Asia (APAC),Consumer & Retail,Regulatory,Consumer,Consumer Entity: Strict data privacy enforcement imposes steep non-compliance penalties,
2025-11-01,Asia (APAC),Energy & Raw Materials,Regulatory,Energy,Energy Entity: New carbon emission compliance laws impose cross-border export tariffs,
2025-11-01,Asia (APAC),Energy & Raw Materials,General (Neutral / Positive),Energy,Energy Entity: Company announces expansion into automated production facilities,
2025-11-01,Asia (APAC),Energy & Raw Materials,Strategic,Energy,Energy Entity: Delayed product transition threatens long-term sector competitiveness,
2025-11-08,Global,Industrials / Manufacturing,Operational,Industrials,Industrials Entity: Raw material shortage forces temporary reduction in production targets,
2025-11-08,Global,Industrials / Manufacturing,General (Neutral / Positive),Industrials,Industrials Entity: Export volumes maintain stable baseline trajectory across key markets,
2025-11-08,Global,Technology,General (Neutral / Positive),Technology,Technology Entity: Quarterly operational targets met amid steady international demand,
2025-11-08,Global,Technology,General (Neutral / Positive),Technology,Technology Entity: Strategic research partnership formed to drive clean energy innovation,
2025-11-08,Global,Technology,Financial,Technology,Technology Entity: Revenue miss triggers stock price volatility and credit rating review,
2025-11-08,Global,Technology,Strategic,Technology,Technology Entity: Shifting consumer demand creates inventory obsolescence ahead of launch,
2025-11-08,Global,Financials,Financial,Financials,Financials Entity: Revenue miss triggers stock price volatility and credit rating review,
2025-11-08,Global,Financials,Operational,Financials,Financials Entity: Labor union strike halts manufacturing assembly lines across region,
2025-11-08,Global,Financials,Strategic,Financials,Financials Entity: Shifting consumer demand creates inventory obsolescence ahead of launch,
2025-11-08,Global,Financials,General (Neutral / Positive),Financials,Financials Entity: Quarterly operational targets met amid steady international demand,
2025-11-08,Global,Consumer & Retail,Financial,Consumer,Consumer Entity: Credit downgrade warning issued following quarterly margin compression,
2025-11-08,Global,Consumer & Retail,General (Neutral / Positive),Consumer,Consumer Entity: Company announces expansion into automated production facilities,
2025-11-08,Global,Consumer & Retail,Operational,Consumer,Consumer Entity: Labor union strike halts manufacturing assembly lines across region,
2025-11-08,Global,Consumer & Retail,General (Neutral / Positive),Consumer,Consumer Entity: Export volumes maintain stable baseline trajectory across key markets,
2025-11-08,Global,Energy & Raw Materials,Regulatory,Energy,Energy Entity: Antitrust regulatory body opens inquiry into regional market practices,
2025-11-08,Global,Energy & Raw Materials,General (Neutral / Positive),Energy,Energy Entity: Quarterly operational targets met amid steady international demand,
2025-11-08,Global,Energy & Raw Materials,Strategic,Energy,Energy Entity: Market share loss accelerates as low-cost competitors expand reach,
2025-11-08,Global,Energy & Raw Materials,Strategic,Energy,Energy Entity: Market share loss accelerates as low-cost competitors expand reach,
2025-11-08,Americas (including U.S.),Industrials / Manufacturing,Operational,Industrials,Industrials Entity: Labor union strike halts manufacturing assembly lines across region,
2025-11-08,Americas (including U.S.),Industrials / Manufacturing,General (Neutral / Positive),Industrials,Industrials Entity: Strategic research partnership formed to drive clean energy innovation,
2025-11-08,Americas (including U.S.),Industrials / Manufacturing,Regulatory,Industrials,Industrials Entity: Bilateral trade restriction sanctions disrupt overseas supply channels,
2025-11-08,Americas (including U.S.),Technology,Financial,Technology,Technology Entity: Debt service obligations squeeze net liquidity across corporate division,
2025-11-08,Americas (including U.S.),Technology,Operational,Technology,Technology Entity: Raw material shortage forces temporary reduction in production targets,
2025-11-08,Americas (including U.S.),Technology,General (Neutral / Positive),Technology,Technology Entity: Export volumes maintain stable baseline trajectory across key markets,
2025-11-08,Americas (including U.S.),Technology,Financial,Technology,Technology Entity: Debt service obligations squeeze net liquidity across corporate division,
2025-11-08,Americas (including U.S.),Financials,Strategic,Financials,Financials Entity: Market share loss accelerates as low-cost competitors expand reach,
2025-11-08,Americas (including U.S.),Financials,General (Neutral / Positive),Financials,Financials Entity: Strategic research partnership formed to drive clean energy innovation,
2025-11-08,Americas (including U.S.),Consumer & Retail,General (Neutral / Positive),Consumer,Consumer Entity: Quarterly operational targets met amid steady international demand,
2025-11-08,Americas (including U.S.),Consumer & Retail,Regulatory,Consumer,Consumer Entity: Strict data privacy enforcement imposes steep non-compliance penalties,
2025-11-08,Americas (including U.S.),Energy & Raw Materials,General (Neutral / Positive),Energy,Energy Entity: Strategic research partnership formed to drive clean energy innovation,
2025-11-08,Americas (including U.S.),Energy & Raw Materials,General (Neutral / Positive),Energy,Energy Entity: Quarterly operational targets met amid steady international demand,
2025-11-08,Europe (EMEA),Industrials / Manufacturing,General (Neutral / Positive),Industrials,Industrials Entity: Export volumes maintain stable baseline trajectory across key markets,
2025-11-08,Europe (EMEA),Industrials / Manufacturing,General (Neutral / Positive),Industrials,Industrials Entity: Company announces expansion into automated production facilities,
2025-11-08,Europe (EMEA),Technology,Operational,Technology,Technology Entity: Raw material shortage forces temporary reduction in production targets,
2025-11-08,Europe (EMEA),Technology,Operational,Technology,Technology Entity: Labor union strike halts manufacturing assembly lines across region,
2025-11-08,Europe (EMEA),Technology,General (Neutral / Positive),Technology,Technology Entity: Strategic research partnership formed to drive clean energy innovation,
2025-11-08,Europe (EMEA),Financials,General (Neutral / Positive),Financials,Financials Entity: Strategic research partnership formed to drive clean energy innovation,
2025-11-08,Europe (EMEA),Financials,General (Neutral / Positive),Financials,Financials Entity: Company announces expansion into automated production facilities,
2025-11-08,Europe (EMEA),Financials,Strategic,Financials,Financials Entity: Market share loss accelerates as low-cost competitors expand reach,
2025-11-08,Europe (EMEA),Consumer & Retail,Operational,Consumer,Consumer Entity: Raw material shortage forces temporary reduction in production targets,
2025-11-08,Europe (EMEA),Consumer & Retail,General (Neutral / Positive),Consumer,Consumer Entity: Strategic research partnership formed to drive clean energy innovation,
2025-11-08,Europe (EMEA),Consumer & Retail,Regulatory,Consumer,Consumer Entity: Antitrust regulatory body opens inquiry into regional market practices,
2025-11-08,Europe (EMEA),Consumer & Retail,Financial,Consumer,Consumer Entity: Revenue miss triggers stock price volatility and credit rating review,
2025-11-08,Europe (EMEA),Energy & Raw Materials,General (Neutral / Positive),Energy,Energy Entity: Export volumes maintain stable baseline trajectory across key markets,
2025-11-08,Europe (EMEA),Energy & Raw Materials,General (Neutral / Positive),Energy,Energy Entity: Company announces expansion into automated production facilities,
2025-11-08,Europe (EMEA),Energy & Raw Materials,Strategic,Energy,Energy Entity: Market share loss accelerates as low-cost competitors expand reach,
2025-11-08,Europe (EMEA),Energy & Raw Materials,Financial,Energy,Energy Entity: Credit downgrade warning issued following quarterly margin compression,
2025-11-08,Asia (APAC),Industrials / Manufacturing,Operational,Industrials,Industrials Entity: Labor union strike halts manufacturing assembly lines across region,
2025-11-08,Asia (APAC),Industrials / Manufacturing,General (Neutral / Positive),Industrials,Industrials Entity: Strategic research partnership formed to drive clean energy innovation,
2025-11-08,Asia (APAC),Industrials / Manufacturing,Strategic,Industrials,Industrials Entity: Market share loss accelerates as low-cost competitors expand reach,
2025-11-08,Asia (APAC),Technology,General (Neutral / Positive),Technology,Technology Entity: Strategic research partnership formed to drive clean energy innovation,
2025-11-08,Asia (APAC),Technology,General (Neutral / Positive),Technology,Technology Entity: Export volumes maintain stable baseline trajectory across key markets,
2025-11-08,Asia (APAC),Technology,General (Neutral / Positive),Technology,Technology Entity: Export volumes maintain stable baseline trajectory across key markets,
2025-11-08,Asia (APAC),Technology,General (Neutral / Positive),Technology,Technology Entity: Quarterly operational targets met amid steady international demand,
2025-11-08,Asia (APAC),Financials,General (Neutral / Positive),Financials,Financials Entity: Export volumes maintain stable baseline trajectory across key markets,
2025-11-08,Asia (APAC),Financials,Financial,Financials,Financials Entity: Credit downgrade warning issued following quarterly margin compression,
2025-11-08,Asia (APAC),Financials,Regulatory,Financials,Financials Entity: New carbon emission compliance laws impose cross-border export tariffs,
2025-11-08,Asia (APAC),Financials,Strategic,Financials,Financials Entity: Failed corporate acquisition leaves regional expansion strategy unclear,
2025-11-08,Asia (APAC),Consumer & Retail,Strategic,Consumer,Consumer Entity: Shifting consumer demand creates inventory obsolescence ahead of launch,
2025-11-08,Asia (APAC),Consumer & Retail,Strategic,Consumer,Consumer Entity: Shifting consumer demand creates inventory obsolescence ahead of launch,
2025-11-08,Asia (APAC),Consumer & Retail,Financial,Consumer,Consumer Entity: Credit downgrade warning issued following quarterly margin compression,
2025-11-08,Asia (APAC),Energy & Raw Materials,General (Neutral / Positive),Energy,Energy Entity: Export volumes maintain stable baseline trajectory across key markets,
2025-11-08,Asia (APAC),Energy & Raw Materials,General (Neutral / Positive),Energy,Energy Entity: Quarterly operational targets met amid steady international demand,
2025-11-08,Asia (APAC),Energy & Raw Materials,General (Neutral / Positive),Energy,Energy Entity: Export volumes maintain stable baseline trajectory across key markets,
2025-11-08,Asia (APAC),Energy & Raw Materials,Strategic,Energy,Energy Entity: Failed corporate acquisition leaves regional expansion strategy unclear,
2025-11-15,Global,Industrials / Manufacturing,General (Neutral / Positive),Industrials,Industrials Entity: Strategic research partnership formed to drive clean energy innovation,
2025-11-15,Global,Industrials / Manufacturing,Strategic,Industrials,Industrials Entity: Delayed product transition threatens long-term sector competitiveness,
2025-11-15,Global,Industrials / Manufacturing,Regulatory,Industrials,Industrials Entity: Antitrust regulatory body opens inquiry into regional market practices,
2025-11-15,Global,Technology,Regulatory,Technology,Technology Entity: Strict data privacy enforcement imposes steep non-compliance penalties,
2025-11-15,Global,Technology,Regulatory,Technology,Technology Entity: Antitrust regulatory body opens inquiry into regional market practices,
2025-11-15,Global,Technology,General (Neutral / Positive),Technology,Technology Entity: Company announces expansion into automated production facilities,
2025-11-15,Global,Technology,General (Neutral / Positive),Technology,Technology Entity: Strategic research partnership formed to drive clean energy innovation,
2025-11-15,Global,Financials,Operational,Financials,Financials Entity: Transit port congestion creates transit bottleneck for key component parts,
2025-11-15,Global,Financials,Financial,Financials,Financials Entity: Credit downgrade warning issued following quarterly margin compression,
2025-11-15,Global,Consumer & Retail,General (Neutral / Positive),Consumer,Consumer Entity: Company announces expansion into automated production facilities,
2025-11-15,Global,Consumer & Retail,Strategic,Consumer,Consumer Entity: Shifting consumer demand creates inventory obsolescence ahead of launch,
2025-11-15,Global,Consumer & Retail,General (Neutral / Positive),Consumer,Consumer Entity: Export volumes maintain stable baseline trajectory across key markets,
2025-11-15,Global,Consumer & Retail,Strategic,Consumer,Consumer Entity: Failed corporate acquisition leaves regional expansion strategy unclear,
2025-11-15,Global,Energy & Raw Materials,Operational,Energy,Energy Entity: Factory plant outage reported due to critical microchip supply delays,
2025-11-15,Global,Energy & Raw Materials,General (Neutral / Positive),Energy,Energy Entity: Export volumes maintain stable baseline trajectory across key markets,
2025-11-15,Global,Energy & Raw Materials,Regulatory,Energy,Energy Entity: New carbon emission compliance laws impose cross-border export tariffs,
2025-11-15,Global,Energy & Raw Materials,General (Neutral / Positive),Energy,Energy Entity: Export volumes maintain stable baseline trajectory across key markets,
2025-11-15,Americas (including U.S.),Industrials / Manufacturing,Operational,Industrials,Industrials Entity: Raw material shortage forces temporary reduction in production targets,
2025-11-15,Americas (including U.S.),Industrials / Manufacturing,General (Neutral / Positive),Industrials,Industrials Entity: Company announces expansion into automated production facilities,
2025-11-15,Americas (including U.S.),Industrials / Manufacturing,General (Neutral / Positive),Industrials,Industrials Entity: Export volumes maintain stable baseline trajectory across key markets,
2025-11-15,Americas (including U.S.),Technology,Operational,Technology,Technology Entity: Factory plant outage reported due to critical microchip supply delays,
2025-11-15,Americas (including U.S.),Technology,Financial,Technology,Technology Entity: Credit downgrade warning issued following quarterly margin compression,
2025-11-15,Americas (including U.S.),Technology,Operational,Technology,Technology Entity: Factory plant outage reported due to critical microchip supply delays,
2025-11-15,Americas (including U.S.),Financials,Strategic,Financials,Financials Entity: Delayed product transition threatens long-term sector competitiveness,
2025-11-15,Americas (including U.S.),Financials,General (Neutral / Positive),Financials,Financials Entity: Company announces expansion into automated production facilities,
2025-11-15,Americas (including U.S.),Financials,Regulatory,Financials,Financials Entity: Bilateral trade restriction sanctions disrupt overseas supply channels,
2025-11-15,Americas (including U.S.),Consumer & Retail,Strategic,Consumer,Consumer Entity: Shifting consumer demand creates inventory obsolescence ahead of launch,
2025-11-15,Americas (including U.S.),Consumer & Retail,General (Neutral / Positive),Consumer,Consumer Entity: Quarterly operational targets met amid steady international demand,
2025-11-15,Americas (including U.S.),Consumer & Retail,General (Neutral / Positive),Consumer,Consumer Entity: Strategic research partnership formed to drive clean energy innovation,
2025-11-15,Americas (including U.S.),Energy & Raw Materials,General (Neutral / Positive),Energy,Energy Entity: Company announces expansion into automated production facilities,
2025-11-15,Americas (including U.S.),Energy & Raw Materials,Strategic,Energy,Energy Entity: Shifting consumer demand creates inventory obsolescence ahead of launch,
2025-11-15,Americas (including U.S.),Energy & Raw Materials,General (Neutral / Positive),Energy,Energy Entity: Quarterly operational targets met amid steady international demand,
2025-11-15,Americas (including U.S.),Energy & Raw Materials,Regulatory,Energy,Energy Entity: New carbon emission compliance laws impose cross-border export tariffs,
2025-11-15,Europe (EMEA),Industrials / Manufacturing,General (Neutral / Positive),Industrials,Industrials Entity: Quarterly operational targets met amid steady international demand,
2025-11-15,Europe (EMEA),Industrials / Manufacturing,General (Neutral / Positive),Industrials,Industrials Entity: Quarterly operational targets met amid steady international demand,
2025-11-15,Europe (EMEA),Industrials / Manufacturing,Financial,Industrials,Industrials Entity: Revenue miss triggers stock price volatility and credit rating review,
2025-11-15,Europe (EMEA),Industrials / Manufacturing,Strategic,Industrials,Industrials Entity: Market share loss accelerates as low-cost competitors expand reach,
2025-11-15,Europe (EMEA),Technology,Strategic,Technology,Technology Entity: Delayed product transition threatens long-term sector competitiveness,
2025-11-15,Europe (EMEA),Technology,Operational,Technology,Technology Entity: Labor union strike halts manufacturing assembly lines across region,
2025-11-15,Europe (EMEA),Technology,Strategic,Technology,Technology Entity: Shifting consumer demand creates inventory obsolescence ahead of launch,
2025-11-15,Europe (EMEA),Technology,Regulatory,Technology,Technology Entity: Antitrust regulatory body opens inquiry into regional market practices,
2025-11-15,Europe (EMEA),Financials,Regulatory,Financials,Financials Entity: New carbon emission compliance laws impose cross-border export tariffs,
2025-11-15,Europe (EMEA),Financials,General (Neutral / Positive),Financials,Financials Entity: Export volumes maintain stable baseline trajectory across key markets,
2025-11-15,Europe (EMEA),Consumer & Retail,Regulatory,Consumer,Consumer Entity: Antitrust regulatory body opens inquiry into regional market practices,
2025-11-15,Europe (EMEA),Consumer & Retail,General (Neutral / Positive),Consumer,Consumer Entity: Quarterly operational targets met amid steady international demand,
2025-11-15,Europe (EMEA),Consumer & Retail,Operational,Consumer,Consumer Entity: Labor union strike halts manufacturing assembly lines across region,
2025-11-15,Europe (EMEA),Consumer & Retail,General (Neutral / Positive),Consumer,Consumer Entity: Quarterly operational targets met amid steady international demand,
2025-11-15,Europe (EMEA),Energy & Raw Materials,General (Neutral / Positive),Energy,Energy Entity: Quarterly operational targets met amid steady international demand,
2025-11-15,Europe (EMEA),Energy & Raw Materials,Financial,Energy,Energy Entity: Debt service obligations squeeze net liquidity across corporate division,
2025-11-15,Asia (APAC),Industrials / Manufacturing,Operational,Industrials,Industrials Entity: Factory plant outage reported due to critical microchip supply delays,
2025-11-15,Asia (APAC),Industrials / Manufacturing,Regulatory,Industrials,Industrials Entity: Strict data privacy enforcement imposes steep non-compliance penalties,
2025-11-15,Asia (APAC),Technology,General (Neutral / Positive),Technology,Technology Entity: Export volumes maintain stable baseline trajectory across key markets,
2025-11-15,Asia (APAC),Technology,Strategic,Technology,Technology Entity: Shifting consumer demand creates inventory obsolescence ahead of launch,
2025-11-15,Asia (APAC),Financials,General (Neutral / Positive),Financials,Financials Entity: Company announces expansion into automated production facilities,
2025-11-15,Asia (APAC),Financials,Financial,Financials,Financials Entity: Debt service obligations squeeze net liquidity across corporate division,
2025-11-15,Asia (APAC),Financials,General (Neutral / Positive),Financials,Financials Entity: Strategic research partnership formed to drive clean energy innovation,
2025-11-15,Asia (APAC),Financials,Strategic,Financials,Financials Entity: Market share loss accelerates as low-cost competitors expand reach,
2025-11-15,Asia (APAC),Consumer & Retail,Operational,Consumer,Consumer Entity: Factory plant outage reported due to critical microchip supply delays,
2025-11-15,Asia (APAC),Consumer & Retail,Financial,Consumer,Consumer Entity: Revenue miss triggers stock price volatility and credit rating review,
2025-11-15,Asia (APAC),Consumer & Retail,General (Neutral / Positive),Consumer,Consumer Entity: Strategic research partnership formed to drive clean energy innovation,
2025-11-15,Asia (APAC),Consumer & Retail,General (Neutral / Positive),Consumer,Consumer Entity: Company announces expansion into automated production facilities,
2025-11-15,Asia (APAC),Energy & Raw Materials,Operational,Energy,Energy Entity: Labor union strike halts manufacturing assembly lines across region,
2025-11-15,Asia (APAC),Energy & Raw Materials,Financial,Energy,Energy Entity: Inflationary cost pressures reduce operational cash flow estimates,
2025-11-15,Asia (APAC),Energy & Raw Materials,Strategic,Energy,Energy Entity: Failed corporate acquisition leaves regional expansion strategy unclear,
2025-11-15,Asia (APAC),Energy & Raw Materials,Operational,Energy,Energy Entity: Raw material shortage forces temporary reduction in production targets,
2025-11-22,Global,Industrials / Manufacturing,Regulatory,Industrials,Industrials Entity: Bilateral trade restriction sanctions disrupt overseas supply channels,
2025-11-22,Global,Industrials / Manufacturing,Operational,Industrials,Industrials Entity: Factory plant outage reported due to critical microchip supply delays,
2025-11-22,Global,Technology,Operational,Technology,Technology Entity: Factory plant outage reported due to critical microchip supply delays,
2025-11-22,Global,Technology,General (Neutral / Positive),Technology,Technology Entity: Export volumes maintain stable baseline trajectory across key markets,
2025-11-22,Global,Technology,General (Neutral / Positive),Technology,Technology Entity: Quarterly operational targets met amid steady international demand,
2025-11-22,Global,Technology,Financial,Technology,Technology Entity: Inflationary cost pressures reduce operational cash flow estimates,
2025-11-22,Global,Financials,Strategic,Financials,Financials Entity: Market share loss accelerates as low-cost competitors expand reach,
2025-11-22,Global,Financials,Strategic,Financials,Financials Entity: Failed corporate acquisition leaves regional expansion strategy unclear,
2025-11-22,Global,Financials,Strategic,Financials,Financials Entity: Delayed product transition threatens long-term sector competitiveness,
2025-11-22,Global,Financials,Operational,Financials,Financials Entity: Factory plant outage reported due to critical microchip supply delays,
2025-11-22,Global,Consumer & Retail,General (Neutral / Positive),Consumer,Consumer Entity: Strategic research partnership formed to drive clean energy innovation,
2025-11-22,Global,Consumer & Retail,Strategic,Consumer,Consumer Entity: Failed corporate acquisition leaves regional expansion strategy unclear,
2025-11-22,Global,Consumer & Retail,Strategic,Consumer,Consumer Entity: Delayed product transition threatens long-term sector competitiveness,
2025-11-22,Global,Energy & Raw Materials,Regulatory,Energy,Energy Entity: Bilateral trade restriction sanctions disrupt overseas supply channels,
2025-11-22,Global,Energy & Raw Materials,Financial,Energy,Energy Entity: Revenue miss triggers stock price volatility and credit rating review,
2025-11-22,Global,Energy & Raw Materials,General (Neutral / Positive),Energy,Energy Entity: Company announces expansion into automated production facilities,
2025-11-22,Global,Energy & Raw Materials,Financial,Energy,Energy Entity: Debt service obligations squeeze net liquidity across corporate division,
2025-11-22,Americas (including U.S.),Industrials / Manufacturing,General (Neutral / Positive),Industrials,Industrials Entity: Quarterly operational targets met amid steady international demand,
2025-11-22,Americas (including U.S.),Industrials / Manufacturing,Financial,Industrials,Industrials Entity: Inflationary cost pressures reduce operational cash flow estimates,
2025-11-22,Americas (including U.S.),Technology,Financial,Technology,Technology Entity: Inflationary cost pressures reduce operational cash flow estimates,
2025-11-22,Americas (including U.S.),Technology,General (Neutral / Positive),Technology,Technology Entity: Company announces expansion into automated production facilities,
2025-11-22,Americas (including U.S.),Financials,Financial,Financials,Financials Entity: Debt service obligations squeeze net liquidity across corporate division,
2025-11-22,Americas (including U.S.),Financials,Operational,Financials,Financials Entity: Raw material shortage forces temporary reduction in production targets,
2025-11-22,Americas (including U.S.),Financials,Operational,Financials,Financials Entity: Transit port congestion creates transit bottleneck for key component parts,
2025-11-22,Americas (including U.S.),Financials,Regulatory,Financials,Financials Entity: New carbon emission compliance laws impose cross-border export tariffs,
2025-11-22,Americas (including U.S.),Consumer & Retail,Strategic,Consumer,Consumer Entity: Delayed product transition threatens long-term sector competitiveness,
2025-11-22,Americas (including U.S.),Consumer & Retail,Strategic,Consumer,Consumer Entity: Delayed product transition threatens long-term sector competitiveness,
2025-11-22,Americas (including U.S.),Energy & Raw Materials,Financial,Energy,Energy Entity: Inflationary cost pressures reduce operational cash flow estimates,
2025-11-22,Americas (including U.S.),Energy & Raw Materials,General (Neutral / Positive),Energy,Energy Entity: Company announces expansion into automated production facilities,
2025-11-22,Europe (EMEA),Industrials / Manufacturing,General (Neutral / Positive),Industrials,Industrials Entity: Export volumes maintain stable baseline trajectory across key markets,
2025-11-22,Europe (EMEA),Industrials / Manufacturing,Financial,Industrials,Industrials Entity: Credit downgrade warning issued following quarterly margin compression,
2025-11-22,Europe (EMEA),Technology,General (Neutral / Positive),Technology,Technology Entity: Export volumes maintain stable baseline trajectory across key markets,
2025-11-22,Europe (EMEA),Technology,General (Neutral / Positive),Technology,Technology Entity: Company announces expansion into automated production facilities,
2025-11-22,Europe (EMEA),Technology,General (Neutral / Positive),Technology,Technology Entity: Strategic research partnership formed to drive clean energy innovation,
2025-11-22,Europe (EMEA),Financials,Strategic,Financials,Financials Entity: Delayed product transition threatens long-term sector competitiveness,
2025-11-22,Europe (EMEA),Financials,General (Neutral / Positive),Financials,Financials Entity: Strategic research partnership formed to drive clean energy innovation,
2025-11-22,Europe (EMEA),Financials,General (Neutral / Positive),Financials,Financials Entity: Strategic research partnership formed to drive clean energy innovation,
2025-11-22,Europe (EMEA),Consumer & Retail,Operational,Consumer,Consumer Entity: Raw material shortage forces temporary reduction in production targets,
2025-11-22,Europe (EMEA),Consumer & Retail,General (Neutral / Positive),Consumer,Consumer Entity: Strategic research partnership formed to drive clean energy innovation,
2025-11-22,Europe (EMEA),Energy & Raw Materials,Financial,Energy,Energy Entity: Inflationary cost pressures reduce operational cash flow estimates,
2025-11-22,Europe (EMEA),Energy & Raw Materials,Financial,Energy,Energy Entity: Revenue miss triggers stock price volatility and credit rating review,
2025-11-22,Asia (APAC),Industrials / Manufacturing,Financial,Industrials,Industrials Entity: Inflationary cost pressures reduce operational cash flow estimates,
2025-11-22,Asia (APAC),Industrials / Manufacturing,Financial,Industrials,Industrials Entity: Credit downgrade warning issued following quarterly margin compression,
2025-11-22,Asia (APAC),Technology,Regulatory,Technology,Technology Entity: Strict data privacy enforcement imposes steep non-compliance penalties,
2025-11-22,Asia (APAC),Technology,Strategic,Technology,Technology Entity: Delayed product transition threatens long-term sector competitiveness,
2025-11-22,Asia (APAC),Financials,General (Neutral / Positive),Financials,Financials Entity: Strategic research partnership formed to drive clean energy innovation,
2025-11-22,Asia (APAC),Financials,General (Neutral / Positive),Financials,Financials Entity: Export volumes maintain stable baseline trajectory across key markets,
2025-11-22,Asia (APAC),Financials,Strategic,Financials,Financials Entity: Delayed product transition threatens long-term sector competitiveness,
2025-11-22,Asia (APAC),Financials,Financial,Financials,Financials Entity: Debt service obligations squeeze net liquidity across corporate division,
2025-11-22,Asia (APAC),Consumer & Retail,General (Neutral / Positive),Consumer,Consumer Entity: Export volumes maintain stable baseline trajectory across key markets,
2025-11-22,Asia (APAC),Consumer & Retail,Strategic,Consumer,Consumer Entity: Failed corporate acquisition leaves regional expansion strategy unclear,
2025-11-22,Asia (APAC),Consumer & Retail,Financial,Consumer,Consumer Entity: Inflationary cost pressures reduce operational cash flow estimates,
2025-11-22,Asia (APAC),Energy & Raw Materials,Operational,Energy,Energy Entity: Raw material shortage forces temporary reduction in production targets,
2025-11-22,Asia (APAC),Energy & Raw Materials,Operational,Energy,Energy Entity: Factory plant outage reported due to critical microchip supply delays,
2025-11-29,Global,Industrials / Manufacturing,General (Neutral / Positive),Industrials,Industrials Entity: Strategic research partnership formed to drive clean energy innovation,
2025-11-29,Global,Industrials / Manufacturing,Financial,Industrials,Industrials Entity: Debt service obligations squeeze net liquidity across corporate division,
2025-11-29,Global,Industrials / Manufacturing,Operational,Industrials,Industrials Entity: Factory plant outage reported due to critical microchip supply delays,
2025-11-29,Global,Technology,General (Neutral / Positive),Technology,Technology Entity: Strategic research partnership formed to drive clean energy innovation,
2025-11-29,Global,Technology,Financial,Technology,Technology Entity: Debt service obligations squeeze net liquidity across corporate division,
2025-11-29,Global,Financials,General (Neutral / Positive),Financials,Financials Entity: Export volumes maintain stable baseline trajectory across key markets,
2025-11-29,Global,Financials,Regulatory,Financials,Financials Entity: Antitrust regulatory body opens inquiry into regional market practices,
2025-11-29,Global,Financials,General (Neutral / Positive),Financials,Financials Entity: Company announces expansion into automated production facilities,
2025-11-29,Global,Consumer & Retail,Regulatory,Consumer,Consumer Entity: Strict data privacy enforcement imposes steep non-compliance penalties,
2025-11-29,Global,Consumer & Retail,General (Neutral / Positive),Consumer,Consumer Entity: Strategic research partnership formed to drive clean energy innovation,
2025-11-29,Global,Consumer & Retail,Financial,Consumer,Consumer Entity: Credit downgrade warning issued following quarterly margin compression,
2025-11-29,Global,Consumer & Retail,General (Neutral / Positive),Consumer,Consumer Entity: Strategic research partnership formed to drive clean energy innovation,
2025-11-29,Global,Energy & Raw Materials,Strategic,Energy,Energy Entity: Failed corporate acquisition leaves regional expansion strategy unclear,
2025-11-29,Global,Energy & Raw Materials,Regulatory,Energy,Energy Entity: Antitrust regulatory body opens inquiry into regional market practices,
2025-11-29,Americas (including U.S.),Industrials / Manufacturing,Operational,Industrials,Industrials Entity: Raw material shortage forces temporary reduction in production targets,
2025-11-29,Americas (including U.S.),Industrials / Manufacturing,Operational,Industrials,Industrials Entity: Factory plant outage reported due to critical microchip supply delays,
2025-11-29,Americas (including U.S.),Technology,General (Neutral / Positive),Technology,Technology Entity: Export volumes maintain stable baseline trajectory across key markets,
2025-11-29,Americas (including U.S.),Technology,General (Neutral / Positive),Technology,Technology Entity: Quarterly operational targets met amid steady international demand,
2025-11-29,Americas (including U.S.),Technology,General (Neutral / Positive),Technology,Technology Entity: Strategic research partnership formed to drive clean energy innovation,
2025-11-29,Americas (including U.S.),Technology,General (Neutral / Positive),Technology,Technology Entity: Export volumes maintain stable baseline trajectory across key markets,
2025-11-29,Americas (including U.S.),Financials,Regulatory,Financials,Financials Entity: New carbon emission compliance laws impose cross-border export tariffs,
2025-11-29,Americas (including U.S.),Financials,General (Neutral / Positive),Financials,Financials Entity: Company announces expansion into automated production facilities,
2025-11-29,Americas (including U.S.),Consumer & Retail,General (Neutral / Positive),Consumer,Consumer Entity: Export volumes maintain stable baseline trajectory across key markets,
2025-11-29,Americas (including U.S.),Consumer & Retail,Regulatory,Consumer,Consumer Entity: Bilateral trade restriction sanctions disrupt overseas supply channels,
2025-11-29,Americas (including U.S.),Consumer & Retail,General (Neutral / Positive),Consumer,Consumer Entity: Strategic research partnership formed to drive clean energy innovation,
2025-11-29,Americas (including U.S.),Energy & Raw Materials,General (Neutral / Positive),Energy,Energy Entity: Company announces expansion into automated production facilities,
2025-11-29,Americas (including U.S.),Energy & Raw Materials,General (Neutral / Positive),Energy,Energy Entity: Company announces expansion into automated production facilities,
2025-11-29,Americas (including U.S.),Energy & Raw Materials,General (Neutral / Positive),Energy,Energy Entity: Quarterly operational targets met amid steady international demand,
2025-11-29,Europe (EMEA),Industrials / Manufacturing,General (Neutral / Positive),Industrials,Industrials Entity: Export volumes maintain stable baseline trajectory across key markets,
2025-11-29,Europe (EMEA),Industrials / Manufacturing,General (Neutral / Positive),Industrials,Industrials Entity: Strategic research partnership formed to drive clean energy innovation,
2025-11-29,Europe (EMEA),Technology,Regulatory,Technology,Technology Entity: Strict data privacy enforcement imposes steep non-compliance penalties,
2025-11-29,Europe (EMEA),Technology,Strategic,Technology,Technology Entity: Delayed product transition threatens long-term sector competitiveness,
2025-11-29,Europe (EMEA),Technology,Regulatory,Technology,Technology Entity: New carbon emission compliance laws impose cross-border export tariffs,
2025-11-29,Europe (EMEA),Technology,General (Neutral / Positive),Technology,Technology Entity: Strategic research partnership formed to drive clean energy innovation,
2025-11-29,Europe (EMEA),Financials,Financial,Financials,Financials Entity: Revenue miss triggers stock price volatility and credit rating review,
2025-11-29,Europe (EMEA),Financials,General (Neutral / Positive),Financials,Financials Entity: Strategic research partnership formed to drive clean energy innovation,
2025-11-29,Europe (EMEA),Financials,Regulatory,Financials,Financials Entity: New carbon emission compliance laws impose cross-border export tariffs,
2025-11-29,Europe (EMEA),Financials,General (Neutral / Positive),Financials,Financials Entity: Strategic research partnership formed to drive clean energy innovation,
2025-11-29,Europe (EMEA),Consumer & Retail,Regulatory,Consumer,Consumer Entity: Strict data privacy enforcement imposes steep non-compliance penalties,
2025-11-29,Europe (EMEA),Consumer & Retail,Operational,Consumer,Consumer Entity: Factory plant outage reported due to critical microchip supply delays,
2025-11-29,Europe (EMEA),Consumer & Retail,General (Neutral / Positive),Consumer,Consumer Entity: Export volumes maintain stable baseline trajectory across key markets,
2025-11-29,Europe (EMEA),Energy & Raw Materials,Strategic,Energy,Energy Entity: Delayed product transition threatens long-term sector competitiveness,
2025-11-29,Europe (EMEA),Energy & Raw Materials,General (Neutral / Positive),Energy,Energy Entity: Company announces expansion into automated production facilities,
2025-11-29,Europe (EMEA),Energy & Raw Materials,Regulatory,Energy,Energy Entity: Strict data privacy enforcement imposes steep non-compliance penalties,
2025-11-29,Europe (EMEA),Energy & Raw Materials,General (Neutral / Positive),Energy,Energy Entity: Strategic research partnership formed to drive clean energy innovation,
2025-11-29,Asia (APAC),Industrials / Manufacturing,General (Neutral / Positive),Industrials,Industrials Entity: Export volumes maintain stable baseline trajectory across key markets,
2025-11-29,Asia (APAC),Industrials / Manufacturing,General (Neutral / Positive),Industrials,Industrials Entity: Export volumes maintain stable baseline trajectory across key markets,
2025-11-29,Asia (APAC),Industrials / Manufacturing,Regulatory,Industrials,Industrials Entity: Antitrust regulatory body opens inquiry into regional market practices,
2025-11-29,Asia (APAC),Industrials / Manufacturing,General (Neutral / Positive),Industrials,Industrials Entity: Quarterly operational targets met amid steady international demand,
2025-11-29,Asia (APAC),Technology,Financial,Technology,Technology Entity: Credit downgrade warning issued following quarterly margin compression,
2025-11-29,Asia (APAC),Technology,General (Neutral / Positive),Technology,Technology Entity: Company announces expansion into automated production facilities,
2025-11-29,Asia (APAC),Financials,General (Neutral / Positive),Financials,Financials Entity: Strategic research partnership formed to drive clean energy innovation,
2025-11-29,Asia (APAC),Financials,Strategic,Financials,Financials Entity: Shifting consumer demand creates inventory obsolescence ahead of launch,
2025-11-29,Asia (APAC),Financials,Regulatory,Financials,Financials Entity: Antitrust regulatory body opens inquiry into regional market practices,
2025-11-29,Asia (APAC),Financials,Strategic,Financials,Financials Entity: Market share loss accelerates as low-cost competitors expand reach,
2025-11-29,Asia (APAC),Consumer & Retail,General (Neutral / Positive),Consumer,Consumer Entity: Strategic research partnership formed to drive clean energy innovation,
2025-11-29,Asia (APAC),Consumer & Retail,Financial,Consumer,Consumer Entity: Debt service obligations squeeze net liquidity across corporate division,
2025-11-29,Asia (APAC),Consumer & Retail,Strategic,Consumer,Consumer Entity: Shifting consumer demand creates inventory obsolescence ahead of launch,
2025-11-29,Asia (APAC),Energy & Raw Materials,Financial,Energy,Energy Entity: Debt service obligations squeeze net liquidity across corporate division,
2025-11-29,Asia (APAC),Energy & Raw Materials,Operational,Energy,Energy Entity: Raw material shortage forces temporary reduction in production targets,
2025-11-29,Asia (APAC),Energy & Raw Materials,General (Neutral / Positive),Energy,Energy Entity: Export volumes maintain stable baseline trajectory across key markets,
2025-11-29,Asia (APAC),Energy & Raw Materials,Strategic,Energy,Energy Entity: Failed corporate acquisition leaves regional expansion strategy unclear,
2025-12-06,Global,Industrials / Manufacturing,General (Neutral / Positive),Industrials,Industrials Entity: Export volumes maintain stable baseline trajectory across key markets,
2025-12-06,Global,Industrials / Manufacturing,Financial,Industrials,Industrials Entity: Debt service obligations squeeze net liquidity across corporate division,
2025-12-06,Global,Technology,General (Neutral / Positive),Technology,Technology Entity: Export volumes maintain stable baseline trajectory across key markets,
2025-12-06,Global,Technology,General (Neutral / Positive),Technology,Technology Entity: Quarterly operational targets met amid steady international demand,
2025-12-06,Global,Technology,Regulatory,Technology,Technology Entity: Bilateral trade restriction sanctions disrupt overseas supply channels,
2025-12-06,Global,Technology,Operational,Technology,Technology Entity: Raw material shortage forces temporary reduction in production targets,
2025-12-06,Global,Financials,Regulatory,Financials,Financials Entity: Antitrust regulatory body opens inquiry into regional market practices,
2025-12-06,Global,Financials,Financial,Financials,Financials Entity: Inflationary cost pressures reduce operational cash flow estimates,
2025-12-06,Global,Financials,Strategic,Financials,Financials Entity: Delayed product transition threatens long-term sector competitiveness,
2025-12-06,Global,Financials,General (Neutral / Positive),Financials,Financials Entity: Company announces expansion into automated production facilities,
2025-12-06,Global,Consumer & Retail,General (Neutral / Positive),Consumer,Consumer Entity: Strategic research partnership formed to drive clean energy innovation,
2025-12-06,Global,Consumer & Retail,Strategic,Consumer,Consumer Entity: Shifting consumer demand creates inventory obsolescence ahead of launch,
2025-12-06,Global,Consumer & Retail,Financial,Consumer,Consumer Entity: Credit downgrade warning issued following quarterly margin compression,
2025-12-06,Global,Consumer & Retail,Strategic,Consumer,Consumer Entity: Delayed product transition threatens long-term sector competitiveness,
2025-12-06,Global,Energy & Raw Materials,Operational,Energy,Energy Entity: Labor union strike halts manufacturing assembly lines across region,
2025-12-06,Global,Energy & Raw Materials,General (Neutral / Positive),Energy,Energy Entity: Strategic research partnership formed to drive clean energy innovation,
2025-12-06,Global,Energy & Raw Materials,General (Neutral / Positive),Energy,Energy Entity: Export volumes maintain stable baseline trajectory across key markets,
2025-12-06,Global,Energy & Raw Materials,Operational,Energy,Energy Entity: Factory plant outage reported due to critical microchip supply delays,
2025-12-06,Americas (including U.S.),Industrials / Manufacturing,General (Neutral / Positive),Industrials,Industrials Entity: Export volumes maintain stable baseline trajectory across key markets,
2025-12-06,Americas (including U.S.),Industrials / Manufacturing,General (Neutral / Positive),Industrials,Industrials Entity: Strategic research partnership formed to drive clean energy innovation,
2025-12-06,Americas (including U.S.),Technology,Strategic,Technology,Technology Entity: Delayed product transition threatens long-term sector competitiveness,
2025-12-06,Americas (including U.S.),Technology,General (Neutral / Positive),Technology,Technology Entity: Strategic research partnership formed to drive clean energy innovation,
2025-12-06,Americas (including U.S.),Technology,Regulatory,Technology,Technology Entity: Strict data privacy enforcement imposes steep non-compliance penalties,
2025-12-06,Americas (including U.S.),Technology,Operational,Technology,Technology Entity: Raw material shortage forces temporary reduction in production targets,
2025-12-06,Americas (including U.S.),Financials,General (Neutral / Positive),Financials,Financials Entity: Strategic research partnership formed to drive clean energy innovation,
2025-12-06,Americas (including U.S.),Financials,Financial,Financials,Financials Entity: Credit downgrade warning issued following quarterly margin compression,
2025-12-06,Americas (including U.S.),Consumer & Retail,General (Neutral / Positive),Consumer,Consumer Entity: Company announces expansion into automated production facilities,
2025-12-06,Americas (including U.S.),Consumer & Retail,General (Neutral / Positive),Consumer,Consumer Entity: Strategic research partnership formed to drive clean energy innovation,
2025-12-06,Americas (including U.S.),Consumer & Retail,Operational,Consumer,Consumer Entity: Factory plant outage reported due to critical microchip supply delays,
2025-12-06,Americas (including U.S.),Energy & Raw Materials,Operational,Energy,Energy Entity: Transit port congestion creates transit bottleneck for key component parts,
2025-12-06,Americas (including U.S.),Energy & Raw Materials,Operational,Energy,Energy Entity: Factory plant outage reported due to critical microchip supply delays,
2025-12-06,Americas (including U.S.),Energy & Raw Materials,General (Neutral / Positive),Energy,Energy Entity: Company announces expansion into automated production facilities,
2025-12-06,Americas (including U.S.),Energy & Raw Materials,Regulatory,Energy,Energy Entity: New carbon emission compliance laws impose cross-border export tariffs,
2025-12-06,Europe (EMEA),Industrials / Manufacturing,General (Neutral / Positive),Industrials,Industrials Entity: Export volumes maintain stable baseline trajectory across key markets,
2025-12-06,Europe (EMEA),Industrials / Manufacturing,Financial,Industrials,Industrials Entity: Inflationary cost pressures reduce operational cash flow estimates,
2025-12-06,Europe (EMEA),Industrials / Manufacturing,Financial,Industrials,Industrials Entity: Revenue miss triggers stock price volatility and credit rating review,
2025-12-06,Europe (EMEA),Technology,General (Neutral / Positive),Technology,Technology Entity: Export volumes maintain stable baseline trajectory across key markets,
2025-12-06,Europe (EMEA),Technology,General (Neutral / Positive),Technology,Technology Entity: Quarterly operational targets met amid steady international demand,
2025-12-06,Europe (EMEA),Technology,Financial,Technology,Technology Entity: Debt service obligations squeeze net liquidity across corporate division,
2025-12-06,Europe (EMEA),Financials,General (Neutral / Positive),Financials,Financials Entity: Export volumes maintain stable baseline trajectory across key markets,
2025-12-06,Europe (EMEA),Financials,Regulatory,Financials,Financials Entity: New carbon emission compliance laws impose cross-border export tariffs,
2025-12-06,Europe (EMEA),Consumer & Retail,Operational,Consumer,Consumer Entity: Transit port congestion creates transit bottleneck for key component parts,
2025-12-06,Europe (EMEA),Consumer & Retail,Operational,Consumer,Consumer Entity: Raw material shortage forces temporary reduction in production targets,
2025-12-06,Europe (EMEA),Consumer & Retail,Operational,Consumer,Consumer Entity: Labor union strike halts manufacturing assembly lines across region,
2025-12-06,Europe (EMEA),Energy & Raw Materials,Operational,Energy,Energy Entity: Raw material shortage forces temporary reduction in production targets,
2025-12-06,Europe (EMEA),Energy & Raw Materials,Strategic,Energy,Energy Entity: Failed corporate acquisition leaves regional expansion strategy unclear,
2025-12-06,Europe (EMEA),Energy & Raw Materials,Strategic,Energy,Energy Entity: Market share loss accelerates as low-cost competitors expand reach,
2025-12-06,Asia (APAC),Industrials / Manufacturing,Financial,Industrials,Industrials Entity: Credit downgrade warning issued following quarterly margin compression,
2025-12-06,Asia (APAC),Industrials / Manufacturing,General (Neutral / Positive),Industrials,Industrials Entity: Strategic research partnership formed to drive clean energy innovation,
2025-12-06,Asia (APAC),Industrials / Manufacturing,Financial,Industrials,Industrials Entity: Debt service obligations squeeze net liquidity across corporate division,
2025-12-06,Asia (APAC),Technology,Financial,Technology,Technology Entity: Inflationary cost pressures reduce operational cash flow estimates,
2025-12-06,Asia (APAC),Technology,Strategic,Technology,Technology Entity: Failed corporate acquisition leaves regional expansion strategy unclear,
2025-12-06,Asia (APAC),Technology,Strategic,Technology,Technology Entity: Failed corporate acquisition leaves regional expansion strategy unclear,
2025-12-06,Asia (APAC),Technology,Operational,Technology,Technology Entity: Raw material shortage forces temporary reduction in production targets,
2025-12-06,Asia (APAC),Financials,General (Neutral / Positive),Financials,Financials Entity: Strategic research partnership formed to drive clean energy innovation,
2025-12-06,Asia (APAC),Financials,General (Neutral / Positive),Financials,Financials Entity: Company announces expansion into automated production facilities,
2025-12-06,Asia (APAC),Financials,Financial,Financials,Financials Entity: Inflationary cost pressures reduce operational cash flow estimates,
2025-12-06,Asia (APAC),Financials,General (Neutral / Positive),Financials,Financials Entity: Quarterly operational targets met amid steady international demand,
2025-12-06,Asia (APAC),Consumer & Retail,Regulatory,Consumer,Consumer Entity: New carbon emission compliance laws impose cross-border export tariffs,
2025-12-06,Asia (APAC),Consumer & Retail,Operational,Consumer,Consumer Entity: Labor union strike halts manufacturing assembly lines across region,
2025-12-06,Asia (APAC),Energy & Raw Materials,Operational,Energy,Energy Entity: Raw material shortage forces temporary reduction in production targets,
2025-12-06,Asia (APAC),Energy & Raw Materials,Strategic,Energy,Energy Entity: Failed corporate acquisition leaves regional expansion strategy unclear,
2025-12-06,Asia (APAC),Energy & Raw Materials,General (Neutral / Positive),Energy,Energy Entity: Export volumes maintain stable baseline trajectory across key markets,
2025-12-06,Asia (APAC),Energy & Raw Materials,General (Neutral / Positive),Energy,Energy Entity: Company announces expansion into automated production facilities,
2025-12-13,Global,Industrials / Manufacturing,Financial,Industrials,Industrials Entity: Credit downgrade warning issued following quarterly margin compression,
2025-12-13,Global,Industrials / Manufacturing,Operational,Industrials,Industrials Entity: Transit port congestion creates transit bottleneck for key component parts,
2025-12-13,Global,Technology,General (Neutral / Positive),Technology,Technology Entity: Strategic research partnership formed to drive clean energy innovation,
2025-12-13,Global,Technology,Regulatory,Technology,Technology Entity: Strict data privacy enforcement imposes steep non-compliance penalties,
2025-12-13,Global,Financials,Operational,Financials,Financials Entity: Raw material shortage forces temporary reduction in production targets,
2025-12-13,Global,Financials,General (Neutral / Positive),Financials,Financials Entity: Company announces expansion into automated production facilities,
2025-12-13,Global,Consumer & Retail,General (Neutral / Positive),Consumer,Consumer Entity: Company announces expansion into automated production facilities,
2025-12-13,Global,Consumer & Retail,General (Neutral / Positive),Consumer,Consumer Entity: Quarterly operational targets met amid steady international demand,
2025-12-13,Global,Consumer & Retail,Regulatory,Consumer,Consumer Entity: New carbon emission compliance laws impose cross-border export tariffs,
2025-12-13,Global,Consumer & Retail,Strategic,Consumer,Consumer Entity: Market share loss accelerates as low-cost competitors expand reach,
2025-12-13,Global,Energy & Raw Materials,General (Neutral / Positive),Energy,Energy Entity: Company announces expansion into automated production facilities,
2025-12-13,Global,Energy & Raw Materials,General (Neutral / Positive),Energy,Energy Entity: Quarterly operational targets met amid steady international demand,
2025-12-13,Global,Energy & Raw Materials,General (Neutral / Positive),Energy,Energy Entity: Strategic research partnership formed to drive clean energy innovation,
2025-12-13,Americas (including U.S.),Industrials / Manufacturing,General (Neutral / Positive),Industrials,Industrials Entity: Export volumes maintain stable baseline trajectory across key markets,
2025-12-13,Americas (including U.S.),Industrials / Manufacturing,Financial,Industrials,Industrials Entity: Inflationary cost pressures reduce operational cash flow estimates,
2025-12-13,Americas (including U.S.),Technology,General (Neutral / Positive),Technology,Technology Entity: Quarterly operational targets met amid steady international demand,
2025-12-13,Americas (including U.S.),Technology,General (Neutral / Positive),Technology,Technology Entity: Strategic research partnership formed to drive clean energy innovation,
2025-12-13,Americas (including U.S.),Technology,General (Neutral / Positive),Technology,Technology Entity: Export volumes maintain stable baseline trajectory across key markets,
2025-12-13,Americas (including U.S.),Financials,General (Neutral / Positive),Financials,Financials Entity: Quarterly operational targets met amid steady international demand,
2025-12-13,Americas (including U.S.),Financials,Strategic,Financials,Financials Entity: Delayed product transition threatens long-term sector competitiveness,
2025-12-13,Americas (including U.S.),Financials,General (Neutral / Positive),Financials,Financials Entity: Strategic research partnership formed to drive clean energy innovation,
2025-12-13,Americas (including U.S.),Financials,Operational,Financials,Financials Entity: Factory plant outage reported due to critical microchip supply delays,
2025-12-13,Americas (including U.S.),Consumer & Retail,General (Neutral / Positive),Consumer,Consumer Entity: Export volumes maintain stable baseline trajectory across key markets,
2025-12-13,Americas (including U.S.),Consumer & Retail,Operational,Consumer,Consumer Entity: Factory plant outage reported due to critical microchip supply delays,
2025-12-13,Americas (including U.S.),Consumer & Retail,Regulatory,Consumer,Consumer Entity: Antitrust regulatory body opens inquiry into regional market practices,
2025-12-13,Americas (including U.S.),Consumer & Retail,General (Neutral / Positive),Consumer,Consumer Entity: Company announces expansion into automated production facilities,
2025-12-13,Americas (including U.S.),Energy & Raw Materials,Regulatory,Energy,Energy Entity: Strict data privacy enforcement imposes steep non-compliance penalties,
2025-12-13,Americas (including U.S.),Energy & Raw Materials,Regulatory,Energy,Energy Entity: Strict data privacy enforcement imposes steep non-compliance penalties,
2025-12-13,Americas (including U.S.),Energy & Raw Materials,Operational,Energy,Energy Entity: Transit port congestion creates transit bottleneck for key component parts,
2025-12-13,Americas (including U.S.),Energy & Raw Materials,Regulatory,Energy,Energy Entity: Antitrust regulatory body opens inquiry into regional market practices,
2025-12-13,Europe (EMEA),Industrials / Manufacturing,General (Neutral / Positive),Industrials,Industrials Entity: Company announces expansion into automated production facilities,
2025-12-13,Europe (EMEA),Industrials / Manufacturing,Strategic,Industrials,Industrials Entity: Failed corporate acquisition leaves regional expansion strategy unclear,
2025-12-13,Europe (EMEA),Industrials / Manufacturing,General (Neutral / Positive),Industrials,Industrials Entity: Strategic research partnership formed to drive clean energy innovation,
2025-12-13,Europe (EMEA),Industrials / Manufacturing,Operational,Industrials,Industrials Entity: Raw material shortage forces temporary reduction in production targets,
2025-12-13,Europe (EMEA),Technology,Financial,Technology,Technology Entity: Inflationary cost pressures reduce operational cash flow estimates,
2025-12-13,Europe (EMEA),Technology,General (Neutral / Positive),Technology,Technology Entity: Export volumes maintain stable baseline trajectory across key markets,
2025-12-13,Europe (EMEA),Technology,Operational,Technology,Technology Entity: Raw material shortage forces temporary reduction in production targets,
2025-12-13,Europe (EMEA),Financials,General (Neutral / Positive),Financials,Financials Entity: Strategic research partnership formed to drive clean energy innovation,
2025-12-13,Europe (EMEA),Financials,General (Neutral / Positive),Financials,Financials Entity: Export volumes maintain stable baseline trajectory across key markets,
2025-12-13,Europe (EMEA),Financials,Regulatory,Financials,Financials Entity: Strict data privacy enforcement imposes steep non-compliance penalties,
2025-12-13,Europe (EMEA),Financials,General (Neutral / Positive),Financials,Financials Entity: Export volumes maintain stable baseline trajectory across key markets,
2025-12-13,Europe (EMEA),Consumer & Retail,Strategic,Consumer,Consumer Entity: Failed corporate acquisition leaves regional expansion strategy unclear,
2025-12-13,Europe (EMEA),Consumer & Retail,Strategic,Consumer,Consumer Entity: Failed corporate acquisition leaves regional expansion strategy unclear,
2025-12-13,Europe (EMEA),Consumer & Retail,Operational,Consumer,Consumer Entity: Raw material shortage forces temporary reduction in production targets,
2025-12-13,Europe (EMEA),Energy & Raw Materials,Financial,Energy,Energy Entity: Credit downgrade warning issued following quarterly margin compression,
2025-12-13,Europe (EMEA),Energy & Raw Materials,Financial,Energy,Energy Entity: Inflationary cost pressures reduce operational cash flow estimates,
2025-12-13,Europe (EMEA),Energy & Raw Materials,General (Neutral / Positive),Energy,Energy Entity: Export volumes maintain stable baseline trajectory across key markets,
2025-12-13,Asia (APAC),Industrials / Manufacturing,Strategic,Industrials,Industrials Entity: Delayed product transition threatens long-term sector competitiveness,
2025-12-13,Asia (APAC),Industrials / Manufacturing,General (Neutral / Positive),Industrials,Industrials Entity: Quarterly operational targets met amid steady international demand,
2025-12-13,Asia (APAC),Industrials / Manufacturing,General (Neutral / Positive),Industrials,Industrials Entity: Company announces expansion into automated production facilities,
2025-12-13,Asia (APAC),Industrials / Manufacturing,General (Neutral / Positive),Industrials,Industrials Entity: Quarterly operational targets met amid steady international demand,
2025-12-13,Asia (APAC),Technology,General (Neutral / Positive),Technology,Technology Entity: Strategic research partnership formed to drive clean energy innovation,
2025-12-13,Asia (APAC),Technology,Regulatory,Technology,Technology Entity: New carbon emission compliance laws impose cross-border export tariffs,
2025-12-13,Asia (APAC),Technology,General (Neutral / Positive),Technology,Technology Entity: Company announces expansion into automated production facilities,
2025-12-13,Asia (APAC),Technology,Strategic,Technology,Technology Entity: Shifting consumer demand creates inventory obsolescence ahead of launch,
2025-12-13,Asia (APAC),Financials,General (Neutral / Positive),Financials,Financials Entity: Strategic research partnership formed to drive clean energy innovation,
2025-12-13,Asia (APAC),Financials,Operational,Financials,Financials Entity: Labor union strike halts manufacturing assembly lines across region,
2025-12-13,Asia (APAC),Financials,General (Neutral / Positive),Financials,Financials Entity: Strategic research partnership formed to drive clean energy innovation,
2025-12-13,Asia (APAC),Consumer & Retail,Financial,Consumer,Consumer Entity: Inflationary cost pressures reduce operational cash flow estimates,
2025-12-13,Asia (APAC),Consumer & Retail,General (Neutral / Positive),Consumer,Consumer Entity: Quarterly operational targets met amid steady international demand,
2025-12-13,Asia (APAC),Energy & Raw Materials,General (Neutral / Positive),Energy,Energy Entity: Company announces expansion into automated production facilities,
2025-12-13,Asia (APAC),Energy & Raw Materials,Strategic,Energy,Energy Entity: Market share loss accelerates as low-cost competitors expand reach,
2025-12-13,Asia (APAC),Energy & Raw Materials,General (Neutral / Positive),Energy,Energy Entity: Quarterly operational targets met amid steady international demand,
2025-12-20,Global,Industrials / Manufacturing,General (Neutral / Positive),Industrials,Industrials Entity: Export volumes maintain stable baseline trajectory across key markets,
2025-12-20,Global,Industrials / Manufacturing,General (Neutral / Positive),Industrials,Industrials Entity: Quarterly operational targets met amid steady international demand,
2025-12-20,Global,Industrials / Manufacturing,General (Neutral / Positive),Industrials,Industrials Entity: Export volumes maintain stable baseline trajectory across key markets,
2025-12-20,Global,Technology,Strategic,Technology,Technology Entity: Delayed product transition threatens long-term sector competitiveness,
2025-12-20,Global,Technology,General (Neutral / Positive),Technology,Technology Entity: Export volumes maintain stable baseline trajectory across key markets,
2025-12-20,Global,Financials,Operational,Financials,Financials Entity: Factory plant outage reported due to critical microchip supply delays,
2025-12-20,Global,Financials,Financial,Financials,Financials Entity: Debt service obligations squeeze net liquidity across corporate division,
2025-12-20,Global,Financials,Financial,Financials,Financials Entity: Credit downgrade warning issued following quarterly margin compression,
2025-12-20,Global,Consumer & Retail,Financial,Consumer,Consumer Entity: Credit downgrade warning issued following quarterly margin compression,
2025-12-20,Global,Consumer & Retail,General (Neutral / Positive),Consumer,Consumer Entity: Quarterly operational targets met amid steady international demand,
2025-12-20,Global,Consumer & Retail,General (Neutral / Positive),Consumer,Consumer Entity: Company announces expansion into automated production facilities,
2025-12-20,Global,Consumer & Retail,Strategic,Consumer,Consumer Entity: Shifting consumer demand creates inventory obsolescence ahead of launch,
2025-12-20,Global,Energy & Raw Materials,General (Neutral / Positive),Energy,Energy Entity: Export volumes maintain stable baseline trajectory across key markets,
2025-12-20,Global,Energy & Raw Materials,Regulatory,Energy,Energy Entity: Bilateral trade restriction sanctions disrupt overseas supply channels,
2025-12-20,Global,Energy & Raw Materials,Operational,Energy,Energy Entity: Factory plant outage reported due to critical microchip supply delays,
2025-12-20,Americas (including U.S.),Industrials / Manufacturing,General (Neutral / Positive),Industrials,Industrials Entity: Quarterly operational targets met amid steady international demand,
2025-12-20,Americas (including U.S.),Industrials / Manufacturing,Strategic,Industrials,Industrials Entity: Shifting consumer demand creates inventory obsolescence ahead of launch,
2025-12-20,Americas (including U.S.),Technology,Operational,Technology,Technology Entity: Factory plant outage reported due to critical microchip supply delays,
2025-12-20,Americas (including U.S.),Technology,General (Neutral / Positive),Technology,Technology Entity: Company announces expansion into automated production facilities,
2025-12-20,Americas (including U.S.),Technology,General (Neutral / Positive),Technology,Technology Entity: Strategic research partnership formed to drive clean energy innovation,
2025-12-20,Americas (including U.S.),Technology,Financial,Technology,Technology Entity: Revenue miss triggers stock price volatility and credit rating review,
2025-12-20,Americas (including U.S.),Financials,Regulatory,Financials,Financials Entity: Antitrust regulatory body opens inquiry into regional market practices,
2025-12-20,Americas (including U.S.),Financials,Strategic,Financials,Financials Entity: Market share loss accelerates as low-cost competitors expand reach,
2025-12-20,Americas (including U.S.),Financials,Financial,Financials,Financials Entity: Credit downgrade warning issued following quarterly margin compression,
2025-12-20,Americas (including U.S.),Consumer & Retail,General (Neutral / Positive),Consumer,Consumer Entity: Quarterly operational targets met amid steady international demand,
2025-12-20,Americas (including U.S.),Consumer & Retail,General (Neutral / Positive),Consumer,Consumer Entity: Company announces expansion into automated production facilities,
2025-12-20,Americas (including U.S.),Energy & Raw Materials,General (Neutral / Positive),Energy,Energy Entity: Export volumes maintain stable baseline trajectory across key markets,
2025-12-20,Americas (including U.S.),Energy & Raw Materials,General (Neutral / Positive),Energy,Energy Entity: Quarterly operational targets met amid steady international demand,
2025-12-20,Americas (including U.S.),Energy & Raw Materials,General (Neutral / Positive),Energy,Energy Entity: Quarterly operational targets met amid steady international demand,
2025-12-20,Americas (including U.S.),Energy & Raw Materials,General (Neutral / Positive),Energy,Energy Entity: Strategic research partnership formed to drive clean energy innovation,
2025-12-20,Europe (EMEA),Industrials / Manufacturing,Financial,Industrials,Industrials Entity: Inflationary cost pressures reduce operational cash flow estimates,
2025-12-20,Europe (EMEA),Industrials / Manufacturing,Strategic,Industrials,Industrials Entity: Delayed product transition threatens long-term sector competitiveness,
2025-12-20,Europe (EMEA),Industrials / Manufacturing,General (Neutral / Positive),Industrials,Industrials Entity: Export volumes maintain stable baseline trajectory across key markets,
2025-12-20,Europe (EMEA),Industrials / Manufacturing,Financial,Industrials,Industrials Entity: Revenue miss triggers stock price volatility and credit rating review,
2025-12-20,Europe (EMEA),Technology,General (Neutral / Positive),Technology,Technology Entity: Strategic research partnership formed to drive clean energy innovation,
2025-12-20,Europe (EMEA),Technology,Strategic,Technology,Technology Entity: Market share loss accelerates as low-cost competitors expand reach,
2025-12-20,Europe (EMEA),Technology,Strategic,Technology,Technology Entity: Delayed product transition threatens long-term sector competitiveness,
2025-12-20,Europe (EMEA),Financials,General (Neutral / Positive),Financials,Financials Entity: Quarterly operational targets met amid steady international demand,
2025-12-20,Europe (EMEA),Financials,General (Neutral / Positive),Financials,Financials Entity: Strategic research partnership formed to drive clean energy innovation,
2025-12-20,Europe (EMEA),Financials,General (Neutral / Positive),Financials,Financials Entity: Strategic research partnership formed to drive clean energy innovation,
2025-12-20,Europe (EMEA),Consumer & Retail,General (Neutral / Positive),Consumer,Consumer Entity: Export volumes maintain stable baseline trajectory across key markets,
2025-12-20,Europe (EMEA),Consumer & Retail,Financial,Consumer,Consumer Entity: Revenue miss triggers stock price volatility and credit rating review,
2025-12-20,Europe (EMEA),Consumer & Retail,General (Neutral / Positive),Consumer,Consumer Entity: Company announces expansion into automated production facilities,
2025-12-20,Europe (EMEA),Energy & Raw Materials,General (Neutral / Positive),Energy,Energy Entity: Company announces expansion into automated production facilities,
2025-12-20,Europe (EMEA),Energy & Raw Materials,Operational,Energy,Energy Entity: Labor union strike halts manufacturing assembly lines across region,
2025-12-20,Europe (EMEA),Energy & Raw Materials,Strategic,Energy,Energy Entity: Shifting consumer demand creates inventory obsolescence ahead of launch,
2025-12-20,Europe (EMEA),Energy & Raw Materials,General (Neutral / Positive),Energy,Energy Entity: Company announces expansion into automated production facilities,
2025-12-20,Asia (APAC),Industrials / Manufacturing,Operational,Industrials,Industrials Entity: Raw material shortage forces temporary reduction in production targets,
2025-12-20,Asia (APAC),Industrials / Manufacturing,Regulatory,Industrials,Industrials Entity: Strict data privacy enforcement imposes steep non-compliance penalties,
2025-12-20,Asia (APAC),Technology,General (Neutral / Positive),Technology,Technology Entity: Company announces expansion into automated production facilities,
2025-12-20,Asia (APAC),Technology,Operational,Technology,Technology Entity: Labor union strike halts manufacturing assembly lines across region,
2025-12-20,Asia (APAC),Financials,General (Neutral / Positive),Financials,Financials Entity: Export volumes maintain stable baseline trajectory across key markets,
2025-12-20,Asia (APAC),Financials,Financial,Financials,Financials Entity: Inflationary cost pressures reduce operational cash flow estimates,
2025-12-20,Asia (APAC),Financials,General (Neutral / Positive),Financials,Financials Entity: Company announces expansion into automated production facilities,
2025-12-20,Asia (APAC),Consumer & Retail,Regulatory,Consumer,Consumer Entity: New carbon emission compliance laws impose cross-border export tariffs,
2025-12-20,Asia (APAC),Consumer & Retail,General (Neutral / Positive),Consumer,Consumer Entity: Strategic research partnership formed to drive clean energy innovation,
2025-12-20,Asia (APAC),Energy & Raw Materials,Regulatory,Energy,Energy Entity: Antitrust regulatory body opens inquiry into regional market practices,
2025-12-20,Asia (APAC),Energy & Raw Materials,General (Neutral / Positive),Energy,Energy Entity: Quarterly operational targets met amid steady international demand,
2025-12-20,Asia (APAC),Energy & Raw Materials,Strategic,Energy,Energy Entity: Failed corporate acquisition leaves regional expansion strategy unclear,
2025-12-20,Asia (APAC),Energy & Raw Materials,General (Neutral / Positive),Energy,Energy Entity: Quarterly operational targets met amid steady international demand,
2025-12-27,Global,Industrials / Manufacturing,Regulatory,Industrials,Industrials Entity: New carbon emission compliance laws impose cross-border export tariffs,
2025-12-27,Global,Industrials / Manufacturing,Operational,Industrials,Industrials Entity: Factory plant outage reported due to critical microchip supply delays,
2025-12-27,Global,Technology,Regulatory,Technology,Technology Entity: New carbon emission compliance laws impose cross-border export tariffs,
2025-12-27,Global,Technology,Financial,Technology,Technology Entity: Credit downgrade warning issued following quarterly margin compression,
2025-12-27,Global,Technology,Financial,Technology,Technology Entity: Revenue miss triggers stock price volatility and credit rating review,
2025-12-27,Global,Technology,General (Neutral / Positive),Technology,Technology Entity: Export volumes maintain stable baseline trajectory across key markets,
2025-12-27,Global,Financials,Financial,Financials,Financials Entity: Revenue miss triggers stock price volatility and credit rating review,
2025-12-27,Global,Financials,Strategic,Financials,Financials Entity: Shifting consumer demand creates inventory obsolescence ahead of launch,
2025-12-27,Global,Consumer & Retail,Strategic,Consumer,Consumer Entity: Failed corporate acquisition leaves regional expansion strategy unclear,
2025-12-27,Global,Consumer & Retail,Financial,Consumer,Consumer Entity: Revenue miss triggers stock price volatility and credit rating review,
2025-12-27,Global,Consumer & Retail,General (Neutral / Positive),Consumer,Consumer Entity: Company announces expansion into automated production facilities,
2025-12-27,Global,Energy & Raw Materials,General (Neutral / Positive),Energy,Energy Entity: Strategic research partnership formed to drive clean energy innovation,
2025-12-27,Global,Energy & Raw Materials,Strategic,Energy,Energy Entity: Market share loss accelerates as low-cost competitors expand reach,
2025-12-27,Global,Energy & Raw Materials,General (Neutral / Positive),Energy,Energy Entity: Export volumes maintain stable baseline trajectory across key markets,
2025-12-27,Americas (including U.S.),Industrials / Manufacturing,Regulatory,Industrials,Industrials Entity: Strict data privacy enforcement imposes steep non-compliance penalties,
2025-12-27,Americas (including U.S.),Industrials / Manufacturing,Operational,Industrials,Industrials Entity: Raw material shortage forces temporary reduction in production targets,
2025-12-27,Americas (including U.S.),Industrials / Manufacturing,Regulatory,Industrials,Industrials Entity: Antitrust regulatory body opens inquiry into regional market practices,
2025-12-27,Americas (including U.S.),Industrials / Manufacturing,Operational,Industrials,Industrials Entity: Raw material shortage forces temporary reduction in production targets,
2025-12-27,Americas (including U.S.),Technology,Regulatory,Technology,Technology Entity: New carbon emission compliance laws impose cross-border export tariffs,
2025-12-27,Americas (including U.S.),Technology,Regulatory,Technology,Technology Entity: Bilateral trade restriction sanctions disrupt overseas supply channels,
2025-12-27,Americas (including U.S.),Technology,Strategic,Technology,Technology Entity: Delayed product transition threatens long-term sector competitiveness,
2025-12-27,Americas (including U.S.),Financials,Financial,Financials,Financials Entity: Credit downgrade warning issued following quarterly margin compression,
2025-12-27,Americas (including U.S.),Financials,Regulatory,Financials,Financials Entity: Antitrust regulatory body opens inquiry into regional market practices,
2025-12-27,Americas (including U.S.),Consumer & Retail,Financial,Consumer,Consumer Entity: Inflationary cost pressures reduce operational cash flow estimates,
2025-12-27,Americas (including U.S.),Consumer & Retail,Regulatory,Consumer,Consumer Entity: New carbon emission compliance laws impose cross-border export tariffs,
2025-12-27,Americas (including U.S.),Consumer & Retail,Strategic,Consumer,Consumer Entity: Market share loss accelerates as low-cost competitors expand reach,
2025-12-27,Americas (including U.S.),Consumer & Retail,General (Neutral / Positive),Consumer,Consumer Entity: Quarterly operational targets met amid steady international demand,
2025-12-27,Americas (including U.S.),Energy & Raw Materials,Strategic,Energy,Energy Entity: Shifting consumer demand creates inventory obsolescence ahead of launch,
2025-12-27,Americas (including U.S.),Energy & Raw Materials,Operational,Energy,Energy Entity: Factory plant outage reported due to critical microchip supply delays,
2025-12-27,Americas (including U.S.),Energy & Raw Materials,Regulatory,Energy,Energy Entity: New carbon emission compliance laws impose cross-border export tariffs,
2025-12-27,Americas (including U.S.),Energy & Raw Materials,Financial,Energy,Energy Entity: Debt service obligations squeeze net liquidity across corporate division,
2025-12-27,Europe (EMEA),Industrials / Manufacturing,General (Neutral / Positive),Industrials,Industrials Entity: Company announces expansion into automated production facilities,
2025-12-27,Europe (EMEA),Industrials / Manufacturing,Strategic,Industrials,Industrials Entity: Market share loss accelerates as low-cost competitors expand reach,
2025-12-27,Europe (EMEA),Industrials / Manufacturing,Strategic,Industrials,Industrials Entity: Shifting consumer demand creates inventory obsolescence ahead of launch,
2025-12-27,Europe (EMEA),Industrials / Manufacturing,Regulatory,Industrials,Industrials Entity: Bilateral trade restriction sanctions disrupt overseas supply channels,
2025-12-27,Europe (EMEA),Technology,General (Neutral / Positive),Technology,Technology Entity: Company announces expansion into automated production facilities,
2025-12-27,Europe (EMEA),Technology,General (Neutral / Positive),Technology,Technology Entity: Company announces expansion into automated production facilities,
2025-12-27,Europe (EMEA),Technology,General (Neutral / Positive),Technology,Technology Entity: Export volumes maintain stable baseline trajectory across key markets,
2025-12-27,Europe (EMEA),Financials,Strategic,Financials,Financials Entity: Failed corporate acquisition leaves regional expansion strategy unclear,
2025-12-27,Europe (EMEA),Financials,Regulatory,Financials,Financials Entity: Bilateral trade restriction sanctions disrupt overseas supply channels,
2025-12-27,Europe (EMEA),Consumer & Retail,General (Neutral / Positive),Consumer,Consumer Entity: Quarterly operational targets met amid steady international demand,
2025-12-27,Europe (EMEA),Consumer & Retail,General (Neutral / Positive),Consumer,Consumer Entity: Company announces expansion into automated production facilities,
2025-12-27,Europe (EMEA),Energy & Raw Materials,Operational,Energy,Energy Entity: Factory plant outage reported due to critical microchip supply delays,
2025-12-27,Europe (EMEA),Energy & Raw Materials,Strategic,Energy,Energy Entity: Failed corporate acquisition leaves regional expansion strategy unclear,
2025-12-27,Europe (EMEA),Energy & Raw Materials,Strategic,Energy,Energy Entity: Shifting consumer demand creates inventory obsolescence ahead of launch,
2025-12-27,Europe (EMEA),Energy & Raw Materials,General (Neutral / Positive),Energy,Energy Entity: Company announces expansion into automated production facilities,
2025-12-27,Asia (APAC),Industrials / Manufacturing,Strategic,Industrials,Industrials Entity: Market share loss accelerates as low-cost competitors expand reach,
2025-12-27,Asia (APAC),Industrials / Manufacturing,General (Neutral / Positive),Industrials,Industrials Entity: Export volumes maintain stable baseline trajectory across key markets,
2025-12-27,Asia (APAC),Technology,General (Neutral / Positive),Technology,Technology Entity: Company announces expansion into automated production facilities,
2025-12-27,Asia (APAC),Technology,General (Neutral / Positive),Technology,Technology Entity: Strategic research partnership formed to drive clean energy innovation,
2025-12-27,Asia (APAC),Technology,General (Neutral / Positive),Technology,Technology Entity: Strategic research partnership formed to drive clean energy innovation,
2025-12-27,Asia (APAC),Financials,Financial,Financials,Financials Entity: Inflationary cost pressures reduce operational cash flow estimates,
2025-12-27,Asia (APAC),Financials,General (Neutral / Positive),Financials,Financials Entity: Quarterly operational targets met amid steady international demand,
2025-12-27,Asia (APAC),Financials,General (Neutral / Positive),Financials,Financials Entity: Company announces expansion into automated production facilities,
2025-12-27,Asia (APAC),Financials,Regulatory,Financials,Financials Entity: Antitrust regulatory body opens inquiry into regional market practices,
2025-12-27,Asia (APAC),Consumer & Retail,Financial,Consumer,Consumer Entity: Inflationary cost pressures reduce operational cash flow estimates,
2025-12-27,Asia (APAC),Consumer & Retail,Regulatory,Consumer,Consumer Entity: New carbon emission compliance laws impose cross-border export tariffs,
2025-12-27,Asia (APAC),Energy & Raw Materials,Strategic,Energy,Energy Entity: Failed corporate acquisition leaves regional expansion strategy unclear,
2025-12-27,Asia (APAC),Energy & Raw Materials,Strategic,Energy,Energy Entity: Failed corporate acquisition leaves regional expansion strategy unclear,
2026-01-03,Global,Industrials / Manufacturing,General (Neutral / Positive),Industrials,Industrials Entity: Company announces expansion into automated production facilities,
2026-01-03,Global,Industrials / Manufacturing,General (Neutral / Positive),Industrials,Industrials Entity: Strategic research partnership formed to drive clean energy innovation,
2026-01-03,Global,Industrials / Manufacturing,Regulatory,Industrials,Industrials Entity: Antitrust regulatory body opens inquiry into regional market practices,
2026-01-03,Global,Technology,General (Neutral / Positive),Technology,Technology Entity: Quarterly operational targets met amid steady international demand,
2026-01-03,Global,Technology,Financial,Technology,Technology Entity: Revenue miss triggers stock price volatility and credit rating review,
2026-01-03,Global,Technology,General (Neutral / Positive),Technology,Technology Entity: Export volumes maintain stable baseline trajectory across key markets,
2026-01-03,Global,Financials,Financial,Financials,Financials Entity: Debt service obligations squeeze net liquidity across corporate division,
2026-01-03,Global,Financials,Regulatory,Financials,Financials Entity: Bilateral trade restriction sanctions disrupt overseas supply channels,
2026-01-03,Global,Financials,Regulatory,Financials,Financials Entity: Strict data privacy enforcement imposes steep non-compliance penalties,
2026-01-03,Global,Consumer & Retail,Financial,Consumer,Consumer Entity: Debt service obligations squeeze net liquidity across corporate division,
2026-01-03,Global,Consumer & Retail,Regulatory,Consumer,Consumer Entity: Bilateral trade restriction sanctions disrupt overseas supply channels,
2026-01-03,Global,Consumer & Retail,Regulatory,Consumer,Consumer Entity: New carbon emission compliance laws impose cross-border export tariffs,
2026-01-03,Global,Energy & Raw Materials,Financial,Energy,Energy Entity: Credit downgrade warning issued following quarterly margin compression,
2026-01-03,Global,Energy & Raw Materials,General (Neutral / Positive),Energy,Energy Entity: Strategic research partnership formed to drive clean energy innovation,
2026-01-03,Global,Energy & Raw Materials,Strategic,Energy,Energy Entity: Failed corporate acquisition leaves regional expansion strategy unclear,
2026-01-03,Global,Energy & Raw Materials,General (Neutral / Positive),Energy,Energy Entity: Quarterly operational targets met amid steady international demand,
2026-01-03,Americas (including U.S.),Industrials / Manufacturing,General (Neutral / Positive),Industrials,Industrials Entity: Quarterly operational targets met amid steady international demand,
2026-01-03,Americas (including U.S.),Industrials / Manufacturing,Strategic,Industrials,Industrials Entity: Market share loss accelerates as low-cost competitors expand reach,
2026-01-03,Americas (including U.S.),Technology,Regulatory,Technology,Technology Entity: Antitrust regulatory body opens inquiry into regional market practices,
2026-01-03,Americas (including U.S.),Technology,General (Neutral / Positive),Technology,Technology Entity: Export volumes maintain stable baseline trajectory across key markets,
2026-01-03,Americas (including U.S.),Technology,Operational,Technology,Technology Entity: Raw material shortage forces temporary reduction in production targets,
2026-01-03,Americas (including U.S.),Technology,General (Neutral / Positive),Technology,Technology Entity: Export volumes maintain stable baseline trajectory across key markets,
2026-01-03,Americas (including U.S.),Financials,General (Neutral / Positive),Financials,Financials Entity: Strategic research partnership formed to drive clean energy innovation,
2026-01-03,Americas (including U.S.),Financials,Strategic,Financials,Financials Entity: Shifting consumer demand creates inventory obsolescence ahead of launch,
2026-01-03,Americas (including U.S.),Financials,Financial,Financials,Financials Entity: Revenue miss triggers stock price volatility and credit rating review,
2026-01-03,Americas (including U.S.),Financials,General (Neutral / Positive),Financials,Financials Entity: Export volumes maintain stable baseline trajectory across key markets,
2026-01-03,Americas (including U.S.),Consumer & Retail,Regulatory,Consumer,Consumer Entity: Antitrust regulatory body opens inquiry into regional market practices,
2026-01-03,Americas (including U.S.),Consumer & Retail,Operational,Consumer,Consumer Entity: Factory plant outage reported due to critical microchip supply delays,
2026-01-03,Americas (including U.S.),Energy & Raw Materials,Financial,Energy,Energy Entity: Inflationary cost pressures reduce operational cash flow estimates,
2026-01-03,Americas (including U.S.),Energy & Raw Materials,General (Neutral / Positive),Energy,Energy Entity: Strategic research partnership formed to drive clean energy innovation,
2026-01-03,Americas (including U.S.),Energy & Raw Materials,Operational,Energy,Energy Entity: Factory plant outage reported due to critical microchip supply delays,
2026-01-03,Americas (including U.S.),Energy & Raw Materials,Regulatory,Energy,Energy Entity: Antitrust regulatory body opens inquiry into regional market practices,
2026-01-03,Europe (EMEA),Industrials / Manufacturing,Strategic,Industrials,Industrials Entity: Failed corporate acquisition leaves regional expansion strategy unclear,
2026-01-03,Europe (EMEA),Industrials / Manufacturing,General (Neutral / Positive),Industrials,Industrials Entity: Strategic research partnership formed to drive clean energy innovation,
2026-01-03,Europe (EMEA),Industrials / Manufacturing,Strategic,Industrials,Industrials Entity: Delayed product transition threatens long-term sector competitiveness,
2026-01-03,Europe (EMEA),Industrials / Manufacturing,General (Neutral / Positive),Industrials,Industrials Entity: Export volumes maintain stable baseline trajectory across key markets,
2026-01-03,Europe (EMEA),Technology,General (Neutral / Positive),Technology,Technology Entity: Export volumes maintain stable baseline trajectory across key markets,
2026-01-03,Europe (EMEA),Technology,General (Neutral / Positive),Technology,Technology Entity: Company announces expansion into automated production facilities,
2026-01-03,Europe (EMEA),Technology,Financial,Technology,Technology Entity: Credit downgrade warning issued following quarterly margin compression,
2026-01-03,Europe (EMEA),Financials,General (Neutral / Positive),Financials,Financials Entity: Quarterly operational targets met amid steady international demand,
2026-01-03,Europe (EMEA),Financials,Financial,Financials,Financials Entity: Revenue miss triggers stock price volatility and credit rating review,
2026-01-03,Europe (EMEA),Consumer & Retail,General (Neutral / Positive),Consumer,Consumer Entity: Export volumes maintain stable baseline trajectory across key markets,
2026-01-03,Europe (EMEA),Consumer & Retail,Financial,Consumer,Consumer Entity: Debt service obligations squeeze net liquidity across corporate division,
2026-01-03,Europe (EMEA),Consumer & Retail,Financial,Consumer,Consumer Entity: Inflationary cost pressures reduce operational cash flow estimates,
2026-01-03,Europe (EMEA),Consumer & Retail,Strategic,Consumer,Consumer Entity: Failed corporate acquisition leaves regional expansion strategy unclear,
2026-01-03,Europe (EMEA),Energy & Raw Materials,Strategic,Energy,Energy Entity: Market share loss accelerates as low-cost competitors expand reach,
2026-01-03,Europe (EMEA),Energy & Raw Materials,Regulatory,Energy,Energy Entity: Antitrust regulatory body opens inquiry into regional market practices,
2026-01-03,Europe (EMEA),Energy & Raw Materials,Financial,Energy,Energy Entity: Debt service obligations squeeze net liquidity across corporate division,
2026-01-03,Asia (APAC),Industrials / Manufacturing,Strategic,Industrials,Industrials Entity: Shifting consumer demand creates inventory obsolescence ahead of launch,
2026-01-03,Asia (APAC),Industrials / Manufacturing,Strategic,Industrials,Industrials Entity: Failed corporate acquisition leaves regional expansion strategy unclear,
2026-01-03,Asia (APAC),Technology,General (Neutral / Positive),Technology,Technology Entity: Export volumes maintain stable baseline trajectory across key markets,
2026-01-03,Asia (APAC),Technology,Regulatory,Technology,Technology Entity: New carbon emission compliance laws impose cross-border export tariffs,
2026-01-03,Asia (APAC),Technology,Operational,Technology,Technology Entity: Labor union strike halts manufacturing assembly lines across region,
2026-01-03,Asia (APAC),Financials,Strategic,Financials,Financials Entity: Market share loss accelerates as low-cost competitors expand reach,
2026-01-03,Asia (APAC),Financials,General (Neutral / Positive),Financials,Financials Entity: Quarterly operational targets met amid steady international demand,
2026-01-03,Asia (APAC),Financials,Regulatory,Financials,Financials Entity: New carbon emission compliance laws impose cross-border export tariffs,
2026-01-03,Asia (APAC),Consumer & Retail,Regulatory,Consumer,Consumer Entity: Antitrust regulatory body opens inquiry into regional market practices,
2026-01-03,Asia (APAC),Consumer & Retail,Operational,Consumer,Consumer Entity: Factory plant outage reported due to critical microchip supply delays,
2026-01-03,Asia (APAC),Energy & Raw Materials,General (Neutral / Positive),Energy,Energy Entity: Strategic research partnership formed to drive clean energy innovation,
2026-01-03,Asia (APAC),Energy & Raw Materials,Strategic,Energy,Energy Entity: Shifting consumer demand creates inventory obsolescence ahead of launch,
2026-01-03,Asia (APAC),Energy & Raw Materials,General (Neutral / Positive),Energy,Energy Entity: Quarterly operational targets met amid steady international demand,
2026-01-03,Asia (APAC),Energy & Raw Materials,Financial,Energy,Energy Entity: Debt service obligations squeeze net liquidity across corporate division,
2026-01-10,Global,Industrials / Manufacturing,Operational,Industrials,Industrials Entity: Raw material shortage forces temporary reduction in production targets,
2026-01-10,Global,Industrials / Manufacturing,General (Neutral / Positive),Industrials,Industrials Entity: Export volumes maintain stable baseline trajectory across key markets,
2026-01-10,Global,Industrials / Manufacturing,Strategic,Industrials,Industrials Entity: Shifting consumer demand creates inventory obsolescence ahead of launch,
2026-01-10,Global,Industrials / Manufacturing,Regulatory,Industrials,Industrials Entity: New carbon emission compliance laws impose cross-border export tariffs,
2026-01-10,Global,Technology,Operational,Technology,Technology Entity: Transit port congestion creates transit bottleneck for key component parts,
2026-01-10,Global,Technology,Regulatory,Technology,Technology Entity: Bilateral trade restriction sanctions disrupt overseas supply channels,
2026-01-10,Global,Technology,General (Neutral / Positive),Technology,Technology Entity: Strategic research partnership formed to drive clean energy innovation,
2026-01-10,Global,Technology,General (Neutral / Positive),Technology,Technology Entity: Export volumes maintain stable baseline trajectory across key markets,
2026-01-10,Global,Financials,Regulatory,Financials,Financials Entity: Antitrust regulatory body opens inquiry into regional market practices,
2026-01-10,Global,Financials,Regulatory,Financials,Financials Entity: Bilateral trade restriction sanctions disrupt overseas supply channels,
2026-01-10,Global,Financials,Strategic,Financials,Financials Entity: Shifting consumer demand creates inventory obsolescence ahead of launch,
2026-01-10,Global,Consumer & Retail,Regulatory,Consumer,Consumer Entity: Strict data privacy enforcement imposes steep non-compliance penalties,
2026-01-10,Global,Consumer & Retail,General (Neutral / Positive),Consumer,Consumer Entity: Strategic research partnership formed to drive clean energy innovation,
2026-01-10,Global,Energy & Raw Materials,General (Neutral / Positive),Energy,Energy Entity: Strategic research partnership formed to drive clean energy innovation,
2026-01-10,Global,Energy & Raw Materials,Strategic,Energy,Energy Entity: Failed corporate acquisition leaves regional expansion strategy unclear,
2026-01-10,Global,Energy & Raw Materials,General (Neutral / Positive),Energy,Energy Entity: Company announces expansion into automated production facilities,
2026-01-10,Global,Energy & Raw Materials,General (Neutral / Positive),Energy,Energy Entity: Strategic research partnership formed to drive clean energy innovation,
2026-01-10,Americas (including U.S.),Industrials / Manufacturing,General (Neutral / Positive),Industrials,Industrials Entity: Export volumes maintain stable baseline trajectory across key markets,
2026-01-10,Americas (including U.S.),Industrials / Manufacturing,Regulatory,Industrials,Industrials Entity: Antitrust regulatory body opens inquiry into regional market practices,
2026-01-10,Americas (including U.S.),Technology,Financial,Technology,Technology Entity: Revenue miss triggers stock price volatility and credit rating review,
2026-01-10,Americas (including U.S.),Technology,Regulatory,Technology,Technology Entity: Strict data privacy enforcement imposes steep non-compliance penalties,
2026-01-10,Americas (including U.S.),Technology,Regulatory,Technology,Technology Entity: Strict data privacy enforcement imposes steep non-compliance penalties,
2026-01-10,Americas (including U.S.),Financials,Regulatory,Financials,Financials Entity: Antitrust regulatory body opens inquiry into regional market practices,
2026-01-10,Americas (including U.S.),Financials,Regulatory,Financials,Financials Entity: Bilateral trade restriction sanctions disrupt overseas supply channels,
2026-01-10,Americas (including U.S.),Financials,Operational,Financials,Financials Entity: Raw material shortage forces temporary reduction in production targets,
2026-01-10,Americas (including U.S.),Consumer & Retail,Strategic,Consumer,Consumer Entity: Failed corporate acquisition leaves regional expansion strategy unclear,
2026-01-10,Americas (including U.S.),Consumer & Retail,General (Neutral / Positive),Consumer,Consumer Entity: Strategic research partnership formed to drive clean energy innovation,
2026-01-10,Americas (including U.S.),Consumer & Retail,Regulatory,Consumer,Consumer Entity: Bilateral trade restriction sanctions disrupt overseas supply channels,
2026-01-10,Americas (including U.S.),Consumer & Retail,General (Neutral / Positive),Consumer,Consumer Entity: Strategic research partnership formed to drive clean energy innovation,
2026-01-10,Americas (including U.S.),Energy & Raw Materials,Strategic,Energy,Energy Entity: Failed corporate acquisition leaves regional expansion strategy unclear,
2026-01-10,Americas (including U.S.),Energy & Raw Materials,General (Neutral / Positive),Energy,Energy Entity: Export volumes maintain stable baseline trajectory across key markets,
2026-01-10,Americas (including U.S.),Energy & Raw Materials,General (Neutral / Positive),Energy,Energy Entity: Strategic research partnership formed to drive clean energy innovation,
2026-01-10,Europe (EMEA),Industrials / Manufacturing,Financial,Industrials,Industrials Entity: Inflationary cost pressures reduce operational cash flow estimates,
2026-01-10,Europe (EMEA),Industrials / Manufacturing,Financial,Industrials,Industrials Entity: Credit downgrade warning issued following quarterly margin compression,
2026-01-10,Europe (EMEA),Industrials / Manufacturing,General (Neutral / Positive),Industrials,Industrials Entity: Export volumes maintain stable baseline trajectory across key markets,
2026-01-10,Europe (EMEA),Industrials / Manufacturing,Operational,Industrials,Industrials Entity: Labor union strike halts manufacturing assembly lines across region,
2026-01-10,Europe (EMEA),Technology,Operational,Technology,Technology Entity: Factory plant outage reported due to critical microchip supply delays,
2026-01-10,Europe (EMEA),Technology,Regulatory,Technology,Technology Entity: Antitrust regulatory body opens inquiry into regional market practices,
2026-01-10,Europe (EMEA),Technology,Operational,Technology,Technology Entity: Labor union strike halts manufacturing assembly lines across region,
2026-01-10,Europe (EMEA),Financials,Regulatory,Financials,Financials Entity: New carbon emission compliance laws impose cross-border export tariffs,
2026-01-10,Europe (EMEA),Financials,Financial,Financials,Financials Entity: Revenue miss triggers stock price volatility and credit rating review,
2026-01-10,Europe (EMEA),Financials,General (Neutral / Positive),Financials,Financials Entity: Quarterly operational targets met amid steady international demand,
2026-01-10,Europe (EMEA),Consumer & Retail,General (Neutral / Positive),Consumer,Consumer Entity: Export volumes maintain stable baseline trajectory across key markets,
2026-01-10,Europe (EMEA),Consumer & Retail,General (Neutral / Positive),Consumer,Consumer Entity: Export volumes maintain stable baseline trajectory across key markets,
2026-01-10,Europe (EMEA),Consumer & Retail,General (Neutral / Positive),Consumer,Consumer Entity: Quarterly operational targets met amid steady international demand,
2026-01-10,Europe (EMEA),Energy & Raw Materials,General (Neutral / Positive),Energy,Energy Entity: Strategic research partnership formed to drive clean energy innovation,
2026-01-10,Europe (EMEA),Energy & Raw Materials,General (Neutral / Positive),Energy,Energy Entity: Export volumes maintain stable baseline trajectory across key markets,
2026-01-10,Asia (APAC),Industrials / Manufacturing,General (Neutral / Positive),Industrials,Industrials Entity: Strategic research partnership formed to drive clean energy innovation,
2026-01-10,Asia (APAC),Industrials / Manufacturing,Financial,Industrials,Industrials Entity: Revenue miss triggers stock price volatility and credit rating review,
2026-01-10,Asia (APAC),Industrials / Manufacturing,General (Neutral / Positive),Industrials,Industrials Entity: Company announces expansion into automated production facilities,
2026-01-10,Asia (APAC),Technology,General (Neutral / Positive),Technology,Technology Entity: Company announces expansion into automated production facilities,
2026-01-10,Asia (APAC),Technology,Financial,Technology,Technology Entity: Inflationary cost pressures reduce operational cash flow estimates,
2026-01-10,Asia (APAC),Financials,General (Neutral / Positive),Financials,Financials Entity: Company announces expansion into automated production facilities,
2026-01-10,Asia (APAC),Financials,General (Neutral / Positive),Financials,Financials Entity: Export volumes maintain stable baseline trajectory across key markets,
2026-01-10,Asia (APAC),Consumer & Retail,General (Neutral / Positive),Consumer,Consumer Entity: Export volumes maintain stable baseline trajectory across key markets,
2026-01-10,Asia (APAC),Consumer & Retail,Strategic,Consumer,Consumer Entity: Delayed product transition threatens long-term sector competitiveness,
2026-01-10,Asia (APAC),Consumer & Retail,Financial,Consumer,Consumer Entity: Inflationary cost pressures reduce operational cash flow estimates,
2026-01-10,Asia (APAC),Consumer & Retail,General (Neutral / Positive),Consumer,Consumer Entity: Strategic research partnership formed to drive clean energy innovation,
2026-01-10,Asia (APAC),Energy & Raw Materials,Strategic,Energy,Energy Entity: Shifting consumer demand creates inventory obsolescence ahead of launch,
2026-01-10,Asia (APAC),Energy & Raw Materials,Financial,Energy,Energy Entity: Inflationary cost pressures reduce operational cash flow estimates,
2026-01-10,Asia (APAC),Energy & Raw Materials,Regulatory,Energy,Energy Entity: Strict data privacy enforcement imposes steep non-compliance penalties,
2026-01-17,Global,Industrials / Manufacturing,Financial,Industrials,Industrials Entity: Revenue miss triggers stock price volatility and credit rating review,
2026-01-17,Global,Industrials / Manufacturing,Regulatory,Industrials,Industrials Entity: Strict data privacy enforcement imposes steep non-compliance penalties,
2026-01-17,Global,Industrials / Manufacturing,General (Neutral / Positive),Industrials,Industrials Entity: Company announces expansion into automated production facilities,
2026-01-17,Global,Technology,General (Neutral / Positive),Technology,Technology Entity: Export volumes maintain stable baseline trajectory across key markets,
2026-01-17,Global,Technology,General (Neutral / Positive),Technology,Technology Entity: Export volumes maintain stable baseline trajectory across key markets,
2026-01-17,Global,Technology,Financial,Technology,Technology Entity: Debt service obligations squeeze net liquidity across corporate division,
2026-01-17,Global,Technology,Strategic,Technology,Technology Entity: Failed corporate acquisition leaves regional expansion strategy unclear,
2026-01-17,Global,Financials,Operational,Financials,Financials Entity: Labor union strike halts manufacturing assembly lines across region,
2026-01-17,Global,Financials,Strategic,Financials,Financials Entity: Failed corporate acquisition leaves regional expansion strategy unclear,
2026-01-17,Global,Financials,General (Neutral / Positive),Financials,Financials Entity: Quarterly operational targets met amid steady international demand,
2026-01-17,Global,Financials,Operational,Financials,Financials Entity: Transit port congestion creates transit bottleneck for key component parts,
2026-01-17,Global,Consumer & Retail,Regulatory,Consumer,Consumer Entity: Bilateral trade restriction sanctions disrupt overseas supply channels,
2026-01-17,Global,Consumer & Retail,Operational,Consumer,Consumer Entity: Factory plant outage reported due to critical microchip supply delays,
2026-01-17,Global,Energy & Raw Materials,General (Neutral / Positive),Energy,Energy Entity: Company announces expansion into automated production facilities,
2026-01-17,Global,Energy & Raw Materials,Operational,Energy,Energy Entity: Labor union strike halts manufacturing assembly lines across region,
2026-01-17,Global,Energy & Raw Materials,General (Neutral / Positive),Energy,Energy Entity: Quarterly operational targets met amid steady international demand,
2026-01-17,Americas (including U.S.),Industrials / Manufacturing,General (Neutral / Positive),Industrials,Industrials Entity: Strategic research partnership formed to drive clean energy innovation,
2026-01-17,Americas (including U.S.),Industrials / Manufacturing,General (Neutral / Positive),Industrials,Industrials Entity: Quarterly operational targets met amid steady international demand,
2026-01-17,Americas (including U.S.),Industrials / Manufacturing,Regulatory,Industrials,Industrials Entity: Strict data privacy enforcement imposes steep non-compliance penalties,
2026-01-17,Americas (including U.S.),Industrials / Manufacturing,Regulatory,Industrials,Industrials Entity: Strict data privacy enforcement imposes steep non-compliance penalties,
2026-01-17,Americas (including U.S.),Technology,Operational,Technology,Technology Entity: Raw material shortage forces temporary reduction in production targets,
2026-01-17,Americas (including U.S.),Technology,Operational,Technology,Technology Entity: Factory plant outage reported due to critical microchip supply delays,
2026-01-17,Americas (including U.S.),Technology,General (Neutral / Positive),Technology,Technology Entity: Quarterly operational targets met amid steady international demand,
2026-01-17,Americas (including U.S.),Financials,Regulatory,Financials,Financials Entity: New carbon emission compliance laws impose cross-border export tariffs,
2026-01-17,Americas (including U.S.),Financials,General (Neutral / Positive),Financials,Financials Entity: Export volumes maintain stable baseline trajectory across key markets,
2026-01-17,Americas (including U.S.),Financials,Operational,Financials,Financials Entity: Labor union strike halts manufacturing assembly lines across region,
2026-01-17,Americas (including U.S.),Consumer & Retail,Operational,Consumer,Consumer Entity: Transit port congestion creates transit bottleneck for key component parts,
2026-01-17,Americas (including U.S.),Consumer & Retail,General (Neutral / Positive),Consumer,Consumer Entity: Strategic research partnership formed to drive clean energy innovation,
2026-01-17,Americas (including U.S.),Consumer & Retail,Financial,Consumer,Consumer Entity: Inflationary cost pressures reduce operational cash flow estimates,
2026-01-17,Americas (including U.S.),Consumer & Retail,Strategic,Consumer,Consumer Entity: Market share loss accelerates as low-cost competitors expand reach,
2026-01-17,Americas (including U.S.),Energy & Raw Materials,Operational,Energy,Energy Entity: Factory plant outage reported due to critical microchip supply delays,
2026-01-17,Americas (including U.S.),Energy & Raw Materials,Financial,Energy,Energy Entity: Inflationary cost pressures reduce operational cash flow estimates,
2026-01-17,Americas (including U.S.),Energy & Raw Materials,Regulatory,Energy,Energy Entity: New carbon emission compliance laws impose cross-border export tariffs,
2026-01-17,Americas (including U.S.),Energy & Raw Materials,Financial,Energy,Energy Entity: Debt service obligations squeeze net liquidity across corporate division,
2026-01-17,Europe (EMEA),Industrials / Manufacturing,Strategic,Industrials,Industrials Entity: Shifting consumer demand creates inventory obsolescence ahead of launch,
2026-01-17,Europe (EMEA),Industrials / Manufacturing,General (Neutral / Positive),Industrials,Industrials Entity: Company announces expansion into automated production facilities,
2026-01-17,Europe (EMEA),Technology,General (Neutral / Positive),Technology,Technology Entity: Strategic research partnership formed to drive clean energy innovation,
2026-01-17,Europe (EMEA),Technology,Operational,Technology,Technology Entity: Labor union strike halts manufacturing assembly lines across region,
2026-01-17,Europe (EMEA),Technology,General (Neutral / Positive),Technology,Technology Entity: Export volumes maintain stable baseline trajectory across key markets,
2026-01-17,Europe (EMEA),Technology,General (Neutral / Positive),Technology,Technology Entity: Strategic research partnership formed to drive clean energy innovation,
2026-01-17,Europe (EMEA),Financials,Strategic,Financials,Financials Entity: Market share loss accelerates as low-cost competitors expand reach,
2026-01-17,Europe (EMEA),Financials,Strategic,Financials,Financials Entity: Shifting consumer demand creates inventory obsolescence ahead of launch,
2026-01-17,Europe (EMEA),Financials,General (Neutral / Positive),Financials,Financials Entity: Company announces expansion into automated production facilities,
2026-01-17,Europe (EMEA),Financials,Financial,Financials,Financials Entity: Revenue miss triggers stock price volatility and credit rating review,
2026-01-17,Europe (EMEA),Consumer & Retail,Regulatory,Consumer,Consumer Entity: Strict data privacy enforcement imposes steep non-compliance penalties,
2026-01-17,Europe (EMEA),Consumer & Retail,General (Neutral / Positive),Consumer,Consumer Entity: Export volumes maintain stable baseline trajectory across key markets,
2026-01-17,Europe (EMEA),Consumer & Retail,General (Neutral / Positive),Consumer,Consumer Entity: Strategic research partnership formed to drive clean energy innovation,
2026-01-17,Europe (EMEA),Energy & Raw Materials,Operational,Energy,Energy Entity: Labor union strike halts manufacturing assembly lines across region,
2026-01-17,Europe (EMEA),Energy & Raw Materials,General (Neutral / Positive),Energy,Energy Entity: Company announces expansion into automated production facilities,
2026-01-17,Europe (EMEA),Energy & Raw Materials,Operational,Energy,Energy Entity: Labor union strike halts manufacturing assembly lines across region,
2026-01-17,Europe (EMEA),Energy & Raw Materials,General (Neutral / Positive),Energy,Energy Entity: Strategic research partnership formed to drive clean energy innovation,
2026-01-17,Asia (APAC),Industrials / Manufacturing,Operational,Industrials,Industrials Entity: Factory plant outage reported due to critical microchip supply delays,
2026-01-17,Asia (APAC),Industrials / Manufacturing,Regulatory,Industrials,Industrials Entity: Bilateral trade restriction sanctions disrupt overseas supply channels,
2026-01-17,Asia (APAC),Technology,Financial,Technology,Technology Entity: Credit downgrade warning issued following quarterly margin compression,
2026-01-17,Asia (APAC),Technology,Regulatory,Technology,Technology Entity: Bilateral trade restriction sanctions disrupt overseas supply channels,
2026-01-17,Asia (APAC),Financials,Regulatory,Financials,Financials Entity: Strict data privacy enforcement imposes steep non-compliance penalties,
2026-01-17,Asia (APAC),Financials,Operational,Financials,Financials Entity: Transit port congestion creates transit bottleneck for key component parts,
2026-01-17,Asia (APAC),Consumer & Retail,Strategic,Consumer,Consumer Entity: Shifting consumer demand creates inventory obsolescence ahead of launch,
2026-01-17,Asia (APAC),Consumer & Retail,General (Neutral / Positive),Consumer,Consumer Entity: Company announces expansion into automated production facilities,
2026-01-17,Asia (APAC),Consumer & Retail,Strategic,Consumer,Consumer Entity: Market share loss accelerates as low-cost competitors expand reach,
2026-01-17,Asia (APAC),Consumer & Retail,Strategic,Consumer,Consumer Entity: Delayed product transition threatens long-term sector competitiveness,
2026-01-17,Asia (APAC),Energy & Raw Materials,General (Neutral / Positive),Energy,Energy Entity: Strategic research partnership formed to drive clean energy innovation,
2026-01-17,Asia (APAC),Energy & Raw Materials,General (Neutral / Positive),Energy,Energy Entity: Quarterly operational targets met amid steady international demand,
2026-01-24,Global,Industrials / Manufacturing,General (Neutral / Positive),Industrials,Industrials Entity: Strategic research partnership formed to drive clean energy innovation,
2026-01-24,Global,Industrials / Manufacturing,General (Neutral / Positive),Industrials,Industrials Entity: Quarterly operational targets met amid steady international demand,
2026-01-24,Global,Technology,Financial,Technology,Technology Entity: Revenue miss triggers stock price volatility and credit rating review,
2026-01-24,Global,Technology,Financial,Technology,Technology Entity: Revenue miss triggers stock price volatility and credit rating review,
2026-01-24,Global,Financials,General (Neutral / Positive),Financials,Financials Entity: Company announces expansion into automated production facilities,
2026-01-24,Global,Financials,General (Neutral / Positive),Financials,Financials Entity: Quarterly operational targets met amid steady international demand,
2026-01-24,Global,Financials,Operational,Financials,Financials Entity: Raw material shortage forces temporary reduction in production targets,
2026-01-24,Global,Consumer & Retail,Operational,Consumer,Consumer Entity: Labor union strike halts manufacturing assembly lines across region,
2026-01-24,Global,Consumer & Retail,General (Neutral / Positive),Consumer,Consumer Entity: Company announces expansion into automated production facilities,
2026-01-24,Global,Energy & Raw Materials,General (Neutral / Positive),Energy,Energy Entity: Company announces expansion into automated production facilities,
2026-01-24,Global,Energy & Raw Materials,Operational,Energy,Energy Entity: Factory plant outage reported due to critical microchip supply delays,
2026-01-24,Global,Energy & Raw Materials,General (Neutral / Positive),Energy,Energy Entity: Company announces expansion into automated production facilities,
2026-01-24,Americas (including U.S.),Industrials / Manufacturing,General (Neutral / Positive),Industrials,Industrials Entity: Quarterly operational targets met amid steady international demand,
2026-01-24,Americas (including U.S.),Industrials / Manufacturing,Financial,Industrials,Industrials Entity: Inflationary cost pressures reduce operational cash flow estimates,
2026-01-24,Americas (including U.S.),Technology,Strategic,Technology,Technology Entity: Market share loss accelerates as low-cost competitors expand reach,
2026-01-24,Americas (including U.S.),Technology,General (Neutral / Positive),Technology,Technology Entity: Quarterly operational targets met amid steady international demand,
2026-01-24,Americas (including U.S.),Technology,Regulatory,Technology,Technology Entity: Antitrust regulatory body opens inquiry into regional market practices,
2026-01-24,Americas (including U.S.),Financials,Regulatory,Financials,Financials Entity: Strict data privacy enforcement imposes steep non-compliance penalties,
2026-01-24,Americas (including U.S.),Financials,Financial,Financials,Financials Entity: Debt service obligations squeeze net liquidity across corporate division,
2026-01-24,Americas (including U.S.),Consumer & Retail,General (Neutral / Positive),Consumer,Consumer Entity: Strategic research partnership formed to drive clean energy innovation,
2026-01-24,Americas (including U.S.),Consumer & Retail,General (Neutral / Positive),Consumer,Consumer Entity: Strategic research partnership formed to drive clean energy innovation,
2026-01-24,Americas (including U.S.),Consumer & Retail,Operational,Consumer,Consumer Entity: Raw material shortage forces temporary reduction in production targets,
2026-01-24,Americas (including U.S.),Energy & Raw Materials,General (Neutral / Positive),Energy,Energy Entity: Quarterly operational targets met amid steady international demand,
2026-01-24,Americas (including U.S.),Energy & Raw Materials,Financial,Energy,Energy Entity: Revenue miss triggers stock price volatility and credit rating review,
2026-01-24,Americas (including U.S.),Energy & Raw Materials,Strategic,Energy,Energy Entity: Market share loss accelerates as low-cost competitors expand reach,
2026-01-24,Europe (EMEA),Industrials / Manufacturing,Operational,Industrials,Industrials Entity: Labor union strike halts manufacturing assembly lines across region,
2026-01-24,Europe (EMEA),Industrials / Manufacturing,Financial,Industrials,Industrials Entity: Credit downgrade warning issued following quarterly margin compression,
2026-01-24,Europe (EMEA),Industrials / Manufacturing,Strategic,Industrials,Industrials Entity: Failed corporate acquisition leaves regional expansion strategy unclear,
2026-01-24,Europe (EMEA),Technology,Operational,Technology,Technology Entity: Factory plant outage reported due to critical microchip supply delays,
2026-01-24,Europe (EMEA),Technology,Strategic,Technology,Technology Entity: Shifting consumer demand creates inventory obsolescence ahead of launch,
2026-01-24,Europe (EMEA),Technology,Regulatory,Technology,Technology Entity: New carbon emission compliance laws impose cross-border export tariffs,
2026-01-24,Europe (EMEA),Financials,General (Neutral / Positive),Financials,Financials Entity: Strategic research partnership formed to drive clean energy innovation,
2026-01-24,Europe (EMEA),Financials,General (Neutral / Positive),Financials,Financials Entity: Export volumes maintain stable baseline trajectory across key markets,
2026-01-24,Europe (EMEA),Consumer & Retail,General (Neutral / Positive),Consumer,Consumer Entity: Strategic research partnership formed to drive clean energy innovation,
2026-01-24,Europe (EMEA),Consumer & Retail,General (Neutral / Positive),Consumer,Consumer Entity: Export volumes maintain stable baseline trajectory across key markets,
2026-01-24,Europe (EMEA),Consumer & Retail,Operational,Consumer,Consumer Entity: Labor union strike halts manufacturing assembly lines across region,
2026-01-24,Europe (EMEA),Consumer & Retail,Strategic,Consumer,Consumer Entity: Failed corporate acquisition leaves regional expansion strategy unclear,
2026-01-24,Europe (EMEA),Energy & Raw Materials,Operational,Energy,Energy Entity: Transit port congestion creates transit bottleneck for key component parts,
2026-01-24,Europe (EMEA),Energy & Raw Materials,General (Neutral / Positive),Energy,Energy Entity: Company announces expansion into automated production facilities,
2026-01-24,Asia (APAC),Industrials / Manufacturing,Financial,Industrials,Industrials Entity: Inflationary cost pressures reduce operational cash flow estimates,
2026-01-24,Asia (APAC),Industrials / Manufacturing,Financial,Industrials,Industrials Entity: Debt service obligations squeeze net liquidity across corporate division,
2026-01-24,Asia (APAC),Industrials / Manufacturing,General (Neutral / Positive),Industrials,Industrials Entity: Strategic research partnership formed to drive clean energy innovation,
2026-01-24,Asia (APAC),Industrials / Manufacturing,General (Neutral / Positive),Industrials,Industrials Entity: Export volumes maintain stable baseline trajectory across key markets,
2026-01-24,Asia (APAC),Technology,General (Neutral / Positive),Technology,Technology Entity: Export volumes maintain stable baseline trajectory across key markets,
2026-01-24,Asia (APAC),Technology,Financial,Technology,Technology Entity: Credit downgrade warning issued following quarterly margin compression,
2026-01-24,Asia (APAC),Technology,Operational,Technology,Technology Entity: Transit port congestion creates transit bottleneck for key component parts,
2026-01-24,Asia (APAC),Financials,Financial,Financials,Financials Entity: Debt service obligations squeeze net liquidity across corporate division,
2026-01-24,Asia (APAC),Financials,General (Neutral / Positive),Financials,Financials Entity: Strategic research partnership formed to drive clean energy innovation,
2026-01-24,Asia (APAC),Financials,Regulatory,Financials,Financials Entity: Bilateral trade restriction sanctions disrupt overseas supply channels,
2026-01-24,Asia (APAC),Financials,General (Neutral / Positive),Financials,Financials Entity: Export volumes maintain stable baseline trajectory across key markets,
2026-01-24,Asia (APAC),Consumer & Retail,Operational,Consumer,Consumer Entity: Labor union strike halts manufacturing assembly lines across region,
2026-01-24,Asia (APAC),Consumer & Retail,Operational,Consumer,Consumer Entity: Factory plant outage reported due to critical microchip supply delays,
2026-01-24,Asia (APAC),Consumer & Retail,General (Neutral / Positive),Consumer,Consumer Entity: Quarterly operational targets met amid steady international demand,
2026-01-24,Asia (APAC),Consumer & Retail,Operational,Consumer,Consumer Entity: Raw material shortage forces temporary reduction in production targets,
2026-01-24,Asia (APAC),Energy & Raw Materials,General (Neutral / Positive),Energy,Energy Entity: Company announces expansion into automated production facilities,
2026-01-24,Asia (APAC),Energy & Raw Materials,General (Neutral / Positive),Energy,Energy Entity: Quarterly operational targets met amid steady international demand,
2026-01-31,Global,Industrials / Manufacturing,General (Neutral / Positive),Industrials,Industrials Entity: Export volumes maintain stable baseline trajectory across key markets,
2026-01-31,Global,Industrials / Manufacturing,General (Neutral / Positive),Industrials,Industrials Entity: Strategic research partnership formed to drive clean energy innovation,
2026-01-31,Global,Technology,Strategic,Technology,Technology Entity: Delayed product transition threatens long-term sector competitiveness,
2026-01-31,Global,Technology,Regulatory,Technology,Technology Entity: Bilateral trade restriction sanctions disrupt overseas supply channels,
2026-01-31,Global,Technology,Strategic,Technology,Technology Entity: Delayed product transition threatens long-term sector competitiveness,
2026-01-31,Global,Financials,General (Neutral / Positive),Financials,Financials Entity: Quarterly operational targets met amid steady international demand,
2026-01-31,Global,Financials,Operational,Financials,Financials Entity: Transit port congestion creates transit bottleneck for key component parts,
2026-01-31,Global,Consumer & Retail,Regulatory,Consumer,Consumer Entity: Antitrust regulatory body opens inquiry into regional market practices,
2026-01-31,Global,Consumer & Retail,Operational,Consumer,Consumer Entity: Labor union strike halts manufacturing assembly lines across region,
2026-01-31,Global,Consumer & Retail,Financial,Consumer,Consumer Entity: Debt service obligations squeeze net liquidity across corporate division,
2026-01-31,Global,Energy & Raw Materials,Strategic,Energy,Energy Entity: Shifting consumer demand creates inventory obsolescence ahead of launch,
2026-01-31,Global,Energy & Raw Materials,General (Neutral / Positive),Energy,Energy Entity: Export volumes maintain stable baseline trajectory across key markets,
2026-01-31,Global,Energy & Raw Materials,General (Neutral / Positive),Energy,Energy Entity: Export volumes maintain stable baseline trajectory across key markets,
2026-01-31,Americas (including U.S.),Industrials / Manufacturing,General (Neutral / Positive),Industrials,Industrials Entity: Strategic research partnership formed to drive clean energy innovation,
2026-01-31,Americas (including U.S.),Industrials / Manufacturing,Strategic,Industrials,Industrials Entity: Shifting consumer demand creates inventory obsolescence ahead of launch,
2026-01-31,Americas (including U.S.),Industrials / Manufacturing,General (Neutral / Positive),Industrials,Industrials Entity: Export volumes maintain stable baseline trajectory across key markets,
2026-01-31,Americas (including U.S.),Industrials / Manufacturing,General (Neutral / Positive),Industrials,Industrials Entity: Export volumes maintain stable baseline trajectory across key markets,
2026-01-31,Americas (including U.S.),Technology,General (Neutral / Positive),Technology,Technology Entity: Company announces expansion into automated production facilities,
2026-01-31,Americas (including U.S.),Technology,Operational,Technology,Technology Entity: Factory plant outage reported due to critical microchip supply delays,
2026-01-31,Americas (including U.S.),Technology,Strategic,Technology,Technology Entity: Failed corporate acquisition leaves regional expansion strategy unclear,
2026-01-31,Americas (including U.S.),Technology,Operational,Technology,Technology Entity: Transit port congestion creates transit bottleneck for key component parts,
2026-01-31,Americas (including U.S.),Financials,Financial,Financials,Financials Entity: Debt service obligations squeeze net liquidity across corporate division,
2026-01-31,Americas (including U.S.),Financials,Operational,Financials,Financials Entity: Labor union strike halts manufacturing assembly lines across region,
2026-01-31,Americas (including U.S.),Financials,General (Neutral / Positive),Financials,Financials Entity: Company announces expansion into automated production facilities,
2026-01-31,Americas (including U.S.),Consumer & Retail,General (Neutral / Positive),Consumer,Consumer Entity: Strategic research partnership formed to drive clean energy innovation,
2026-01-31,Americas (including U.S.),Consumer & Retail,Regulatory,Consumer,Consumer Entity: Antitrust regulatory body opens inquiry into regional market practices,
2026-01-31,Americas (including U.S.),Consumer & Retail,General (Neutral / Positive),Consumer,Consumer Entity: Export volumes maintain stable baseline trajectory across key markets,
2026-01-31,Americas (including U.S.),Energy & Raw Materials,General (Neutral / Positive),Energy,Energy Entity: Quarterly operational targets met amid steady international demand,
2026-01-31,Americas (including U.S.),Energy & Raw Materials,General (Neutral / Positive),Energy,Energy Entity: Strategic research partnership formed to drive clean energy innovation,
2026-01-31,Europe (EMEA),Industrials / Manufacturing,General (Neutral / Positive),Industrials,Industrials Entity: Strategic research partnership formed to drive clean energy innovation,
2026-01-31,Europe (EMEA),Industrials / Manufacturing,General (Neutral / Positive),Industrials,Industrials Entity: Export volumes maintain stable baseline trajectory across key markets,
2026-01-31,Europe (EMEA),Industrials / Manufacturing,Regulatory,Industrials,Industrials Entity: Antitrust regulatory body opens inquiry into regional market practices,
2026-01-31,Europe (EMEA),Technology,Regulatory,Technology,Technology Entity: New carbon emission compliance laws impose cross-border export tariffs,
2026-01-31,Europe (EMEA),Technology,General (Neutral / Positive),Technology,Technology Entity: Export volumes maintain stable baseline trajectory across key markets,
2026-01-31,Europe (EMEA),Financials,Strategic,Financials,Financials Entity: Shifting consumer demand creates inventory obsolescence ahead of launch,
2026-01-31,Europe (EMEA),Financials,Operational,Financials,Financials Entity: Labor union strike halts manufacturing assembly lines across region,
2026-01-31,Europe (EMEA),Consumer & Retail,Operational,Consumer,Consumer Entity: Raw material shortage forces temporary reduction in production targets,
2026-01-31,Europe (EMEA),Consumer & Retail,Operational,Consumer,Consumer Entity: Labor union strike halts manufacturing assembly lines across region,
2026-01-31,Europe (EMEA),Energy & Raw Materials,Operational,Energy,Energy Entity: Labor union strike halts manufacturing assembly lines across region,
2026-01-31,Europe (EMEA),Energy & Raw Materials,Financial,Energy,Energy Entity: Revenue miss triggers stock price volatility and credit rating review,
2026-01-31,Europe (EMEA),Energy & Raw Materials,General (Neutral / Positive),Energy,Energy Entity: Company announces expansion into automated production facilities,
2026-01-31,Europe (EMEA),Energy & Raw Materials,Financial,Energy,Energy Entity: Credit downgrade warning issued following quarterly margin compression,
2026-01-31,Asia (APAC),Industrials / Manufacturing,Strategic,Industrials,Industrials Entity: Failed corporate acquisition leaves regional expansion strategy unclear,
2026-01-31,Asia (APAC),Industrials / Manufacturing,General (Neutral / Positive),Industrials,Industrials Entity: Company announces expansion into automated production facilities,
2026-01-31,Asia (APAC),Industrials / Manufacturing,Financial,Industrials,Industrials Entity: Credit downgrade warning issued following quarterly margin compression,
2026-01-31,Asia (APAC),Technology,Strategic,Technology,Technology Entity: Shifting consumer demand creates inventory obsolescence ahead of launch,
2026-01-31,Asia (APAC),Technology,Financial,Technology,Technology Entity: Debt service obligations squeeze net liquidity across corporate division,
2026-01-31,Asia (APAC),Technology,General (Neutral / Positive),Technology,Technology Entity: Company announces expansion into automated production facilities,
2026-01-31,Asia (APAC),Technology,Strategic,Technology,Technology Entity: Delayed product transition threatens long-term sector competitiveness,
2026-01-31,Asia (APAC),Financials,General (Neutral / Positive),Financials,Financials Entity: Company announces expansion into automated production facilities,
2026-01-31,Asia (APAC),Financials,Operational,Financials,Financials Entity: Raw material shortage forces temporary reduction in production targets,
2026-01-31,Asia (APAC),Financials,Regulatory,Financials,Financials Entity: Antitrust regulatory body opens inquiry into regional market practices,
2026-01-31,Asia (APAC),Consumer & Retail,Operational,Consumer,Consumer Entity: Transit port congestion creates transit bottleneck for key component parts,
2026-01-31,Asia (APAC),Consumer & Retail,General (Neutral / Positive),Consumer,Consumer Entity: Export volumes maintain stable baseline trajectory across key markets,
2026-01-31,Asia (APAC),Energy & Raw Materials,Regulatory,Energy,Energy Entity: Bilateral trade restriction sanctions disrupt overseas supply channels,
2026-01-31,Asia (APAC),Energy & Raw Materials,General (Neutral / Positive),Energy,Energy Entity: Company announces expansion into automated production facilities,
2026-01-31,Asia (APAC),Energy & Raw Materials,Financial,Energy,Energy Entity: Credit downgrade warning issued following quarterly margin compression,
2026-01-31,Asia (APAC),Energy & Raw Materials,Financial,Energy,Energy Entity: Inflationary cost pressures reduce operational cash flow estimates,
2026-02-07,Global,Industrials / Manufacturing,Operational,Industrials,Industrials Entity: Raw material shortage forces temporary reduction in production targets,
2026-02-07,Global,Industrials / Manufacturing,Regulatory,Industrials,Industrials Entity: Bilateral trade restriction sanctions disrupt overseas supply channels,
2026-02-07,Global,Technology,Strategic,Technology,Technology Entity: Shifting consumer demand creates inventory obsolescence ahead of launch,
2026-02-07,Global,Technology,General (Neutral / Positive),Technology,Technology Entity: Strategic research partnership formed to drive clean energy innovation,
2026-02-07,Global,Technology,Financial,Technology,Technology Entity: Revenue miss triggers stock price volatility and credit rating review,
2026-02-07,Global,Technology,General (Neutral / Positive),Technology,Technology Entity: Strategic research partnership formed to drive clean energy innovation,
2026-02-07,Global,Financials,General (Neutral / Positive),Financials,Financials Entity: Company announces expansion into automated production facilities,
2026-02-07,Global,Financials,General (Neutral / Positive),Financials,Financials Entity: Strategic research partnership formed to drive clean energy innovation,
2026-02-07,Global,Financials,Regulatory,Financials,Financials Entity: Bilateral trade restriction sanctions disrupt overseas supply channels,
2026-02-07,Global,Consumer & Retail,Operational,Consumer,Consumer Entity: Factory plant outage reported due to critical microchip supply delays,
2026-02-07,Global,Consumer & Retail,Operational,Consumer,Consumer Entity: Raw material shortage forces temporary reduction in production targets,
2026-02-07,Global,Consumer & Retail,Strategic,Consumer,Consumer Entity: Failed corporate acquisition leaves regional expansion strategy unclear,
2026-02-07,Global,Energy & Raw Materials,Operational,Energy,Energy Entity: Factory plant outage reported due to critical microchip supply delays,
2026-02-07,Global,Energy & Raw Materials,Strategic,Energy,Energy Entity: Delayed product transition threatens long-term sector competitiveness,
2026-02-07,Global,Energy & Raw Materials,General (Neutral / Positive),Energy,Energy Entity: Company announces expansion into automated production facilities,
2026-02-07,Americas (including U.S.),Industrials / Manufacturing,Strategic,Industrials,Industrials Entity: Shifting consumer demand creates inventory obsolescence ahead of launch,
2026-02-07,Americas (including U.S.),Industrials / Manufacturing,General (Neutral / Positive),Industrials,Industrials Entity: Strategic research partnership formed to drive clean energy innovation,
2026-02-07,Americas (including U.S.),Technology,General (Neutral / Positive),Technology,Technology Entity: Company announces expansion into automated production facilities,
2026-02-07,Americas (including U.S.),Technology,General (Neutral / Positive),Technology,Technology Entity: Quarterly operational targets met amid steady international demand,
2026-02-07,Americas (including U.S.),Financials,Regulatory,Financials,Financials Entity: New carbon emission compliance laws impose cross-border export tariffs,
2026-02-07,Americas (including U.S.),Financials,Regulatory,Financials,Financials Entity: Strict data privacy enforcement imposes steep non-compliance penalties,
2026-02-07,Americas (including U.S.),Financials,Operational,Financials,Financials Entity: Factory plant outage reported due to critical microchip supply delays,
2026-02-07,Americas (including U.S.),Financials,Financial,Financials,Financials Entity: Debt service obligations squeeze net liquidity across corporate division,
2026-02-07,Americas (including U.S.),Consumer & Retail,General (Neutral / Positive),Consumer,Consumer Entity: Company announces expansion into automated production facilities,
2026-02-07,Americas (including U.S.),Consumer & Retail,Regulatory,Consumer,Consumer Entity: Strict data privacy enforcement imposes steep non-compliance penalties,
2026-02-07,Americas (including U.S.),Energy & Raw Materials,Strategic,Energy,Energy Entity: Market share loss accelerates as low-cost competitors expand reach,
2026-02-07,Americas (including U.S.),Energy & Raw Materials,General (Neutral / Positive),Energy,Energy Entity: Strategic research partnership formed to drive clean energy innovation,
2026-02-07,Americas (including U.S.),Energy & Raw Materials,Operational,Energy,Energy Entity: Factory plant outage reported due to critical microchip supply delays,
2026-02-07,Europe (EMEA),Industrials / Manufacturing,Strategic,Industrials,Industrials Entity: Shifting consumer demand creates inventory obsolescence ahead of launch,
2026-02-07,Europe (EMEA),Industrials / Manufacturing,Financial,Industrials,Industrials Entity: Revenue miss triggers stock price volatility and credit rating review,
2026-02-07,Europe (EMEA),Technology,General (Neutral / Positive),Technology,Technology Entity: Export volumes maintain stable baseline trajectory across key markets,
2026-02-07,Europe (EMEA),Technology,General (Neutral / Positive),Technology,Technology Entity: Company announces expansion into automated production facilities,
2026-02-07,Europe (EMEA),Technology,General (Neutral / Positive),Technology,Technology Entity: Quarterly operational targets met amid steady international demand,
2026-02-07,Europe (EMEA),Financials,General (Neutral / Positive),Financials,Financials Entity: Company announces expansion into automated production facilities,
2026-02-07,Europe (EMEA),Financials,General (Neutral / Positive),Financials,Financials Entity: Strategic research partnership formed to drive clean energy innovation,
2026-02-07,Europe (EMEA),Financials,Operational,Financials,Financials Entity: Factory plant outage reported due to critical microchip supply delays,
2026-02-07,Europe (EMEA),Consumer & Retail,Strategic,Consumer,Consumer Entity: Failed corporate acquisition leaves regional expansion strategy unclear,
2026-02-07,Europe (EMEA),Consumer & Retail,General (Neutral / Positive),Consumer,Consumer Entity: Strategic research partnership formed to drive clean energy innovation,
2026-02-07,Europe (EMEA),Consumer & Retail,Operational,Consumer,Consumer Entity: Transit port congestion creates transit bottleneck for key component parts,
2026-02-07,Europe (EMEA),Energy & Raw Materials,Regulatory,Energy,Energy Entity: Strict data privacy enforcement imposes steep non-compliance penalties,
2026-02-07,Europe (EMEA),Energy & Raw Materials,General (Neutral / Positive),Energy,Energy Entity: Strategic research partnership formed to drive clean energy innovation,
2026-02-07,Asia (APAC),Industrials / Manufacturing,Regulatory,Industrials,Industrials Entity: Antitrust regulatory body opens inquiry into regional market practices,
2026-02-07,Asia (APAC),Industrials / Manufacturing,Financial,Industrials,Industrials Entity: Debt service obligations squeeze net liquidity across corporate division,
2026-02-07,Asia (APAC),Industrials / Manufacturing,General (Neutral / Positive),Industrials,Industrials Entity: Company announces expansion into automated production facilities,
2026-02-07,Asia (APAC),Industrials / Manufacturing,Operational,Industrials,Industrials Entity: Raw material shortage forces temporary reduction in production targets,
2026-02-07,Asia (APAC),Technology,Regulatory,Technology,Technology Entity: New carbon emission compliance laws impose cross-border export tariffs,
2026-02-07,Asia (APAC),Technology,General (Neutral / Positive),Technology,Technology Entity: Export volumes maintain stable baseline trajectory across key markets,
2026-02-07,Asia (APAC),Technology,General (Neutral / Positive),Technology,Technology Entity: Strategic research partnership formed to drive clean energy innovation,
2026-02-07,Asia (APAC),Financials,Regulatory,Financials,Financials Entity: New carbon emission compliance laws impose cross-border export tariffs,
2026-02-07,Asia (APAC),Financials,Regulatory,Financials,Financials Entity: New carbon emission compliance laws impose cross-border export tariffs,
2026-02-07,Asia (APAC),Consumer & Retail,Strategic,Consumer,Consumer Entity: Market share loss accelerates as low-cost competitors expand reach,
2026-02-07,Asia (APAC),Consumer & Retail,Strategic,Consumer,Consumer Entity: Delayed product transition threatens long-term sector competitiveness,
2026-02-07,Asia (APAC),Consumer & Retail,General (Neutral / Positive),Consumer,Consumer Entity: Export volumes maintain stable baseline trajectory across key markets,
2026-02-07,Asia (APAC),Consumer & Retail,Financial,Consumer,Consumer Entity: Debt service obligations squeeze net liquidity across corporate division,
2026-02-07,Asia (APAC),Energy & Raw Materials,Financial,Energy,Energy Entity: Debt service obligations squeeze net liquidity across corporate division,
2026-02-07,Asia (APAC),Energy & Raw Materials,General (Neutral / Positive),Energy,Energy Entity: Quarterly operational targets met amid steady international demand,
2026-02-14,Global,Industrials / Manufacturing,Operational,Industrials,Industrials Entity: Labor union strike halts manufacturing assembly lines across region,
2026-02-14,Global,Industrials / Manufacturing,Financial,Industrials,Industrials Entity: Credit downgrade warning issued following quarterly margin compression,
2026-02-14,Global,Technology,Operational,Technology,Technology Entity: Raw material shortage forces temporary reduction in production targets,
2026-02-14,Global,Technology,General (Neutral / Positive),Technology,Technology Entity: Strategic research partnership formed to drive clean energy innovation,
2026-02-14,Global,Financials,General (Neutral / Positive),Financials,Financials Entity: Export volumes maintain stable baseline trajectory across key markets,
2026-02-14,Global,Financials,General (Neutral / Positive),Financials,Financials Entity: Company announces expansion into automated production facilities,
2026-02-14,Global,Consumer & Retail,Regulatory,Consumer,Consumer Entity: New carbon emission compliance laws impose cross-border export tariffs,
2026-02-14,Global,Consumer & Retail,Strategic,Consumer,Consumer Entity: Failed corporate acquisition leaves regional expansion strategy unclear,
2026-02-14,Global,Consumer & Retail,Regulatory,Consumer,Consumer Entity: Strict data privacy enforcement imposes steep non-compliance penalties,
2026-02-14,Global,Consumer & Retail,General (Neutral / Positive),Consumer,Consumer Entity: Quarterly operational targets met amid steady international demand,
2026-02-14,Global,Energy & Raw Materials,Financial,Energy,Energy Entity: Inflationary cost pressures reduce operational cash flow estimates,
2026-02-14,Global,Energy & Raw Materials,Financial,Energy,Energy Entity: Debt service obligations squeeze net liquidity across corporate division,
2026-02-14,Americas (including U.S.),Industrials / Manufacturing,General (Neutral / Positive),Industrials,Industrials Entity: Quarterly operational targets met amid steady international demand,
2026-02-14,Americas (including U.S.),Industrials / Manufacturing,Strategic,Industrials,Industrials Entity: Shifting consumer demand creates inventory obsolescence ahead of launch,
2026-02-14,Americas (including U.S.),Industrials / Manufacturing,Regulatory,Industrials,Industrials Entity: New carbon emission compliance laws impose cross-border export tariffs,
2026-02-14,Americas (including U.S.),Technology,General (Neutral / Positive),Technology,Technology Entity: Company announces expansion into automated production facilities,
2026-02-14,Americas (including U.S.),Technology,General (Neutral / Positive),Technology,Technology Entity: Strategic research partnership formed to drive clean energy innovation,
2026-02-14,Americas (including U.S.),Technology,Strategic,Technology,Technology Entity: Market share loss accelerates as low-cost competitors expand reach,
2026-02-14,Americas (including U.S.),Technology,General (Neutral / Positive),Technology,Technology Entity: Quarterly operational targets met amid steady international demand,
2026-02-14,Americas (including U.S.),Financials,General (Neutral / Positive),Financials,Financials Entity: Quarterly operational targets met amid steady international demand,
2026-02-14,Americas (including U.S.),Financials,Regulatory,Financials,Financials Entity: Strict data privacy enforcement imposes steep non-compliance penalties,
2026-02-14,Americas (including U.S.),Consumer & Retail,General (Neutral / Positive),Consumer,Consumer Entity: Company announces expansion into automated production facilities,
2026-02-14,Americas (including U.S.),Consumer & Retail,Operational,Consumer,Consumer Entity: Raw material shortage forces temporary reduction in production targets,
2026-02-14,Americas (including U.S.),Consumer & Retail,General (Neutral / Positive),Consumer,Consumer Entity: Quarterly operational targets met amid steady international demand,
2026-02-14,Americas (including U.S.),Consumer & Retail,General (Neutral / Positive),Consumer,Consumer Entity: Strategic research partnership formed to drive clean energy innovation,
2026-02-14,Americas (including U.S.),Energy & Raw Materials,General (Neutral / Positive),Energy,Energy Entity: Strategic research partnership formed to drive clean energy innovation,
2026-02-14,Americas (including U.S.),Energy & Raw Materials,Strategic,Energy,Energy Entity: Failed corporate acquisition leaves regional expansion strategy unclear,
2026-02-14,Europe (EMEA),Industrials / Manufacturing,General (Neutral / Positive),Industrials,Industrials Entity: Strategic research partnership formed to drive clean energy innovation,
2026-02-14,Europe (EMEA),Industrials / Manufacturing,General (Neutral / Positive),Industrials,Industrials Entity: Quarterly operational targets met amid steady international demand,
2026-02-14,Europe (EMEA),Industrials / Manufacturing,Operational,Industrials,Industrials Entity: Raw material shortage forces temporary reduction in production targets,
2026-02-14,Europe (EMEA),Industrials / Manufacturing,Financial,Industrials,Industrials Entity: Credit downgrade warning issued following quarterly margin compression,
2026-02-14,Europe (EMEA),Technology,Strategic,Technology,Technology Entity: Market share loss accelerates as low-cost competitors expand reach,
2026-02-14,Europe (EMEA),Technology,Strategic,Technology,Technology Entity: Market share loss accelerates as low-cost competitors expand reach,
2026-02-14,Europe (EMEA),Technology,General (Neutral / Positive),Technology,Technology Entity: Company announces expansion into automated production facilities,
2026-02-14,Europe (EMEA),Financials,General (Neutral / Positive),Financials,Financials Entity: Company announces expansion into automated production facilities,
2026-02-14,Europe (EMEA),Financials,Financial,Financials,Financials Entity: Revenue miss triggers stock price volatility and credit rating review,
2026-02-14,Europe (EMEA),Consumer & Retail,Operational,Consumer,Consumer Entity: Raw material shortage forces temporary reduction in production targets,
2026-02-14,Europe (EMEA),Consumer & Retail,Strategic,Consumer,Consumer Entity: Delayed product transition threatens long-term sector competitiveness,
2026-02-14,Europe (EMEA),Energy & Raw Materials,Financial,Energy,Energy Entity: Debt service obligations squeeze net liquidity across corporate division,
2026-02-14,Europe (EMEA),Energy & Raw Materials,Strategic,Energy,Energy Entity: Shifting consumer demand creates inventory obsolescence ahead of launch,
2026-02-14,Asia (APAC),Industrials / Manufacturing,General (Neutral / Positive),Industrials,Industrials Entity: Quarterly operational targets met amid steady international demand,
2026-02-14,Asia (APAC),Industrials / Manufacturing,General (Neutral / Positive),Industrials,Industrials Entity: Strategic research partnership formed to drive clean energy innovation,
2026-02-14,Asia (APAC),Technology,General (Neutral / Positive),Technology,Technology Entity: Export volumes maintain stable baseline trajectory across key markets,
2026-02-14,Asia (APAC),Technology,General (Neutral / Positive),Technology,Technology Entity: Export volumes maintain stable baseline trajectory across key markets,
2026-02-14,Asia (APAC),Technology,General (Neutral / Positive),Technology,Technology Entity: Export volumes maintain stable baseline trajectory across key markets,
2026-02-14,Asia (APAC),Financials,General (Neutral / Positive),Financials,Financials Entity: Company announces expansion into automated production facilities,
2026-02-14,Asia (APAC),Financials,General (Neutral / Positive),Financials,Financials Entity: Quarterly operational targets met amid steady international demand,
2026-02-14,Asia (APAC),Financials,Regulatory,Financials,Financials Entity: Antitrust regulatory body opens inquiry into regional market practices,
2026-02-14,Asia (APAC),Consumer & Retail,Financial,Consumer,Consumer Entity: Debt service obligations squeeze net liquidity across corporate division,
2026-02-14,Asia (APAC),Consumer & Retail,Financial,Consumer,Consumer Entity: Debt service obligations squeeze net liquidity across corporate division,
2026-02-14,Asia (APAC),Energy & Raw Materials,General (Neutral / Positive),Energy,Energy Entity: Quarterly operational targets met amid steady international demand,
2026-02-14,Asia (APAC),Energy & Raw Materials,Regulatory,Energy,Energy Entity: New carbon emission compliance laws impose cross-border export tariffs,
2026-02-21,Global,Industrials / Manufacturing,Regulatory,Industrials,Industrials Entity: Bilateral trade restriction sanctions disrupt overseas supply channels,
2026-02-21,Global,Industrials / Manufacturing,Operational,Industrials,Industrials Entity: Transit port congestion creates transit bottleneck for key component parts,
2026-02-21,Global,Industrials / Manufacturing,Regulatory,Industrials,Industrials Entity: Bilateral trade restriction sanctions disrupt overseas supply channels,
2026-02-21,Global,Industrials / Manufacturing,Operational,Industrials,Industrials Entity: Raw material shortage forces temporary reduction in production targets,
2026-02-21,Global,Technology,General (Neutral / Positive),Technology,Technology Entity: Quarterly operational targets met amid steady international demand,
2026-02-21,Global,Technology,General (Neutral / Positive),Technology,Technology Entity: Strategic research partnership formed to drive clean energy innovation,
2026-02-21,Global,Technology,Operational,Technology,Technology Entity: Labor union strike halts manufacturing assembly lines across region,
2026-02-21,Global,Financials,Financial,Financials,Financials Entity: Credit downgrade warning issued following quarterly margin compression,
2026-02-21,Global,Financials,Financial,Financials,Financials Entity: Inflationary cost pressures reduce operational cash flow estimates,
2026-02-21,Global,Financials,Regulatory,Financials,Financials Entity: Bilateral trade restriction sanctions disrupt overseas supply channels,
2026-02-21,Global,Consumer & Retail,Regulatory,Consumer,Consumer Entity: New carbon emission compliance laws impose cross-border export tariffs,
2026-02-21,Global,Consumer & Retail,Financial,Consumer,Consumer Entity: Revenue miss triggers stock price volatility and credit rating review,
2026-02-21,Global,Consumer & Retail,Strategic,Consumer,Consumer Entity: Failed corporate acquisition leaves regional expansion strategy unclear,
2026-02-21,Global,Consumer & Retail,General (Neutral / Positive),Consumer,Consumer Entity: Company announces expansion into automated production facilities,
2026-02-21,Global,Energy & Raw Materials,Strategic,Energy,Energy Entity: Shifting consumer demand creates inventory obsolescence ahead of launch,
2026-02-21,Global,Energy & Raw Materials,Operational,Energy,Energy Entity: Transit port congestion creates transit bottleneck for key component parts,
2026-02-21,Global,Energy & Raw Materials,General (Neutral / Positive),Energy,Energy Entity: Company announces expansion into automated production facilities,
2026-02-21,Americas (including U.S.),Industrials / Manufacturing,Financial,Industrials,Industrials Entity: Debt service obligations squeeze net liquidity across corporate division,
2026-02-21,Americas (including U.S.),Industrials / Manufacturing,General (Neutral / Positive),Industrials,Industrials Entity: Strategic research partnership formed to drive clean energy innovation,
2026-02-21,Americas (including U.S.),Industrials / Manufacturing,General (Neutral / Positive),Industrials,Industrials Entity: Export volumes maintain stable baseline trajectory across key markets,
2026-02-21,Americas (including U.S.),Industrials / Manufacturing,Financial,Industrials,Industrials Entity: Inflationary cost pressures reduce operational cash flow estimates,
2026-02-21,Americas (including U.S.),Technology,General (Neutral / Positive),Technology,Technology Entity: Quarterly operational targets met amid steady international demand,
2026-02-21,Americas (including U.S.),Technology,General (Neutral / Positive),Technology,Technology Entity: Export volumes maintain stable baseline trajectory across key markets,
2026-02-21,Americas (including U.S.),Technology,General (Neutral / Positive),Technology,Technology Entity: Company announces expansion into automated production facilities,
2026-02-21,Americas (including U.S.),Financials,Operational,Financials,Financials Entity: Raw material shortage forces temporary reduction in production targets,
2026-02-21,Americas (including U.S.),Financials,General (Neutral / Positive),Financials,Financials Entity: Quarterly operational targets met amid steady international demand,
2026-02-21,Americas (including U.S.),Financials,Strategic,Financials,Financials Entity: Market share loss accelerates as low-cost competitors expand reach,
2026-02-21,Americas (including U.S.),Financials,General (Neutral / Positive),Financials,Financials Entity: Export volumes maintain stable baseline trajectory across key markets,
2026-02-21,Americas (including U.S.),Consumer & Retail,General (Neutral / Positive),Consumer,Consumer Entity: Company announces expansion into automated production facilities,
2026-02-21,Americas (including U.S.),Consumer & Retail,Regulatory,Consumer,Consumer Entity: Bilateral trade restriction sanctions disrupt overseas supply channels,
2026-02-21,Americas (including U.S.),Consumer & Retail,Strategic,Consumer,Consumer Entity: Failed corporate acquisition leaves regional expansion strategy unclear,
2026-02-21,Americas (including U.S.),Energy & Raw Materials,Financial,Energy,Energy Entity: Credit downgrade warning issued following quarterly margin compression,
2026-02-21,Americas (including U.S.),Energy & Raw Materials,Strategic,Energy,Energy Entity: Failed corporate acquisition leaves regional expansion strategy unclear,
2026-02-21,Americas (including U.S.),Energy & Raw Materials,General (Neutral / Positive),Energy,Energy Entity: Strategic research partnership formed to drive clean energy innovation,
2026-02-21,Americas (including U.S.),Energy & Raw Materials,General (Neutral / Positive),Energy,Energy Entity: Quarterly operational targets met amid steady international demand,
2026-02-21,Europe (EMEA),Industrials / Manufacturing,Regulatory,Industrials,Industrials Entity: New carbon emission compliance laws impose cross-border export tariffs,
2026-02-21,Europe (EMEA),Industrials / Manufacturing,Regulatory,Industrials,Industrials Entity: New carbon emission compliance laws impose cross-border export tariffs,
2026-02-21,Europe (EMEA),Industrials / Manufacturing,Operational,Industrials,Industrials Entity: Raw material shortage forces temporary reduction in production targets,
2026-02-21,Europe (EMEA),Industrials / Manufacturing,Operational,Industrials,Industrials Entity: Labor union strike halts manufacturing assembly lines across region,
2026-02-21,Europe (EMEA),Technology,General (Neutral / Positive),Technology,Technology Entity: Strategic research partnership formed to drive clean energy innovation,
2026-02-21,Europe (EMEA),Technology,General (Neutral / Positive),Technology,Technology Entity: Strategic research partnership formed to drive clean energy innovation,
2026-02-21,Europe (EMEA),Financials,Strategic,Financials,Financials Entity: Delayed product transition threatens long-term sector competitiveness,
2026-02-21,Europe (EMEA),Financials,Operational,Financials,Financials Entity: Raw material shortage forces temporary reduction in production targets,
2026-02-21,Europe (EMEA),Financials,General (Neutral / Positive),Financials,Financials Entity: Strategic research partnership formed to drive clean energy innovation,
2026-02-21,Europe (EMEA),Financials,Regulatory,Financials,Financials Entity: Bilateral trade restriction sanctions disrupt overseas supply channels,
2026-02-21,Europe (EMEA),Consumer & Retail,General (Neutral / Positive),Consumer,Consumer Entity: Strategic research partnership formed to drive clean energy innovation,
2026-02-21,Europe (EMEA),Consumer & Retail,Regulatory,Consumer,Consumer Entity: Antitrust regulatory body opens inquiry into regional market practices,
2026-02-21,Europe (EMEA),Consumer & Retail,General (Neutral / Positive),Consumer,Consumer Entity: Quarterly operational targets met amid steady international demand,
2026-02-21,Europe (EMEA),Energy & Raw Materials,General (Neutral / Positive),Energy,Energy Entity: Strategic research partnership formed to drive clean energy innovation,
2026-02-21,Europe (EMEA),Energy & Raw Materials,Regulatory,Energy,Energy Entity: Bilateral trade restriction sanctions disrupt overseas supply channels,
2026-02-21,Europe (EMEA),Energy & Raw Materials,Regulatory,Energy,Energy Entity: Antitrust regulatory body opens inquiry into regional market practices,
2026-02-21,Asia (APAC),Industrials / Manufacturing,General (Neutral / Positive),Industrials,Industrials Entity: Company announces expansion into automated production facilities,
2026-02-21,Asia (APAC),Industrials / Manufacturing,Operational,Industrials,Industrials Entity: Labor union strike halts manufacturing assembly lines across region,
2026-02-21,Asia (APAC),Industrials / Manufacturing,Regulatory,Industrials,Industrials Entity: Bilateral trade restriction sanctions disrupt overseas supply channels,
2026-02-21,Asia (APAC),Industrials / Manufacturing,General (Neutral / Positive),Industrials,Industrials Entity: Company announces expansion into automated production facilities,
2026-02-21,Asia (APAC),Technology,Operational,Technology,Technology Entity: Labor union strike halts manufacturing assembly lines across region,
2026-02-21,Asia (APAC),Technology,Regulatory,Technology,Technology Entity: New carbon emission compliance laws impose cross-border export tariffs,
2026-02-21,Asia (APAC),Financials,General (Neutral / Positive),Financials,Financials Entity: Company announces expansion into automated production facilities,
2026-02-21,Asia (APAC),Financials,Financial,Financials,Financials Entity: Revenue miss triggers stock price volatility and credit rating review,
2026-02-21,Asia (APAC),Consumer & Retail,Strategic,Consumer,Consumer Entity: Delayed product transition threatens long-term sector competitiveness,
2026-02-21,Asia (APAC),Consumer & Retail,Operational,Consumer,Consumer Entity: Raw material shortage forces temporary reduction in production targets,
2026-02-21,Asia (APAC),Energy & Raw Materials,Strategic,Energy,Energy Entity: Shifting consumer demand creates inventory obsolescence ahead of launch,
2026-02-21,Asia (APAC),Energy & Raw Materials,Regulatory,Energy,Energy Entity: Bilateral trade restriction sanctions disrupt overseas supply channels,
2026-02-21,Asia (APAC),Energy & Raw Materials,General (Neutral / Positive),Energy,Energy Entity: Export volumes maintain stable baseline trajectory across key markets,
2026-02-28,Global,Industrials / Manufacturing,General (Neutral / Positive),Industrials,Industrials Entity: Quarterly operational targets met amid steady international demand,
2026-02-28,Global,Industrials / Manufacturing,General (Neutral / Positive),Industrials,Industrials Entity: Quarterly operational targets met amid steady international demand,
2026-02-28,Global,Industrials / Manufacturing,Financial,Industrials,Industrials Entity: Inflationary cost pressures reduce operational cash flow estimates,
2026-02-28,Global,Technology,Regulatory,Technology,Technology Entity: New carbon emission compliance laws impose cross-border export tariffs,
2026-02-28,Global,Technology,Regulatory,Technology,Technology Entity: Strict data privacy enforcement imposes steep non-compliance penalties,
2026-02-28,Global,Technology,General (Neutral / Positive),Technology,Technology Entity: Strategic research partnership formed to drive clean energy innovation,
2026-02-28,Global,Financials,General (Neutral / Positive),Financials,Financials Entity: Quarterly operational targets met amid steady international demand,
2026-02-28,Global,Financials,Financial,Financials,Financials Entity: Credit downgrade warning issued following quarterly margin compression,
2026-02-28,Global,Consumer & Retail,General (Neutral / Positive),Consumer,Consumer Entity: Company announces expansion into automated production facilities,
2026-02-28,Global,Consumer & Retail,Operational,Consumer,Consumer Entity: Factory plant outage reported due to critical microchip supply delays,
2026-02-28,Global,Energy & Raw Materials,Operational,Energy,Energy Entity: Factory plant outage reported due to critical microchip supply delays,
2026-02-28,Global,Energy & Raw Materials,General (Neutral / Positive),Energy,Energy Entity: Strategic research partnership formed to drive clean energy innovation,
2026-02-28,Americas (including U.S.),Industrials / Manufacturing,General (Neutral / Positive),Industrials,Industrials Entity: Strategic research partnership formed to drive clean energy innovation,
2026-02-28,Americas (including U.S.),Industrials / Manufacturing,Financial,Industrials,Industrials Entity: Credit downgrade warning issued following quarterly margin compression,
2026-02-28,Americas (including U.S.),Technology,Strategic,Technology,Technology Entity: Shifting consumer demand creates inventory obsolescence ahead of launch,
2026-02-28,Americas (including U.S.),Technology,Strategic,Technology,Technology Entity: Delayed product transition threatens long-term sector competitiveness,
2026-02-28,Americas (including U.S.),Financials,Operational,Financials,Financials Entity: Factory plant outage reported due to critical microchip supply delays,
2026-02-28,Americas (including U.S.),Financials,Strategic,Financials,Financials Entity: Shifting consumer demand creates inventory obsolescence ahead of launch,
2026-02-28,Americas (including U.S.),Financials,General (Neutral / Positive),Financials,Financials Entity: Company announces expansion into automated production facilities,
2026-02-28,Americas (including U.S.),Financials,Strategic,Financials,Financials Entity: Shifting consumer demand creates inventory obsolescence ahead of launch,
2026-02-28,Americas (including U.S.),Consumer & Retail,General (Neutral / Positive),Consumer,Consumer Entity: Export volumes maintain stable baseline trajectory across key markets,
2026-02-28,Americas (including U.S.),Consumer & Retail,General (Neutral / Positive),Consumer,Consumer Entity: Company announces expansion into automated production facilities,
2026-02-28,Americas (including U.S.),Consumer & Retail,Regulatory,Consumer,Consumer Entity: Bilateral trade restriction sanctions disrupt overseas supply channels,
2026-02-28,Americas (including U.S.),Consumer & Retail,Operational,Consumer,Consumer Entity: Factory plant outage reported due to critical microchip supply delays,
2026-02-28,Americas (including U.S.),Energy & Raw Materials,General (Neutral / Positive),Energy,Energy Entity: Quarterly operational targets met amid steady international demand,
2026-02-28,Americas (including U.S.),Energy & Raw Materials,Regulatory,Energy,Energy Entity: Bilateral trade restriction sanctions disrupt overseas supply channels,
2026-02-28,Europe (EMEA),Industrials / Manufacturing,Operational,Industrials,Industrials Entity: Transit port congestion creates transit bottleneck for key component parts,
2026-02-28,Europe (EMEA),Industrials / Manufacturing,General (Neutral / Positive),Industrials,Industrials Entity: Strategic research partnership formed to drive clean energy innovation,
2026-02-28,Europe (EMEA),Industrials / Manufacturing,General (Neutral / Positive),Industrials,Industrials Entity: Strategic research partnership formed to drive clean energy innovation,
2026-02-28,Europe (EMEA),Industrials / Manufacturing,Regulatory,Industrials,Industrials Entity: Antitrust regulatory body opens inquiry into regional market practices,
2026-02-28,Europe (EMEA),Technology,Financial,Technology,Technology Entity: Credit downgrade warning issued following quarterly margin compression,
2026-02-28,Europe (EMEA),Technology,Operational,Technology,Technology Entity: Factory plant outage reported due to critical microchip supply delays,
2026-02-28,Europe (EMEA),Financials,Operational,Financials,Financials Entity: Transit port congestion creates transit bottleneck for key component parts,
2026-02-28,Europe (EMEA),Financials,Strategic,Financials,Financials Entity: Shifting consumer demand creates inventory obsolescence ahead of launch,
2026-02-28,Europe (EMEA),Financials,Financial,Financials,Financials Entity: Credit downgrade warning issued following quarterly margin compression,
2026-02-28,Europe (EMEA),Financials,General (Neutral / Positive),Financials,Financials Entity: Company announces expansion into automated production facilities,
2026-02-28,Europe (EMEA),Consumer & Retail,Regulatory,Consumer,Consumer Entity: Strict data privacy enforcement imposes steep non-compliance penalties,
2026-02-28,Europe (EMEA),Consumer & Retail,Regulatory,Consumer,Consumer Entity: Antitrust regulatory body opens inquiry into regional market practices,
2026-02-28,Europe (EMEA),Consumer & Retail,Regulatory,Consumer,Consumer Entity: Antitrust regulatory body opens inquiry into regional market practices,
2026-02-28,Europe (EMEA),Energy & Raw Materials,Strategic,Energy,Energy Entity: Shifting consumer demand creates inventory obsolescence ahead of launch,
2026-02-28,Europe (EMEA),Energy & Raw Materials,General (Neutral / Positive),Energy,Energy Entity: Quarterly operational targets met amid steady international demand,
2026-02-28,Asia (APAC),Industrials / Manufacturing,Strategic,Industrials,Industrials Entity: Shifting consumer demand creates inventory obsolescence ahead of launch,
2026-02-28,Asia (APAC),Industrials / Manufacturing,Regulatory,Industrials,Industrials Entity: Antitrust regulatory body opens inquiry into regional market practices,
2026-02-28,Asia (APAC),Industrials / Manufacturing,Regulatory,Industrials,Industrials Entity: Strict data privacy enforcement imposes steep non-compliance penalties,
2026-02-28,Asia (APAC),Technology,Operational,Technology,Technology Entity: Labor union strike halts manufacturing assembly lines across region,
2026-02-28,Asia (APAC),Technology,Operational,Technology,Technology Entity: Labor union strike halts manufacturing assembly lines across region,
2026-02-28,Asia (APAC),Technology,Operational,Technology,Technology Entity: Labor union strike halts manufacturing assembly lines across region,
2026-02-28,Asia (APAC),Technology,General (Neutral / Positive),Technology,Technology Entity: Export volumes maintain stable baseline trajectory across key markets,
2026-02-28,Asia (APAC),Financials,Regulatory,Financials,Financials Entity: Bilateral trade restriction sanctions disrupt overseas supply channels,
2026-02-28,Asia (APAC),Financials,General (Neutral / Positive),Financials,Financials Entity: Company announces expansion into automated production facilities,
2026-02-28,Asia (APAC),Financials,Regulatory,Financials,Financials Entity: Antitrust regulatory body opens inquiry into regional market practices,
2026-02-28,Asia (APAC),Financials,Strategic,Financials,Financials Entity: Delayed product transition threatens long-term sector competitiveness,
2026-02-28,Asia (APAC),Consumer & Retail,Operational,Consumer,Consumer Entity: Transit port congestion creates transit bottleneck for key component parts,
2026-02-28,Asia (APAC),Consumer & Retail,Strategic,Consumer,Consumer Entity: Delayed product transition threatens long-term sector competitiveness,
2026-02-28,Asia (APAC),Energy & Raw Materials,General (Neutral / Positive),Energy,Energy Entity: Export volumes maintain stable baseline trajectory across key markets,
2026-02-28,Asia (APAC),Energy & Raw Materials,General (Neutral / Positive),Energy,Energy Entity: Export volumes maintain stable baseline trajectory across key markets,
2026-03-07,Global,Industrials / Manufacturing,Regulatory,Industrials,Industrials Entity: New carbon emission compliance laws impose cross-border export tariffs,
2026-03-07,Global,Industrials / Manufacturing,Strategic,Industrials,Industrials Entity: Shifting consumer demand creates inventory obsolescence ahead of launch,
2026-03-07,Global,Technology,Regulatory,Technology,Technology Entity: New carbon emission compliance laws impose cross-border export tariffs,
2026-03-07,Global,Technology,Strategic,Technology,Technology Entity: Market share loss accelerates as low-cost competitors expand reach,
2026-03-07,Global,Technology,General (Neutral / Positive),Technology,Technology Entity: Quarterly operational targets met amid steady international demand,
2026-03-07,Global,Financials,General (Neutral / Positive),Financials,Financials Entity: Company announces expansion into automated production facilities,
2026-03-07,Global,Financials,Financial,Financials,Financials Entity: Credit downgrade warning issued following quarterly margin compression,
2026-03-07,Global,Consumer & Retail,Financial,Consumer,Consumer Entity: Credit downgrade warning issued following quarterly margin compression,
2026-03-07,Global,Consumer & Retail,Strategic,Consumer,Consumer Entity: Market share loss accelerates as low-cost competitors expand reach,
2026-03-07,Global,Consumer & Retail,General (Neutral / Positive),Consumer,Consumer Entity: Export volumes maintain stable baseline trajectory across key markets,
2026-03-07,Global,Consumer & Retail,General (Neutral / Positive),Consumer,Consumer Entity: Export volumes maintain stable baseline trajectory across key markets,
2026-03-07,Global,Energy & Raw Materials,General (Neutral / Positive),Energy,Energy Entity: Company announces expansion into automated production facilities,
2026-03-07,Global,Energy & Raw Materials,Regulatory,Energy,Energy Entity: New carbon emission compliance laws impose cross-border export tariffs,
2026-03-07,Americas (including U.S.),Industrials / Manufacturing,General (Neutral / Positive),Industrials,Industrials Entity: Export volumes maintain stable baseline trajectory across key markets,
2026-03-07,Americas (including U.S.),Industrials / Manufacturing,Operational,Industrials,Industrials Entity: Raw material shortage forces temporary reduction in production targets,
2026-03-07,Americas (including U.S.),Technology,Operational,Technology,Technology Entity: Labor union strike halts manufacturing assembly lines across region,
2026-03-07,Americas (including U.S.),Technology,Regulatory,Technology,Technology Entity: Bilateral trade restriction sanctions disrupt overseas supply channels,
2026-03-07,Americas (including U.S.),Technology,General (Neutral / Positive),Technology,Technology Entity: Company announces expansion into automated production facilities,
2026-03-07,Americas (including U.S.),Technology,General (Neutral / Positive),Technology,Technology Entity: Strategic research partnership formed to drive clean energy innovation,
2026-03-07,Americas (including U.S.),Financials,Financial,Financials,Financials Entity: Debt service obligations squeeze net liquidity across corporate division,
2026-03-07,Americas (including U.S.),Financials,General (Neutral / Positive),Financials,Financials Entity: Quarterly operational targets met amid steady international demand,
2026-03-07,Americas (including U.S.),Financials,General (Neutral / Positive),Financials,Financials Entity: Export volumes maintain stable baseline trajectory across key markets,
2026-03-07,Americas (including U.S.),Financials,Operational,Financials,Financials Entity: Raw material shortage forces temporary reduction in production targets,
2026-03-07,Americas (including U.S.),Consumer & Retail,Regulatory,Consumer,Consumer Entity: Bilateral trade restriction sanctions disrupt overseas supply channels,
2026-03-07,Americas (including U.S.),Consumer & Retail,Regulatory,Consumer,Consumer Entity: Strict data privacy enforcement imposes steep non-compliance penalties,
2026-03-07,Americas (including U.S.),Consumer & Retail,General (Neutral / Positive),Consumer,Consumer Entity: Export volumes maintain stable baseline trajectory across key markets,
2026-03-07,Americas (including U.S.),Energy & Raw Materials,General (Neutral / Positive),Energy,Energy Entity: Quarterly operational targets met amid steady international demand,
2026-03-07,Americas (including U.S.),Energy & Raw Materials,Strategic,Energy,Energy Entity: Market share loss accelerates as low-cost competitors expand reach,
2026-03-07,Europe (EMEA),Industrials / Manufacturing,Strategic,Industrials,Industrials Entity: Shifting consumer demand creates inventory obsolescence ahead of launch,
2026-03-07,Europe (EMEA),Industrials / Manufacturing,General (Neutral / Positive),Industrials,Industrials Entity: Quarterly operational targets met amid steady international demand,
2026-03-07,Europe (EMEA),Industrials / Manufacturing,Strategic,Industrials,Industrials Entity: Failed corporate acquisition leaves regional expansion strategy unclear,
2026-03-07,Europe (EMEA),Technology,Strategic,Technology,Technology Entity: Shifting consumer demand creates inventory obsolescence ahead of launch,
2026-03-07,Europe (EMEA),Technology,General (Neutral / Positive),Technology,Technology Entity: Strategic research partnership formed to drive clean energy innovation,
2026-03-07,Europe (EMEA),Technology,Strategic,Technology,Technology Entity: Failed corporate acquisition leaves regional expansion strategy unclear,
2026-03-07,Europe (EMEA),Technology,Strategic,Technology,Technology Entity: Failed corporate acquisition leaves regional expansion strategy unclear,
2026-03-07,Europe (EMEA),Financials,Strategic,Financials,Financials Entity: Shifting consumer demand creates inventory obsolescence ahead of launch,
2026-03-07,Europe (EMEA),Financials,Financial,Financials,Financials Entity: Revenue miss triggers stock price volatility and credit rating review,
2026-03-07,Europe (EMEA),Financials,General (Neutral / Positive),Financials,Financials Entity: Export volumes maintain stable baseline trajectory across key markets,
2026-03-07,Europe (EMEA),Consumer & Retail,Strategic,Consumer,Consumer Entity: Failed corporate acquisition leaves regional expansion strategy unclear,
2026-03-07,Europe (EMEA),Consumer & Retail,General (Neutral / Positive),Consumer,Consumer Entity: Company announces expansion into automated production facilities,
2026-03-07,Europe (EMEA),Energy & Raw Materials,Financial,Energy,Energy Entity: Inflationary cost pressures reduce operational cash flow estimates,
2026-03-07,Europe (EMEA),Energy & Raw Materials,General (Neutral / Positive),Energy,Energy Entity: Quarterly operational targets met amid steady international demand,
2026-03-07,Europe (EMEA),Energy & Raw Materials,Regulatory,Energy,Energy Entity: Strict data privacy enforcement imposes steep non-compliance penalties,
2026-03-07,Europe (EMEA),Energy & Raw Materials,General (Neutral / Positive),Energy,Energy Entity: Strategic research partnership formed to drive clean energy innovation,
2026-03-07,Asia (APAC),Industrials / Manufacturing,General (Neutral / Positive),Industrials,Industrials Entity: Strategic research partnership formed to drive clean energy innovation,
2026-03-07,Asia (APAC),Industrials / Manufacturing,General (Neutral / Positive),Industrials,Industrials Entity: Export volumes maintain stable baseline trajectory across key markets,
2026-03-07,Asia (APAC),Industrials / Manufacturing,General (Neutral / Positive),Industrials,Industrials Entity: Strategic research partnership formed to drive clean energy innovation,
2026-03-07,Asia (APAC),Technology,General (Neutral / Positive),Technology,Technology Entity: Strategic research partnership formed to drive clean energy innovation,
2026-03-07,Asia (APAC),Technology,General (Neutral / Positive),Technology,Technology Entity: Company announces expansion into automated production facilities,
2026-03-07,Asia (APAC),Technology,Operational,Technology,Technology Entity: Raw material shortage forces temporary reduction in production targets,
2026-03-07,Asia (APAC),Technology,General (Neutral / Positive),Technology,Technology Entity: Strategic research partnership formed to drive clean energy innovation,
2026-03-07,Asia (APAC),Financials,General (Neutral / Positive),Financials,Financials Entity: Export volumes maintain stable baseline trajectory across key markets,
2026-03-07,Asia (APAC),Financials,General (Neutral / Positive),Financials,Financials Entity: Company announces expansion into automated production facilities,
2026-03-07,Asia (APAC),Consumer & Retail,General (Neutral / Positive),Consumer,Consumer Entity: Export volumes maintain stable baseline trajectory across key markets,
2026-03-07,Asia (APAC),Consumer & Retail,Regulatory,Consumer,Consumer Entity: New carbon emission compliance laws impose cross-border export tariffs,
2026-03-07,Asia (APAC),Consumer & Retail,General (Neutral / Positive),Consumer,Consumer Entity: Export volumes maintain stable baseline trajectory across key markets,
2026-03-07,Asia (APAC),Energy & Raw Materials,Operational,Energy,Energy Entity: Factory plant outage reported due to critical microchip supply delays,
2026-03-07,Asia (APAC),Energy & Raw Materials,Operational,Energy,Energy Entity: Transit port congestion creates transit bottleneck for key component parts,
2026-03-07,Asia (APAC),Energy & Raw Materials,General (Neutral / Positive),Energy,Energy Entity: Quarterly operational targets met amid steady international demand,
2026-03-07,Asia (APAC),Energy & Raw Materials,Regulatory,Energy,Energy Entity: Bilateral trade restriction sanctions disrupt overseas supply channels,
2026-03-14,Global,Industrials / Manufacturing,Regulatory,Industrials,Industrials Entity: Antitrust regulatory body opens inquiry into regional market practices,
2026-03-14,Global,Industrials / Manufacturing,Strategic,Industrials,Industrials Entity: Delayed product transition threatens long-term sector competitiveness,
2026-03-14,Global,Technology,General (Neutral / Positive),Technology,Technology Entity: Export volumes maintain stable baseline trajectory across key markets,
2026-03-14,Global,Technology,Strategic,Technology,Technology Entity: Delayed product transition threatens long-term sector competitiveness,
2026-03-14,Global,Technology,General (Neutral / Positive),Technology,Technology Entity: Strategic research partnership formed to drive clean energy innovation,
2026-03-14,Global,Technology,General (Neutral / Positive),Technology,Technology Entity: Strategic research partnership formed to drive clean energy innovation,
2026-03-14,Global,Financials,Operational,Financials,Financials Entity: Transit port congestion creates transit bottleneck for key component parts,
2026-03-14,Global,Financials,Operational,Financials,Financials Entity: Raw material shortage forces temporary reduction in production targets,
2026-03-14,Global,Financials,Regulatory,Financials,Financials Entity: Antitrust regulatory body opens inquiry into regional market practices,
2026-03-14,Global,Consumer & Retail,General (Neutral / Positive),Consumer,Consumer Entity: Strategic research partnership formed to drive clean energy innovation,
2026-03-14,Global,Consumer & Retail,Operational,Consumer,Consumer Entity: Labor union strike halts manufacturing assembly lines across region,
2026-03-14,Global,Energy & Raw Materials,General (Neutral / Positive),Energy,Energy Entity: Export volumes maintain stable baseline trajectory across key markets,
2026-03-14,Global,Energy & Raw Materials,Regulatory,Energy,Energy Entity: Bilateral trade restriction sanctions disrupt overseas supply channels,
2026-03-14,Americas (including U.S.),Industrials / Manufacturing,General (Neutral / Positive),Industrials,Industrials Entity: Quarterly operational targets met amid steady international demand,
2026-03-14,Americas (including U.S.),Industrials / Manufacturing,General (Neutral / Positive),Industrials,Industrials Entity: Export volumes maintain stable baseline trajectory across key markets,
2026-03-14,Americas (including U.S.),Industrials / Manufacturing,Operational,Industrials,Industrials Entity: Raw material shortage forces temporary reduction in production targets,
2026-03-14,Americas (including U.S.),Technology,Regulatory,Technology,Technology Entity: Antitrust regulatory body opens inquiry into regional market practices,
2026-03-14,Americas (including U.S.),Technology,Financial,Technology,Technology Entity: Credit downgrade warning issued following quarterly margin compression,
2026-03-14,Americas (including U.S.),Financials,General (Neutral / Positive),Financials,Financials Entity: Export volumes maintain stable baseline trajectory across key markets,
2026-03-14,Americas (including U.S.),Financials,Financial,Financials,Financials Entity: Debt service obligations squeeze net liquidity across corporate division,
2026-03-14,Americas (including U.S.),Financials,General (Neutral / Positive),Financials,Financials Entity: Company announces expansion into automated production facilities,
2026-03-14,Americas (including U.S.),Financials,General (Neutral / Positive),Financials,Financials Entity: Strategic research partnership formed to drive clean energy innovation,
2026-03-14,Americas (including U.S.),Consumer & Retail,General (Neutral / Positive),Consumer,Consumer Entity: Export volumes maintain stable baseline trajectory across key markets,
2026-03-14,Americas (including U.S.),Consumer & Retail,General (Neutral / Positive),Consumer,Consumer Entity: Quarterly operational targets met amid steady international demand,
2026-03-14,Americas (including U.S.),Consumer & Retail,General (Neutral / Positive),Consumer,Consumer Entity: Strategic research partnership formed to drive clean energy innovation,
2026-03-14,Americas (including U.S.),Consumer & Retail,General (Neutral / Positive),Consumer,Consumer Entity: Company announces expansion into automated production facilities,
2026-03-14,Americas (including U.S.),Energy & Raw Materials,Financial,Energy,Energy Entity: Inflationary cost pressures reduce operational cash flow estimates,
2026-03-14,Americas (including U.S.),Energy & Raw Materials,General (Neutral / Positive),Energy,Energy Entity: Company announces expansion into automated production facilities,
2026-03-14,Americas (including U.S.),Energy & Raw Materials,General (Neutral / Positive),Energy,Energy Entity: Export volumes maintain stable baseline trajectory across key markets,
2026-03-14,Europe (EMEA),Industrials / Manufacturing,General (Neutral / Positive),Industrials,Industrials Entity: Company announces expansion into automated production facilities,
2026-03-14,Europe (EMEA),Industrials / Manufacturing,Regulatory,Industrials,Industrials Entity: Bilateral trade restriction sanctions disrupt overseas supply channels,
2026-03-14,Europe (EMEA),Technology,Strategic,Technology,Technology Entity: Market share loss accelerates as low-cost competitors expand reach,
2026-03-14,Europe (EMEA),Technology,Financial,Technology,Technology Entity: Inflationary cost pressures reduce operational cash flow estimates,
2026-03-14,Europe (EMEA),Technology,General (Neutral / Positive),Technology,Technology Entity: Company announces expansion into automated production facilities,
2026-03-14,Europe (EMEA),Technology,General (Neutral / Positive),Technology,Technology Entity: Strategic research partnership formed to drive clean energy innovation,
2026-03-14,Europe (EMEA),Financials,Strategic,Financials,Financials Entity: Shifting consumer demand creates inventory obsolescence ahead of launch,
2026-03-14,Europe (EMEA),Financials,Strategic,Financials,Financials Entity: Delayed product transition threatens long-term sector competitiveness,
2026-03-14,Europe (EMEA),Financials,Financial,Financials,Financials Entity: Debt service obligations squeeze net liquidity across corporate division,
2026-03-14,Europe (EMEA),Consumer & Retail,General (Neutral / Positive),Consumer,Consumer Entity: Export volumes maintain stable baseline trajectory across key markets,
2026-03-14,Europe (EMEA),Consumer & Retail,Financial,Consumer,Consumer Entity: Revenue miss triggers stock price volatility and credit rating review,
2026-03-14,Europe (EMEA),Consumer & Retail,Regulatory,Consumer,Consumer Entity: Antitrust regulatory body opens inquiry into regional market practices,
2026-03-14,Europe (EMEA),Energy & Raw Materials,General (Neutral / Positive),Energy,Energy Entity: Company announces expansion into automated production facilities,
2026-03-14,Europe (EMEA),Energy & Raw Materials,General (Neutral / Positive),Energy,Energy Entity: Quarterly operational targets met amid steady international demand,
2026-03-14,Europe (EMEA),Energy & Raw Materials,Strategic,Energy,Energy Entity: Shifting consumer demand creates inventory obsolescence ahead of launch,
2026-03-14,Europe (EMEA),Energy & Raw Materials,General (Neutral / Positive),Energy,Energy Entity: Strategic research partnership formed to drive clean energy innovation,
2026-03-14,Asia (APAC),Industrials / Manufacturing,Strategic,Industrials,Industrials Entity: Delayed product transition threatens long-term sector competitiveness,
2026-03-14,Asia (APAC),Industrials / Manufacturing,Financial,Industrials,Industrials Entity: Credit downgrade warning issued following quarterly margin compression,
2026-03-14,Asia (APAC),Industrials / Manufacturing,Operational,Industrials,Industrials Entity: Labor union strike halts manufacturing assembly lines across region,
2026-03-14,Asia (APAC),Industrials / Manufacturing,General (Neutral / Positive),Industrials,Industrials Entity: Strategic research partnership formed to drive clean energy innovation,
2026-03-14,Asia (APAC),Technology,Strategic,Technology,Technology Entity: Shifting consumer demand creates inventory obsolescence ahead of launch,
2026-03-14,Asia (APAC),Technology,Regulatory,Technology,Technology Entity: Bilateral trade restriction sanctions disrupt overseas supply channels,
2026-03-14,Asia (APAC),Technology,Regulatory,Technology,Technology Entity: New carbon emission compliance laws impose cross-border export tariffs,
2026-03-14,Asia (APAC),Financials,General (Neutral / Positive),Financials,Financials Entity: Company announces expansion into automated production facilities,
2026-03-14,Asia (APAC),Financials,Regulatory,Financials,Financials Entity: Antitrust regulatory body opens inquiry into regional market practices,
2026-03-14,Asia (APAC),Financials,Regulatory,Financials,Financials Entity: Bilateral trade restriction sanctions disrupt overseas supply channels,
2026-03-14,Asia (APAC),Consumer & Retail,General (Neutral / Positive),Consumer,Consumer Entity: Strategic research partnership formed to drive clean energy innovation,
2026-03-14,Asia (APAC),Consumer & Retail,General (Neutral / Positive),Consumer,Consumer Entity: Quarterly operational targets met amid steady international demand,
2026-03-14,Asia (APAC),Consumer & Retail,Financial,Consumer,Consumer Entity: Revenue miss triggers stock price volatility and credit rating review,
2026-03-14,Asia (APAC),Consumer & Retail,Operational,Consumer,Consumer Entity: Factory plant outage reported due to critical microchip supply delays,
2026-03-14,Asia (APAC),Energy & Raw Materials,General (Neutral / Positive),Energy,Energy Entity: Strategic research partnership formed to drive clean energy innovation,
2026-03-14,Asia (APAC),Energy & Raw Materials,General (Neutral / Positive),Energy,Energy Entity: Quarterly operational targets met amid steady international demand,
2026-03-14,Asia (APAC),Energy & Raw Materials,Operational,Energy,Energy Entity: Labor union strike halts manufacturing assembly lines across region,
2026-03-14,Asia (APAC),Energy & Raw Materials,General (Neutral / Positive),Energy,Energy Entity: Strategic research partnership formed to drive clean energy innovation,
2026-03-21,Global,Industrials / Manufacturing,Operational,Industrials,Industrials Entity: Raw material shortage forces temporary reduction in production targets,
2026-03-21,Global,Industrials / Manufacturing,Financial,Industrials,Industrials Entity: Debt service obligations squeeze net liquidity across corporate division,
2026-03-21,Global,Technology,Regulatory,Technology,Technology Entity: Antitrust regulatory body opens inquiry into regional market practices,
2026-03-21,Global,Technology,Operational,Technology,Technology Entity: Raw material shortage forces temporary reduction in production targets,
2026-03-21,Global,Technology,General (Neutral / Positive),Technology,Technology Entity: Company announces expansion into automated production facilities,
2026-03-21,Global,Technology,General (Neutral / Positive),Technology,Technology Entity: Strategic research partnership formed to drive clean energy innovation,
2026-03-21,Global,Financials,General (Neutral / Positive),Financials,Financials Entity: Quarterly operational targets met amid steady international demand,
2026-03-21,Global,Financials,General (Neutral / Positive),Financials,Financials Entity: Quarterly operational targets met amid steady international demand,
2026-03-21,Global,Financials,Regulatory,Financials,Financials Entity: Strict data privacy enforcement imposes steep non-compliance penalties,
2026-03-21,Global,Financials,General (Neutral / Positive),Financials,Financials Entity: Company announces expansion into automated production facilities,
2026-03-21,Global,Consumer & Retail,Regulatory,Consumer,Consumer Entity: New carbon emission compliance laws impose cross-border export tariffs,
2026-03-21,Global,Consumer & Retail,Operational,Consumer,Consumer Entity: Raw material shortage forces temporary reduction in production targets,
2026-03-21,Global,Energy & Raw Materials,Regulatory,Energy,Energy Entity: Strict data privacy enforcement imposes steep non-compliance penalties,
2026-03-21,Global,Energy & Raw Materials,Financial,Energy,Energy Entity: Revenue miss triggers stock price volatility and credit rating review,
2026-03-21,Global,Energy & Raw Materials,Financial,Energy,Energy Entity: Inflationary cost pressures reduce operational cash flow estimates,
2026-03-21,Americas (including U.S.),Industrials / Manufacturing,Strategic,Industrials,Industrials Entity: Delayed product transition threatens long-term sector competitiveness,
2026-03-21,Americas (including U.S.),Industrials / Manufacturing,General (Neutral / Positive),Industrials,Industrials Entity: Export volumes maintain stable baseline trajectory across key markets,
2026-03-21,Americas (including U.S.),Technology,General (Neutral / Positive),Technology,Technology Entity: Quarterly operational targets met amid steady international demand,
2026-03-21,Americas (including U.S.),Technology,Regulatory,Technology,Technology Entity: Strict data privacy enforcement imposes steep non-compliance penalties,
2026-03-21,Americas (including U.S.),Technology,General (Neutral / Positive),Technology,Technology Entity: Strategic research partnership formed to drive clean energy innovation,
2026-03-21,Americas (including U.S.),Technology,General (Neutral / Positive),Technology,Technology Entity: Strategic research partnership formed to drive clean energy innovation,
2026-03-21,Americas (including U.S.),Financials,General (Neutral / Positive),Financials,Financials Entity: Export volumes maintain stable baseline trajectory across key markets,
2026-03-21,Americas (including U.S.),Financials,General (Neutral / Positive),Financials,Financials Entity: Strategic research partnership formed to drive clean energy innovation,
2026-03-21,Americas (including U.S.),Consumer & Retail,Financial,Consumer,Consumer Entity: Debt service obligations squeeze net liquidity across corporate division,
2026-03-21,Americas (including U.S.),Consumer & Retail,General (Neutral / Positive),Consumer,Consumer Entity: Strategic research partnership formed to drive clean energy innovation,
2026-03-21,Americas (including U.S.),Consumer & Retail,General (Neutral / Positive),Consumer,Consumer Entity: Export volumes maintain stable baseline trajectory across key markets,
2026-03-21,Americas (including U.S.),Consumer & Retail,General (Neutral / Positive),Consumer,Consumer Entity: Company announces expansion into automated production facilities,
2026-03-21,Americas (including U.S.),Energy & Raw Materials,Financial,Energy,Energy Entity: Inflationary cost pressures reduce operational cash flow estimates,
2026-03-21,Americas (including U.S.),Energy & Raw Materials,Financial,Energy,Energy Entity: Revenue miss triggers stock price volatility and credit rating review,
2026-03-21,Americas (including U.S.),Energy & Raw Materials,Strategic,Energy,Energy Entity: Market share loss accelerates as low-cost competitors expand reach,
2026-03-21,Europe (EMEA),Industrials / Manufacturing,General (Neutral / Positive),Industrials,Industrials Entity: Strategic research partnership formed to drive clean energy innovation,
2026-03-21,Europe (EMEA),Industrials / Manufacturing,Regulatory,Industrials,Industrials Entity: Antitrust regulatory body opens inquiry into regional market practices,
2026-03-21,Europe (EMEA),Industrials / Manufacturing,Financial,Industrials,Industrials Entity: Inflationary cost pressures reduce operational cash flow estimates,
2026-03-21,Europe (EMEA),Technology,Operational,Technology,Technology Entity: Raw material shortage forces temporary reduction in production targets,
2026-03-21,Europe (EMEA),Technology,Financial,Technology,Technology Entity: Inflationary cost pressures reduce operational cash flow estimates,
2026-03-21,Europe (EMEA),Technology,Financial,Technology,Technology Entity: Inflationary cost pressures reduce operational cash flow estimates,
2026-03-21,Europe (EMEA),Financials,Financial,Financials,Financials Entity: Revenue miss triggers stock price volatility and credit rating review,
2026-03-21,Europe (EMEA),Financials,General (Neutral / Positive),Financials,Financials Entity: Company announces expansion into automated production facilities,
2026-03-21,Europe (EMEA),Financials,General (Neutral / Positive),Financials,Financials Entity: Export volumes maintain stable baseline trajectory across key markets,
2026-03-21,Europe (EMEA),Financials,Financial,Financials,Financials Entity: Revenue miss triggers stock price volatility and credit rating review,
2026-03-21,Europe (EMEA),Consumer & Retail,Strategic,Consumer,Consumer Entity: Shifting consumer demand creates inventory obsolescence ahead of launch,
2026-03-21,Europe (EMEA),Consumer & Retail,Operational,Consumer,Consumer Entity: Raw material shortage forces temporary reduction in production targets,
2026-03-21,Europe (EMEA),Consumer & Retail,Financial,Consumer,Consumer Entity: Revenue miss triggers stock price volatility and credit rating review,
2026-03-21,Europe (EMEA),Consumer & Retail,Strategic,Consumer,Consumer Entity: Shifting consumer demand creates inventory obsolescence ahead of launch,
2026-03-21,Europe (EMEA),Energy & Raw Materials,Strategic,Energy,Energy Entity: Shifting consumer demand creates inventory obsolescence ahead of launch,
2026-03-21,Europe (EMEA),Energy & Raw Materials,Operational,Energy,Energy Entity: Transit port congestion creates transit bottleneck for key component parts,
2026-03-21,Asia (APAC),Industrials / Manufacturing,General (Neutral / Positive),Industrials,Industrials Entity: Quarterly operational targets met amid steady international demand,
2026-03-21,Asia (APAC),Industrials / Manufacturing,General (Neutral / Positive),Industrials,Industrials Entity: Strategic research partnership formed to drive clean energy innovation,
2026-03-21,Asia (APAC),Industrials / Manufacturing,Operational,Industrials,Industrials Entity: Transit port congestion creates transit bottleneck for key component parts,
2026-03-21,Asia (APAC),Industrials / Manufacturing,Regulatory,Industrials,Industrials Entity: Bilateral trade restriction sanctions disrupt overseas supply channels,
2026-03-21,Asia (APAC),Technology,Regulatory,Technology,Technology Entity: Strict data privacy enforcement imposes steep non-compliance penalties,
2026-03-21,Asia (APAC),Technology,Operational,Technology,Technology Entity: Raw material shortage forces temporary reduction in production targets,
2026-03-21,Asia (APAC),Technology,Regulatory,Technology,Technology Entity: Strict data privacy enforcement imposes steep non-compliance penalties,
2026-03-21,Asia (APAC),Technology,Strategic,Technology,Technology Entity: Shifting consumer demand creates inventory obsolescence ahead of launch,
2026-03-21,Asia (APAC),Financials,Financial,Financials,Financials Entity: Inflationary cost pressures reduce operational cash flow estimates,
2026-03-21,Asia (APAC),Financials,Regulatory,Financials,Financials Entity: New carbon emission compliance laws impose cross-border export tariffs,
2026-03-21,Asia (APAC),Financials,Strategic,Financials,Financials Entity: Failed corporate acquisition leaves regional expansion strategy unclear,
2026-03-21,Asia (APAC),Financials,Strategic,Financials,Financials Entity: Market share loss accelerates as low-cost competitors expand reach,
2026-03-21,Asia (APAC),Consumer & Retail,Financial,Consumer,Consumer Entity: Inflationary cost pressures reduce operational cash flow estimates,
2026-03-21,Asia (APAC),Consumer & Retail,Strategic,Consumer,Consumer Entity: Delayed product transition threatens long-term sector competitiveness,
2026-03-21,Asia (APAC),Consumer & Retail,General (Neutral / Positive),Consumer,Consumer Entity: Export volumes maintain stable baseline trajectory across key markets,
2026-03-21,Asia (APAC),Consumer & Retail,Regulatory,Consumer,Consumer Entity: Strict data privacy enforcement imposes steep non-compliance penalties,
2026-03-21,Asia (APAC),Energy & Raw Materials,General (Neutral / Positive),Energy,Energy Entity: Strategic research partnership formed to drive clean energy innovation,
2026-03-21,Asia (APAC),Energy & Raw Materials,Financial,Energy,Energy Entity: Revenue miss triggers stock price volatility and credit rating review,
2026-03-28,Global,Industrials / Manufacturing,Regulatory,Industrials,Industrials Entity: Strict data privacy enforcement imposes steep non-compliance penalties,
2026-03-28,Global,Industrials / Manufacturing,General (Neutral / Positive),Industrials,Industrials Entity: Export volumes maintain stable baseline trajectory across key markets,
2026-03-28,Global,Industrials / Manufacturing,Financial,Industrials,Industrials Entity: Credit downgrade warning issued following quarterly margin compression,
2026-03-28,Global,Industrials / Manufacturing,Regulatory,Industrials,Industrials Entity: Strict data privacy enforcement imposes steep non-compliance penalties,
2026-03-28,Global,Technology,Regulatory,Technology,Technology Entity: Strict data privacy enforcement imposes steep non-compliance penalties,
2026-03-28,Global,Technology,General (Neutral / Positive),Technology,Technology Entity: Export volumes maintain stable baseline trajectory across key markets,
2026-03-28,Global,Financials,Financial,Financials,Financials Entity: Inflationary cost pressures reduce operational cash flow estimates,
2026-03-28,Global,Financials,Strategic,Financials,Financials Entity: Failed corporate acquisition leaves regional expansion strategy unclear,
2026-03-28,Global,Financials,General (Neutral / Positive),Financials,Financials Entity: Strategic research partnership formed to drive clean energy innovation,
2026-03-28,Global,Financials,General (Neutral / Positive),Financials,Financials Entity: Quarterly operational targets met amid steady international demand,
2026-03-28,Global,Consumer & Retail,General (Neutral / Positive),Consumer,Consumer Entity: Company announces expansion into automated production facilities,
2026-03-28,Global,Consumer & Retail,Operational,Consumer,Consumer Entity: Labor union strike halts manufacturing assembly lines across region,
2026-03-28,Global,Energy & Raw Materials,Regulatory,Energy,Energy Entity: Antitrust regulatory body opens inquiry into regional market practices,
2026-03-28,Global,Energy & Raw Materials,General (Neutral / Positive),Energy,Energy Entity: Quarterly operational targets met amid steady international demand,
2026-03-28,Americas (including U.S.),Industrials / Manufacturing,General (Neutral / Positive),Industrials,Industrials Entity: Company announces expansion into automated production facilities,
2026-03-28,Americas (including U.S.),Industrials / Manufacturing,General (Neutral / Positive),Industrials,Industrials Entity: Quarterly operational targets met amid steady international demand,
2026-03-28,Americas (including U.S.),Industrials / Manufacturing,Financial,Industrials,Industrials Entity: Inflationary cost pressures reduce operational cash flow estimates,
2026-03-28,Americas (including U.S.),Industrials / Manufacturing,Operational,Industrials,Industrials Entity: Transit port congestion creates transit bottleneck for key component parts,
2026-03-28,Americas (including U.S.),Technology,Operational,Technology,Technology Entity: Factory plant outage reported due to critical microchip supply delays,
2026-03-28,Americas (including U.S.),Technology,Strategic,Technology,Technology Entity: Shifting consumer demand creates inventory obsolescence ahead of launch,
2026-03-28,Americas (including U.S.),Technology,Operational,Technology,Technology Entity: Factory plant outage reported due to critical microchip supply delays,
2026-03-28,Americas (including U.S.),Technology,Regulatory,Technology,Technology Entity: Bilateral trade restriction sanctions disrupt overseas supply channels,
2026-03-28,Americas (including U.S.),Financials,Financial,Financials,Financials Entity: Debt service obligations squeeze net liquidity across corporate division,
2026-03-28,Americas (including U.S.),Financials,Operational,Financials,Financials Entity: Transit port congestion creates transit bottleneck for key component parts,
2026-03-28,Americas (including U.S.),Financials,Strategic,Financials,Financials Entity: Failed corporate acquisition leaves regional expansion strategy unclear,
2026-03-28,Americas (including U.S.),Consumer & Retail,General (Neutral / Positive),Consumer,Consumer Entity: Company announces expansion into automated production facilities,
2026-03-28,Americas (including U.S.),Consumer & Retail,General (Neutral / Positive),Consumer,Consumer Entity: Quarterly operational targets met amid steady international demand,
2026-03-28,Americas (including U.S.),Energy & Raw Materials,Financial,Energy,Energy Entity: Revenue miss triggers stock price volatility and credit rating review,
2026-03-28,Americas (including U.S.),Energy & Raw Materials,Operational,Energy,Energy Entity: Transit port congestion creates transit bottleneck for key component parts,
2026-03-28,Europe (EMEA),Industrials / Manufacturing,Regulatory,Industrials,Industrials Entity: Strict data privacy enforcement imposes steep non-compliance penalties,
2026-03-28,Europe (EMEA),Industrials / Manufacturing,Financial,Industrials,Industrials Entity: Revenue miss triggers stock price volatility and credit rating review,
2026-03-28,Europe (EMEA),Industrials / Manufacturing,General (Neutral / Positive),Industrials,Industrials Entity: Company announces expansion into automated production facilities,
2026-03-28,Europe (EMEA),Industrials / Manufacturing,General (Neutral / Positive),Industrials,Industrials Entity: Company announces expansion into automated production facilities,
2026-03-28,Europe (EMEA),Technology,Operational,Technology,Technology Entity: Factory plant outage reported due to critical microchip supply delays,
2026-03-28,Europe (EMEA),Technology,Regulatory,Technology,Technology Entity: New carbon emission compliance laws impose cross-border export tariffs,
2026-03-28,Europe (EMEA),Financials,Operational,Financials,Financials Entity: Raw material shortage forces temporary reduction in production targets,
2026-03-28,Europe (EMEA),Financials,General (Neutral / Positive),Financials,Financials Entity: Company announces expansion into automated production facilities,
2026-03-28,Europe (EMEA),Consumer & Retail,Operational,Consumer,Consumer Entity: Raw material shortage forces temporary reduction in production targets,
2026-03-28,Europe (EMEA),Consumer & Retail,General (Neutral / Positive),Consumer,Consumer Entity: Strategic research partnership formed to drive clean energy innovation,
2026-03-28,Europe (EMEA),Consumer & Retail,General (Neutral / Positive),Consumer,Consumer Entity: Strategic research partnership formed to drive clean energy innovation,
2026-03-28,Europe (EMEA),Consumer & Retail,Financial,Consumer,Consumer Entity: Inflationary cost pressures reduce operational cash flow estimates,
2026-03-28,Europe (EMEA),Energy & Raw Materials,General (Neutral / Positive),Energy,Energy Entity: Strategic research partnership formed to drive clean energy innovation,
2026-03-28,Europe (EMEA),Energy & Raw Materials,Regulatory,Energy,Energy Entity: Antitrust regulatory body opens inquiry into regional market practices,
2026-03-28,Asia (APAC),Industrials / Manufacturing,Regulatory,Industrials,Industrials Entity: Bilateral trade restriction sanctions disrupt overseas supply channels,
2026-03-28,Asia (APAC),Industrials / Manufacturing,General (Neutral / Positive),Industrials,Industrials Entity: Quarterly operational targets met amid steady international demand,
2026-03-28,Asia (APAC),Industrials / Manufacturing,Strategic,Industrials,Industrials Entity: Delayed product transition threatens long-term sector competitiveness,
2026-03-28,Asia (APAC),Industrials / Manufacturing,Regulatory,Industrials,Industrials Entity: Bilateral trade restriction sanctions disrupt overseas supply channels,
2026-03-28,Asia (APAC),Technology,General (Neutral / Positive),Technology,Technology Entity: Export volumes maintain stable baseline trajectory across key markets,
2026-03-28,Asia (APAC),Technology,Strategic,Technology,Technology Entity: Shifting consumer demand creates inventory obsolescence ahead of launch,
2026-03-28,Asia (APAC),Financials,General (Neutral / Positive),Financials,Financials Entity: Company announces expansion into automated production facilities,
2026-03-28,Asia (APAC),Financials,Regulatory,Financials,Financials Entity: Strict data privacy enforcement imposes steep non-compliance penalties,
2026-03-28,Asia (APAC),Financials,Regulatory,Financials,Financials Entity: Bilateral trade restriction sanctions disrupt overseas supply channels,
2026-03-28,Asia (APAC),Financials,General (Neutral / Positive),Financials,Financials Entity: Quarterly operational targets met amid steady international demand,
2026-03-28,Asia (APAC),Consumer & Retail,General (Neutral / Positive),Consumer,Consumer Entity: Company announces expansion into automated production facilities,
2026-03-28,Asia (APAC),Consumer & Retail,General (Neutral / Positive),Consumer,Consumer Entity: Company announces expansion into automated production facilities,
2026-03-28,Asia (APAC),Energy & Raw Materials,General (Neutral / Positive),Energy,Energy Entity: Export volumes maintain stable baseline trajectory across key markets,
2026-03-28,Asia (APAC),Energy & Raw Materials,Operational,Energy,Energy Entity: Labor union strike halts manufacturing assembly lines across region,
2026-03-28,Asia (APAC),Energy & Raw Materials,Regulatory,Energy,Energy Entity: New carbon emission compliance laws impose cross-border export tariffs,
2026-03-28,Asia (APAC),Energy & Raw Materials,Financial,Energy,Energy Entity: Credit downgrade warning issued following quarterly margin compression,
2026-04-04,Global,Industrials / Manufacturing,Operational,Industrials,Industrials Entity: Factory plant outage reported due to critical microchip supply delays,
2026-04-04,Global,Industrials / Manufacturing,General (Neutral / Positive),Industrials,Industrials Entity: Quarterly operational targets met amid steady international demand,
2026-04-04,Global,Industrials / Manufacturing,Strategic,Industrials,Industrials Entity: Failed corporate acquisition leaves regional expansion strategy unclear,
2026-04-04,Global,Industrials / Manufacturing,Regulatory,Industrials,Industrials Entity: Bilateral trade restriction sanctions disrupt overseas supply channels,
2026-04-04,Global,Technology,Operational,Technology,Technology Entity: Transit port congestion creates transit bottleneck for key component parts,
2026-04-04,Global,Technology,General (Neutral / Positive),Technology,Technology Entity: Company announces expansion into automated production facilities,
2026-04-04,Global,Financials,General (Neutral / Positive),Financials,Financials Entity: Quarterly operational targets met amid steady international demand,
2026-04-04,Global,Financials,Financial,Financials,Financials Entity: Credit downgrade warning issued following quarterly margin compression,
2026-04-04,Global,Financials,General (Neutral / Positive),Financials,Financials Entity: Strategic research partnership formed to drive clean energy innovation,
2026-04-04,Global,Financials,Regulatory,Financials,Financials Entity: New carbon emission compliance laws impose cross-border export tariffs,
2026-04-04,Global,Consumer & Retail,Operational,Consumer,Consumer Entity: Labor union strike halts manufacturing assembly lines across region,
2026-04-04,Global,Consumer & Retail,Operational,Consumer,Consumer Entity: Factory plant outage reported due to critical microchip supply delays,
2026-04-04,Global,Energy & Raw Materials,Operational,Energy,Energy Entity: Raw material shortage forces temporary reduction in production targets,
2026-04-04,Global,Energy & Raw Materials,General (Neutral / Positive),Energy,Energy Entity: Export volumes maintain stable baseline trajectory across key markets,
2026-04-04,Global,Energy & Raw Materials,Regulatory,Energy,Energy Entity: Antitrust regulatory body opens inquiry into regional market practices,
2026-04-04,Global,Energy & Raw Materials,General (Neutral / Positive),Energy,Energy Entity: Quarterly operational targets met amid steady international demand,
2026-04-04,Americas (including U.S.),Industrials / Manufacturing,General (Neutral / Positive),Industrials,Industrials Entity: Company announces expansion into automated production facilities,
2026-04-04,Americas (including U.S.),Industrials / Manufacturing,General (Neutral / Positive),Industrials,Industrials Entity: Export volumes maintain stable baseline trajectory across key markets,
2026-04-04,Americas (including U.S.),Industrials / Manufacturing,Strategic,Industrials,Industrials Entity: Market share loss accelerates as low-cost competitors expand reach,
2026-04-04,Americas (including U.S.),Technology,Strategic,Technology,Technology Entity: Market share loss accelerates as low-cost competitors expand reach,
2026-04-04,Americas (including U.S.),Technology,Financial,Technology,Technology Entity: Inflationary cost pressures reduce operational cash flow estimates,
2026-04-04,Americas (including U.S.),Technology,Regulatory,Technology,Technology Entity: Strict data privacy enforcement imposes steep non-compliance penalties,
2026-04-04,Americas (including U.S.),Technology,General (Neutral / Positive),Technology,Technology Entity: Quarterly operational targets met amid steady international demand,
2026-04-04,Americas (including U.S.),Financials,Strategic,Financials,Financials Entity: Failed corporate acquisition leaves regional expansion strategy unclear,
2026-04-04,Americas (including U.S.),Financials,Financial,Financials,Financials Entity: Inflationary cost pressures reduce operational cash flow estimates,
2026-04-04,Americas (including U.S.),Financials,Strategic,Financials,Financials Entity: Market share loss accelerates as low-cost competitors expand reach,
2026-04-04,Americas (including U.S.),Financials,Financial,Financials,Financials Entity: Inflationary cost pressures reduce operational cash flow estimates,
2026-04-04,Americas (including U.S.),Consumer & Retail,General (Neutral / Positive),Consumer,Consumer Entity: Export volumes maintain stable baseline trajectory across key markets,
2026-04-04,Americas (including U.S.),Consumer & Retail,General (Neutral / Positive),Consumer,Consumer Entity: Quarterly operational targets met amid steady international demand,
2026-04-04,Americas (including U.S.),Energy & Raw Materials,Financial,Energy,Energy Entity: Credit downgrade warning issued following quarterly margin compression,
2026-04-04,Americas (including U.S.),Energy & Raw Materials,Operational,Energy,Energy Entity: Raw material shortage forces temporary reduction in production targets,
2026-04-04,Americas (including U.S.),Energy & Raw Materials,Regulatory,Energy,Energy Entity: Strict data privacy enforcement imposes steep non-compliance penalties,
2026-04-04,Europe (EMEA),Industrials / Manufacturing,General (Neutral / Positive),Industrials,Industrials Entity: Company announces expansion into automated production facilities,
2026-04-04,Europe (EMEA),Industrials / Manufacturing,General (Neutral / Positive),Industrials,Industrials Entity: Strategic research partnership formed to drive clean energy innovation,
2026-04-04,Europe (EMEA),Industrials / Manufacturing,Operational,Industrials,Industrials Entity: Transit port congestion creates transit bottleneck for key component parts,
2026-04-04,Europe (EMEA),Industrials / Manufacturing,Financial,Industrials,Industrials Entity: Credit downgrade warning issued following quarterly margin compression,
2026-04-04,Europe (EMEA),Technology,General (Neutral / Positive),Technology,Technology Entity: Export volumes maintain stable baseline trajectory across key markets,
2026-04-04,Europe (EMEA),Technology,Regulatory,Technology,Technology Entity: Bilateral trade restriction sanctions disrupt overseas supply channels,
2026-04-04,Europe (EMEA),Technology,Operational,Technology,Technology Entity: Labor union strike halts manufacturing assembly lines across region,
2026-04-04,Europe (EMEA),Financials,General (Neutral / Positive),Financials,Financials Entity: Company announces expansion into automated production facilities,
2026-04-04,Europe (EMEA),Financials,Financial,Financials,Financials Entity: Inflationary cost pressures reduce operational cash flow estimates,
2026-04-04,Europe (EMEA),Financials,General (Neutral / Positive),Financials,Financials Entity: Export volumes maintain stable baseline trajectory across key markets,
2026-04-04,Europe (EMEA),Consumer & Retail,General (Neutral / Positive),Consumer,Consumer Entity: Strategic research partnership formed to drive clean energy innovation,
2026-04-04,Europe (EMEA),Consumer & Retail,General (Neutral / Positive),Consumer,Consumer Entity: Export volumes maintain stable baseline trajectory across key markets,
2026-04-04,Europe (EMEA),Consumer & Retail,General (Neutral / Positive),Consumer,Consumer Entity: Export volumes maintain stable baseline trajectory across key markets,
2026-04-04,Europe (EMEA),Energy & Raw Materials,Operational,Energy,Energy Entity: Raw material shortage forces temporary reduction in production targets,
2026-04-04,Europe (EMEA),Energy & Raw Materials,Operational,Energy,Energy Entity: Factory plant outage reported due to critical microchip supply delays,
2026-04-04,Europe (EMEA),Energy & Raw Materials,General (Neutral / Positive),Energy,Energy Entity: Strategic research partnership formed to drive clean energy innovation,
2026-04-04,Europe (EMEA),Energy & Raw Materials,Strategic,Energy,Energy Entity: Market share loss accelerates as low-cost competitors expand reach,
2026-04-04,Asia (APAC),Industrials / Manufacturing,General (Neutral / Positive),Industrials,Industrials Entity: Company announces expansion into automated production facilities,
2026-04-04,Asia (APAC),Industrials / Manufacturing,General (Neutral / Positive),Industrials,Industrials Entity: Company announces expansion into automated production facilities,
2026-04-04,Asia (APAC),Technology,General (Neutral / Positive),Technology,Technology Entity: Quarterly operational targets met amid steady international demand,
2026-04-04,Asia (APAC),Technology,Operational,Technology,Technology Entity: Raw material shortage forces temporary reduction in production targets,
2026-04-04,Asia (APAC),Technology,General (Neutral / Positive),Technology,Technology Entity: Company announces expansion into automated production facilities,
2026-04-04,Asia (APAC),Financials,Regulatory,Financials,Financials Entity: Antitrust regulatory body opens inquiry into regional market practices,
2026-04-04,Asia (APAC),Financials,Regulatory,Financials,Financials Entity: New carbon emission compliance laws impose cross-border export tariffs,
2026-04-04,Asia (APAC),Consumer & Retail,Strategic,Consumer,Consumer Entity: Failed corporate acquisition leaves regional expansion strategy unclear,
2026-04-04,Asia (APAC),Consumer & Retail,Financial,Consumer,Consumer Entity: Revenue miss triggers stock price volatility and credit rating review,
2026-04-04,Asia (APAC),Consumer & Retail,General (Neutral / Positive),Consumer,Consumer Entity: Export volumes maintain stable baseline trajectory across key markets,
2026-04-04,Asia (APAC),Consumer & Retail,General (Neutral / Positive),Consumer,Consumer Entity: Export volumes maintain stable baseline trajectory across key markets,
2026-04-04,Asia (APAC),Energy & Raw Materials,General (Neutral / Positive),Energy,Energy Entity: Export volumes maintain stable baseline trajectory across key markets,
2026-04-04,Asia (APAC),Energy & Raw Materials,Strategic,Energy,Energy Entity: Market share loss accelerates as low-cost competitors expand reach,
2026-04-04,Asia (APAC),Energy & Raw Materials,General (Neutral / Positive),Energy,Energy Entity: Export volumes maintain stable baseline trajectory across key markets,
2026-04-04,Asia (APAC),Energy & Raw Materials,General (Neutral / Positive),Energy,Energy Entity: Company announces expansion into automated production facilities,
2026-04-11,Global,Industrials / Manufacturing,Financial,Industrials,Industrials Entity: Credit downgrade warning issued following quarterly margin compression,
2026-04-11,Global,Industrials / Manufacturing,Regulatory,Industrials,Industrials Entity: Strict data privacy enforcement imposes steep non-compliance penalties,
2026-04-11,Global,Technology,General (Neutral / Positive),Technology,Technology Entity: Company announces expansion into automated production facilities,
2026-04-11,Global,Technology,Operational,Technology,Technology Entity: Labor union strike halts manufacturing assembly lines across region,
2026-04-11,Global,Technology,Regulatory,Technology,Technology Entity: New carbon emission compliance laws impose cross-border export tariffs,
2026-04-11,Global,Technology,General (Neutral / Positive),Technology,Technology Entity: Strategic research partnership formed to drive clean energy innovation,
2026-04-11,Global,Financials,General (Neutral / Positive),Financials,Financials Entity: Export volumes maintain stable baseline trajectory across key markets,
2026-04-11,Global,Financials,Financial,Financials,Financials Entity: Debt service obligations squeeze net liquidity across corporate division,
2026-04-11,Global,Financials,General (Neutral / Positive),Financials,Financials Entity: Export volumes maintain stable baseline trajectory across key markets,
2026-04-11,Global,Consumer & Retail,Regulatory,Consumer,Consumer Entity: New carbon emission compliance laws impose cross-border export tariffs,
2026-04-11,Global,Consumer & Retail,General (Neutral / Positive),Consumer,Consumer Entity: Quarterly operational targets met amid steady international demand,
2026-04-11,Global,Consumer & Retail,General (Neutral / Positive),Consumer,Consumer Entity: Strategic research partnership formed to drive clean energy innovation,
2026-04-11,Global,Consumer & Retail,General (Neutral / Positive),Consumer,Consumer Entity: Company announces expansion into automated production facilities,
2026-04-11,Global,Energy & Raw Materials,Financial,Energy,Energy Entity: Revenue miss triggers stock price volatility and credit rating review,
2026-04-11,Global,Energy & Raw Materials,Financial,Energy,Energy Entity: Inflationary cost pressures reduce operational cash flow estimates,
2026-04-11,Global,Energy & Raw Materials,Regulatory,Energy,Energy Entity: Antitrust regulatory body opens inquiry into regional market practices,
2026-04-11,Global,Energy & Raw Materials,Operational,Energy,Energy Entity: Labor union strike halts manufacturing assembly lines across region,
2026-04-11,Americas (including U.S.),Industrials / Manufacturing,Operational,Industrials,Industrials Entity: Labor union strike halts manufacturing assembly lines across region,
2026-04-11,Americas (including U.S.),Industrials / Manufacturing,General (Neutral / Positive),Industrials,Industrials Entity: Quarterly operational targets met amid steady international demand,
2026-04-11,Americas (including U.S.),Technology,General (Neutral / Positive),Technology,Technology Entity: Quarterly operational targets met amid steady international demand,
2026-04-11,Americas (including U.S.),Technology,Regulatory,Technology,Technology Entity: New carbon emission compliance laws impose cross-border export tariffs,
2026-04-11,Americas (including U.S.),Financials,General (Neutral / Positive),Financials,Financials Entity: Company announces expansion into automated production facilities,
2026-04-11,Americas (including U.S.),Financials,Regulatory,Financials,Financials Entity: New carbon emission compliance laws impose cross-border export tariffs,
2026-04-11,Americas (including U.S.),Financials,Financial,Financials,Financials Entity: Credit downgrade warning issued following quarterly margin compression,
2026-04-11,Americas (including U.S.),Consumer & Retail,General (Neutral / Positive),Consumer,Consumer Entity: Strategic research partnership formed to drive clean energy innovation,
2026-04-11,Americas (including U.S.),Consumer & Retail,Operational,Consumer,Consumer Entity: Labor union strike halts manufacturing assembly lines across region,
2026-04-11,Americas (including U.S.),Consumer & Retail,Financial,Consumer,Consumer Entity: Revenue miss triggers stock price volatility and credit rating review,
2026-04-11,Americas (including U.S.),Energy & Raw Materials,General (Neutral / Positive),Energy,Energy Entity: Company announces expansion into automated production facilities,
2026-04-11,Americas (including U.S.),Energy & Raw Materials,Regulatory,Energy,Energy Entity: New carbon emission compliance laws impose cross-border export tariffs,
2026-04-11,Americas (including U.S.),Energy & Raw Materials,Operational,Energy,Energy Entity: Raw material shortage forces temporary reduction in production targets,
2026-04-11,Europe (EMEA),Industrials / Manufacturing,General (Neutral / Positive),Industrials,Industrials Entity: Quarterly operational targets met amid steady international demand,
2026-04-11,Europe (EMEA),Industrials / Manufacturing,General (Neutral / Positive),Industrials,Industrials Entity: Company announces expansion into automated production facilities,
2026-04-11,Europe (EMEA),Industrials / Manufacturing,General (Neutral / Positive),Industrials,Industrials Entity: Strategic research partnership formed to drive clean energy innovation,
2026-04-11,Europe (EMEA),Technology,Strategic,Technology,Technology Entity: Delayed product transition threatens long-term sector competitiveness,
2026-04-11,Europe (EMEA),Technology,Operational,Technology,Technology Entity: Raw material shortage forces temporary reduction in production targets,
2026-04-11,Europe (EMEA),Financials,General (Neutral / Positive),Financials,Financials Entity: Company announces expansion into automated production facilities,
2026-04-11,Europe (EMEA),Financials,General (Neutral / Positive),Financials,Financials Entity: Quarterly operational targets met amid steady international demand,
2026-04-11,Europe (EMEA),Financials,Financial,Financials,Financials Entity: Inflationary cost pressures reduce operational cash flow estimates,
2026-04-11,Europe (EMEA),Consumer & Retail,Regulatory,Consumer,Consumer Entity: Bilateral trade restriction sanctions disrupt overseas supply channels,
2026-04-11,Europe (EMEA),Consumer & Retail,General (Neutral / Positive),Consumer,Consumer Entity: Export volumes maintain stable baseline trajectory across key markets,
2026-04-11,Europe (EMEA),Consumer & Retail,General (Neutral / Positive),Consumer,Consumer Entity: Strategic research partnership formed to drive clean energy innovation,
2026-04-11,Europe (EMEA),Consumer & Retail,Strategic,Consumer,Consumer Entity: Shifting consumer demand creates inventory obsolescence ahead of launch,
2026-04-11,Europe (EMEA),Energy & Raw Materials,Strategic,Energy,Energy Entity: Shifting consumer demand creates inventory obsolescence ahead of launch,
2026-04-11,Europe (EMEA),Energy & Raw Materials,Financial,Energy,Energy Entity: Inflationary cost pressures reduce operational cash flow estimates,
2026-04-11,Europe (EMEA),Energy & Raw Materials,General (Neutral / Positive),Energy,Energy Entity: Company announces expansion into automated production facilities,
2026-04-11,Europe (EMEA),Energy & Raw Materials,General (Neutral / Positive),Energy,Energy Entity: Quarterly operational targets met amid steady international demand,
2026-04-11,Asia (APAC),Industrials / Manufacturing,Strategic,Industrials,Industrials Entity: Shifting consumer demand creates inventory obsolescence ahead of launch,
2026-04-11,Asia (APAC),Industrials / Manufacturing,Strategic,Industrials,Industrials Entity: Delayed product transition threatens long-term sector competitiveness,
2026-04-11,Asia (APAC),Technology,Operational,Technology,Technology Entity: Labor union strike halts manufacturing assembly lines across region,
2026-04-11,Asia (APAC),Technology,Strategic,Technology,Technology Entity: Shifting consumer demand creates inventory obsolescence ahead of launch,
2026-04-11,Asia (APAC),Technology,Regulatory,Technology,Technology Entity: Strict data privacy enforcement imposes steep non-compliance penalties,
2026-04-11,Asia (APAC),Financials,Operational,Financials,Financials Entity: Transit port congestion creates transit bottleneck for key component parts,
2026-04-11,Asia (APAC),Financials,Operational,Financials,Financials Entity: Factory plant outage reported due to critical microchip supply delays,
2026-04-11,Asia (APAC),Financials,General (Neutral / Positive),Financials,Financials Entity: Strategic research partnership formed to drive clean energy innovation,
2026-04-11,Asia (APAC),Consumer & Retail,Strategic,Consumer,Consumer Entity: Failed corporate acquisition leaves regional expansion strategy unclear,
2026-04-11,Asia (APAC),Consumer & Retail,General (Neutral / Positive),Consumer,Consumer Entity: Company announces expansion into automated production facilities,
2026-04-11,Asia (APAC),Consumer & Retail,Strategic,Consumer,Consumer Entity: Delayed product transition threatens long-term sector competitiveness,
2026-04-11,Asia (APAC),Energy & Raw Materials,General (Neutral / Positive),Energy,Energy Entity: Strategic research partnership formed to drive clean energy innovation,
2026-04-11,Asia (APAC),Energy & Raw Materials,Strategic,Energy,Energy Entity: Market share loss accelerates as low-cost competitors expand reach,
2026-04-11,Asia (APAC),Energy & Raw Materials,General (Neutral / Positive),Energy,Energy Entity: Strategic research partnership formed to drive clean energy innovation,
2026-04-11,Asia (APAC),Energy & Raw Materials,Financial,Energy,Energy Entity: Debt service obligations squeeze net liquidity across corporate division,
2026-04-18,Global,Industrials / Manufacturing,Financial,Industrials,Industrials Entity: Credit downgrade warning issued following quarterly margin compression,
2026-04-18,Global,Industrials / Manufacturing,Strategic,Industrials,Industrials Entity: Shifting consumer demand creates inventory obsolescence ahead of launch,
2026-04-18,Global,Industrials / Manufacturing,Strategic,Industrials,Industrials Entity: Delayed product transition threatens long-term sector competitiveness,
2026-04-18,Global,Technology,General (Neutral / Positive),Technology,Technology Entity: Quarterly operational targets met amid steady international demand,
2026-04-18,Global,Technology,Regulatory,Technology,Technology Entity: Antitrust regulatory body opens inquiry into regional market practices,
2026-04-18,Global,Financials,Strategic,Financials,Financials Entity: Shifting consumer demand creates inventory obsolescence ahead of launch,
2026-04-18,Global,Financials,General (Neutral / Positive),Financials,Financials Entity: Quarterly operational targets met amid steady international demand,
2026-04-18,Global,Consumer & Retail,General (Neutral / Positive),Consumer,Consumer Entity: Export volumes maintain stable baseline trajectory across key markets,
2026-04-18,Global,Consumer & Retail,Regulatory,Consumer,Consumer Entity: New carbon emission compliance laws impose cross-border export tariffs,
2026-04-18,Global,Consumer & Retail,Strategic,Consumer,Consumer Entity: Shifting consumer demand creates inventory obsolescence ahead of launch,
2026-04-18,Global,Energy & Raw Materials,Strategic,Energy,Energy Entity: Failed corporate acquisition leaves regional expansion strategy unclear,
2026-04-18,Global,Energy & Raw Materials,Regulatory,Energy,Energy Entity: Antitrust regulatory body opens inquiry into regional market practices,
2026-04-18,Global,Energy & Raw Materials,Financial,Energy,Energy Entity: Credit downgrade warning issued following quarterly margin compression,
2026-04-18,Americas (including U.S.),Industrials / Manufacturing,Strategic,Industrials,Industrials Entity: Market share loss accelerates as low-cost competitors expand reach,
2026-04-18,Americas (including U.S.),Industrials / Manufacturing,Operational,Industrials,Industrials Entity: Raw material shortage forces temporary reduction in production targets,
2026-04-18,Americas (including U.S.),Industrials / Manufacturing,General (Neutral / Positive),Industrials,Industrials Entity: Quarterly operational targets met amid steady international demand,
2026-04-18,Americas (including U.S.),Industrials / Manufacturing,Strategic,Industrials,Industrials Entity: Market share loss accelerates as low-cost competitors expand reach,
2026-04-18,Americas (including U.S.),Technology,General (Neutral / Positive),Technology,Technology Entity: Strategic research partnership formed to drive clean energy innovation,
2026-04-18,Americas (including U.S.),Technology,Regulatory,Technology,Technology Entity: Antitrust regulatory body opens inquiry into regional market practices,
2026-04-18,Americas (including U.S.),Technology,Financial,Technology,Technology Entity: Inflationary cost pressures reduce operational cash flow estimates,
2026-04-18,Americas (including U.S.),Financials,Regulatory,Financials,Financials Entity: Antitrust regulatory body opens inquiry into regional market practices,
2026-04-18,Americas (including U.S.),Financials,Financial,Financials,Financials Entity: Credit downgrade warning issued following quarterly margin compression,
2026-04-18,Americas (including U.S.),Financials,Operational,Financials,Financials Entity: Transit port congestion creates transit bottleneck for key component parts,
2026-04-18,Americas (including U.S.),Financials,General (Neutral / Positive),Financials,Financials Entity: Strategic research partnership formed to drive clean energy innovation,
2026-04-18,Americas (including U.S.),Consumer & Retail,Strategic,Consumer,Consumer Entity: Shifting consumer demand creates inventory obsolescence ahead of launch,
2026-04-18,Americas (including U.S.),Consumer & Retail,General (Neutral / Positive),Consumer,Consumer Entity: Company announces expansion into automated production facilities,
2026-04-18,Americas (including U.S.),Energy & Raw Materials,Operational,Energy,Energy Entity: Raw material shortage forces temporary reduction in production targets,
2026-04-18,Americas (including U.S.),Energy & Raw Materials,Strategic,Energy,Energy Entity: Delayed product transition threatens long-term sector competitiveness,
2026-04-18,Americas (including U.S.),Energy & Raw Materials,General (Neutral / Positive),Energy,Energy Entity: Company announces expansion into automated production facilities,
2026-04-18,Europe (EMEA),Industrials / Manufacturing,Strategic,Industrials,Industrials Entity: Failed corporate acquisition leaves regional expansion strategy unclear,
2026-04-18,Europe (EMEA),Industrials / Manufacturing,General (Neutral / Positive),Industrials,Industrials Entity: Company announces expansion into automated production facilities,
2026-04-18,Europe (EMEA),Industrials / Manufacturing,General (Neutral / Positive),Industrials,Industrials Entity: Export volumes maintain stable baseline trajectory across key markets,
2026-04-18,Europe (EMEA),Technology,Financial,Technology,Technology Entity: Revenue miss triggers stock price volatility and credit rating review,
2026-04-18,Europe (EMEA),Technology,Financial,Technology,Technology Entity: Credit downgrade warning issued following quarterly margin compression,
2026-04-18,Europe (EMEA),Technology,General (Neutral / Positive),Technology,Technology Entity: Strategic research partnership formed to drive clean energy innovation,
2026-04-18,Europe (EMEA),Financials,Operational,Financials,Financials Entity: Transit port congestion creates transit bottleneck for key component parts,
2026-04-18,Europe (EMEA),Financials,General (Neutral / Positive),Financials,Financials Entity: Export volumes maintain stable baseline trajectory across key markets,
2026-04-18,Europe (EMEA),Financials,Financial,Financials,Financials Entity: Debt service obligations squeeze net liquidity across corporate division,
2026-04-18,Europe (EMEA),Financials,Financial,Financials,Financials Entity: Revenue miss triggers stock price volatility and credit rating review,
2026-04-18,Europe (EMEA),Consumer & Retail,Financial,Consumer,Consumer Entity: Revenue miss triggers stock price volatility and credit rating review,
2026-04-18,Europe (EMEA),Consumer & Retail,Financial,Consumer,Consumer Entity: Debt service obligations squeeze net liquidity across corporate division,
2026-04-18,Europe (EMEA),Energy & Raw Materials,General (Neutral / Positive),Energy,Energy Entity: Strategic research partnership formed to drive clean energy innovation,
2026-04-18,Europe (EMEA),Energy & Raw Materials,Strategic,Energy,Energy Entity: Shifting consumer demand creates inventory obsolescence ahead of launch,
2026-04-18,Europe (EMEA),Energy & Raw Materials,General (Neutral / Positive),Energy,Energy Entity: Export volumes maintain stable baseline trajectory across key markets,
2026-04-18,Asia (APAC),Industrials / Manufacturing,Regulatory,Industrials,Industrials Entity: Antitrust regulatory body opens inquiry into regional market practices,
2026-04-18,Asia (APAC),Industrials / Manufacturing,Regulatory,Industrials,Industrials Entity: Bilateral trade restriction sanctions disrupt overseas supply channels,
2026-04-18,Asia (APAC),Technology,General (Neutral / Positive),Technology,Technology Entity: Strategic research partnership formed to drive clean energy innovation,
2026-04-18,Asia (APAC),Technology,General (Neutral / Positive),Technology,Technology Entity: Strategic research partnership formed to drive clean energy innovation,
2026-04-18,Asia (APAC),Technology,Strategic,Technology,Technology Entity: Delayed product transition threatens long-term sector competitiveness,
2026-04-18,Asia (APAC),Technology,Operational,Technology,Technology Entity: Raw material shortage forces temporary reduction in production targets,
2026-04-18,Asia (APAC),Financials,General (Neutral / Positive),Financials,Financials Entity: Company announces expansion into automated production facilities,
2026-04-18,Asia (APAC),Financials,Operational,Financials,Financials Entity: Factory plant outage reported due to critical microchip supply delays,
2026-04-18,Asia (APAC),Consumer & Retail,Financial,Consumer,Consumer Entity: Debt service obligations squeeze net liquidity across corporate division,
2026-04-18,Asia (APAC),Consumer & Retail,Financial,Consumer,Consumer Entity: Inflationary cost pressures reduce operational cash flow estimates,
2026-04-18,Asia (APAC),Energy & Raw Materials,Strategic,Energy,Energy Entity: Shifting consumer demand creates inventory obsolescence ahead of launch,
2026-04-18,Asia (APAC),Energy & Raw Materials,Operational,Energy,Energy Entity: Labor union strike halts manufacturing assembly lines across region,
2026-04-18,Asia (APAC),Energy & Raw Materials,Operational,Energy,Energy Entity: Transit port congestion creates transit bottleneck for key component parts,
2026-04-25,Global,Industrials / Manufacturing,Financial,Industrials,Industrials Entity: Inflationary cost pressures reduce operational cash flow estimates,
2026-04-25,Global,Industrials / Manufacturing,General (Neutral / Positive),Industrials,Industrials Entity: Company announces expansion into automated production facilities,
2026-04-25,Global,Industrials / Manufacturing,Strategic,Industrials,Industrials Entity: Shifting consumer demand creates inventory obsolescence ahead of launch,
2026-04-25,Global,Industrials / Manufacturing,General (Neutral / Positive),Industrials,Industrials Entity: Export volumes maintain stable baseline trajectory across key markets,
2026-04-25,Global,Technology,Operational,Technology,Technology Entity: Factory plant outage reported due to critical microchip supply delays,
2026-04-25,Global,Technology,General (Neutral / Positive),Technology,Technology Entity: Strategic research partnership formed to drive clean energy innovation,
2026-04-25,Global,Technology,General (Neutral / Positive),Technology,Technology Entity: Company announces expansion into automated production facilities,
2026-04-25,Global,Technology,Financial,Technology,Technology Entity: Debt service obligations squeeze net liquidity across corporate division,
2026-04-25,Global,Financials,Strategic,Financials,Financials Entity: Delayed product transition threatens long-term sector competitiveness,
2026-04-25,Global,Financials,Financial,Financials,Financials Entity: Debt service obligations squeeze net liquidity across corporate division,
2026-04-25,Global,Financials,Financial,Financials,Financials Entity: Inflationary cost pressures reduce operational cash flow estimates,
2026-04-25,Global,Financials,Regulatory,Financials,Financials Entity: Bilateral trade restriction sanctions disrupt overseas supply channels,
2026-04-25,Global,Consumer & Retail,General (Neutral / Positive),Consumer,Consumer Entity: Strategic research partnership formed to drive clean energy innovation,
2026-04-25,Global,Consumer & Retail,General (Neutral / Positive),Consumer,Consumer Entity: Company announces expansion into automated production facilities,
2026-04-25,Global,Consumer & Retail,Strategic,Consumer,Consumer Entity: Shifting consumer demand creates inventory obsolescence ahead of launch,
2026-04-25,Global,Consumer & Retail,General (Neutral / Positive),Consumer,Consumer Entity: Export volumes maintain stable baseline trajectory across key markets,
2026-04-25,Global,Energy & Raw Materials,Operational,Energy,Energy Entity: Labor union strike halts manufacturing assembly lines across region,
2026-04-25,Global,Energy & Raw Materials,General (Neutral / Positive),Energy,Energy Entity: Export volumes maintain stable baseline trajectory across key markets,
2026-04-25,Americas (including U.S.),Industrials / Manufacturing,General (Neutral / Positive),Industrials,Industrials Entity: Export volumes maintain stable baseline trajectory across key markets,
2026-04-25,Americas (including U.S.),Industrials / Manufacturing,General (Neutral / Positive),Industrials,Industrials Entity: Export volumes maintain stable baseline trajectory across key markets,
2026-04-25,Americas (including U.S.),Industrials / Manufacturing,Financial,Industrials,Industrials Entity: Credit downgrade warning issued following quarterly margin compression,
2026-04-25,Americas (including U.S.),Industrials / Manufacturing,Operational,Industrials,Industrials Entity: Transit port congestion creates transit bottleneck for key component parts,
2026-04-25,Americas (including U.S.),Technology,Strategic,Technology,Technology Entity: Delayed product transition threatens long-term sector competitiveness,
2026-04-25,Americas (including U.S.),Technology,Financial,Technology,Technology Entity: Inflationary cost pressures reduce operational cash flow estimates,
2026-04-25,Americas (including U.S.),Technology,Financial,Technology,Technology Entity: Debt service obligations squeeze net liquidity across corporate division,
2026-04-25,Americas (including U.S.),Technology,Strategic,Technology,Technology Entity: Failed corporate acquisition leaves regional expansion strategy unclear,
2026-04-25,Americas (including U.S.),Financials,Financial,Financials,Financials Entity: Debt service obligations squeeze net liquidity across corporate division,
2026-04-25,Americas (including U.S.),Financials,General (Neutral / Positive),Financials,Financials Entity: Export volumes maintain stable baseline trajectory across key markets,
2026-04-25,Americas (including U.S.),Financials,General (Neutral / Positive),Financials,Financials Entity: Company announces expansion into automated production facilities,
2026-04-25,Americas (including U.S.),Financials,General (Neutral / Positive),Financials,Financials Entity: Strategic research partnership formed to drive clean energy innovation,
2026-04-25,Americas (including U.S.),Consumer & Retail,Regulatory,Consumer,Consumer Entity: Antitrust regulatory body opens inquiry into regional market practices,
2026-04-25,Americas (including U.S.),Consumer & Retail,Strategic,Consumer,Consumer Entity: Delayed product transition threatens long-term sector competitiveness,
2026-04-25,Americas (including U.S.),Consumer & Retail,Strategic,Consumer,Consumer Entity: Shifting consumer demand creates inventory obsolescence ahead of launch,
2026-04-25,Americas (including U.S.),Consumer & Retail,General (Neutral / Positive),Consumer,Consumer Entity: Export volumes maintain stable baseline trajectory across key markets,
2026-04-25,Americas (including U.S.),Energy & Raw Materials,Financial,Energy,Energy Entity: Revenue miss triggers stock price volatility and credit rating review,
2026-04-25,Americas (including U.S.),Energy & Raw Materials,General (Neutral / Positive),Energy,Energy Entity: Company announces expansion into automated production facilities,
2026-04-25,Americas (including U.S.),Energy & Raw Materials,Financial,Energy,Energy Entity: Credit downgrade warning issued following quarterly margin compression,
2026-04-25,Europe (EMEA),Industrials / Manufacturing,Financial,Industrials,Industrials Entity: Debt service obligations squeeze net liquidity across corporate division,
2026-04-25,Europe (EMEA),Industrials / Manufacturing,Operational,Industrials,Industrials Entity: Factory plant outage reported due to critical microchip supply delays,
2026-04-25,Europe (EMEA),Industrials / Manufacturing,General (Neutral / Positive),Industrials,Industrials Entity: Export volumes maintain stable baseline trajectory across key markets,
2026-04-25,Europe (EMEA),Industrials / Manufacturing,Operational,Industrials,Industrials Entity: Labor union strike halts manufacturing assembly lines across region,
2026-04-25,Europe (EMEA),Technology,General (Neutral / Positive),Technology,Technology Entity: Quarterly operational targets met amid steady international demand,
2026-04-25,Europe (EMEA),Technology,General (Neutral / Positive),Technology,Technology Entity: Export volumes maintain stable baseline trajectory across key markets,
2026-04-25,Europe (EMEA),Financials,Financial,Financials,Financials Entity: Inflationary cost pressures reduce operational cash flow estimates,
2026-04-25,Europe (EMEA),Financials,Financial,Financials,Financials Entity: Revenue miss triggers stock price volatility and credit rating review,
2026-04-25,Europe (EMEA),Financials,General (Neutral / Positive),Financials,Financials Entity: Export volumes maintain stable baseline trajectory across key markets,
2026-04-25,Europe (EMEA),Financials,Operational,Financials,Financials Entity: Labor union strike halts manufacturing assembly lines across region,
2026-04-25,Europe (EMEA),Consumer & Retail,General (Neutral / Positive),Consumer,Consumer Entity: Company announces expansion into automated production facilities,
2026-04-25,Europe (EMEA),Consumer & Retail,General (Neutral / Positive),Consumer,Consumer Entity: Export volumes maintain stable baseline trajectory across key markets,
2026-04-25,Europe (EMEA),Energy & Raw Materials,Strategic,Energy,Energy Entity: Delayed product transition threatens long-term sector competitiveness,
2026-04-25,Europe (EMEA),Energy & Raw Materials,Financial,Energy,Energy Entity: Inflationary cost pressures reduce operational cash flow estimates,
2026-04-25,Europe (EMEA),Energy & Raw Materials,Operational,Energy,Energy Entity: Raw material shortage forces temporary reduction in production targets,
2026-04-25,Asia (APAC),Industrials / Manufacturing,Operational,Industrials,Industrials Entity: Factory plant outage reported due to critical microchip supply delays,
2026-04-25,Asia (APAC),Industrials / Manufacturing,General (Neutral / Positive),Industrials,Industrials Entity: Quarterly operational targets met amid steady international demand,
2026-04-25,Asia (APAC),Industrials / Manufacturing,Operational,Industrials,Industrials Entity: Factory plant outage reported due to critical microchip supply delays,
2026-04-25,Asia (APAC),Technology,Financial,Technology,Technology Entity: Debt service obligations squeeze net liquidity across corporate division,
2026-04-25,Asia (APAC),Technology,Financial,Technology,Technology Entity: Debt service obligations squeeze net liquidity across corporate division,
2026-04-25,Asia (APAC),Technology,Financial,Technology,Technology Entity: Credit downgrade warning issued following quarterly margin compression,
2026-04-25,Asia (APAC),Financials,Operational,Financials,Financials Entity: Factory plant outage reported due to critical microchip supply delays,
2026-04-25,Asia (APAC),Financials,General (Neutral / Positive),Financials,Financials Entity: Export volumes maintain stable baseline trajectory across key markets,
2026-04-25,Asia (APAC),Financials,Financial,Financials,Financials Entity: Debt service obligations squeeze net liquidity across corporate division,
2026-04-25,Asia (APAC),Consumer & Retail,General (Neutral / Positive),Consumer,Consumer Entity: Company announces expansion into automated production facilities,
2026-04-25,Asia (APAC),Consumer & Retail,Operational,Consumer,Consumer Entity: Raw material shortage forces temporary reduction in production targets,
2026-04-25,Asia (APAC),Energy & Raw Materials,General (Neutral / Positive),Energy,Energy Entity: Company announces expansion into automated production facilities,
2026-04-25,Asia (APAC),Energy & Raw Materials,General (Neutral / Positive),Energy,Energy Entity: Export volumes maintain stable baseline trajectory across key markets,
2026-04-25,Asia (APAC),Energy & Raw Materials,Operational,Energy,Energy Entity: Labor union strike halts manufacturing assembly lines across region,
2026-04-25,Asia (APAC),Energy & Raw Materials,General (Neutral / Positive),Energy,Energy Entity: Company announces expansion into automated production facilities,
2026-05-02,Global,Industrials / Manufacturing,Strategic,Industrials,Industrials Entity: Failed corporate acquisition leaves regional expansion strategy unclear,
2026-05-02,Global,Industrials / Manufacturing,General (Neutral / Positive),Industrials,Industrials Entity: Export volumes maintain stable baseline trajectory across key markets,
2026-05-02,Global,Industrials / Manufacturing,Operational,Industrials,Industrials Entity: Labor union strike halts manufacturing assembly lines across region,
2026-05-02,Global,Technology,Financial,Technology,Technology Entity: Debt service obligations squeeze net liquidity across corporate division,
2026-05-02,Global,Technology,General (Neutral / Positive),Technology,Technology Entity: Export volumes maintain stable baseline trajectory across key markets,
2026-05-02,Global,Financials,General (Neutral / Positive),Financials,Financials Entity: Quarterly operational targets met amid steady international demand,
2026-05-02,Global,Financials,Strategic,Financials,Financials Entity: Shifting consumer demand creates inventory obsolescence ahead of launch,
2026-05-02,Global,Financials,General (Neutral / Positive),Financials,Financials Entity: Company announces expansion into automated production facilities,
2026-05-02,Global,Consumer & Retail,Regulatory,Consumer,Consumer Entity: Strict data privacy enforcement imposes steep non-compliance penalties,
2026-05-02,Global,Consumer & Retail,General (Neutral / Positive),Consumer,Consumer Entity: Export volumes maintain stable baseline trajectory across key markets,
2026-05-02,Global,Consumer & Retail,General (Neutral / Positive),Consumer,Consumer Entity: Company announces expansion into automated production facilities,
2026-05-02,Global,Energy & Raw Materials,General (Neutral / Positive),Energy,Energy Entity: Quarterly operational targets met amid steady international demand,
2026-05-02,Global,Energy & Raw Materials,Regulatory,Energy,Energy Entity: Bilateral trade restriction sanctions disrupt overseas supply channels,
2026-05-02,Americas (including U.S.),Industrials / Manufacturing,Operational,Industrials,Industrials Entity: Labor union strike halts manufacturing assembly lines across region,
2026-05-02,Americas (including U.S.),Industrials / Manufacturing,General (Neutral / Positive),Industrials,Industrials Entity: Company announces expansion into automated production facilities,
2026-05-02,Americas (including U.S.),Technology,Regulatory,Technology,Technology Entity: Bilateral trade restriction sanctions disrupt overseas supply channels,
2026-05-02,Americas (including U.S.),Technology,Financial,Technology,Technology Entity: Inflationary cost pressures reduce operational cash flow estimates,
2026-05-02,Americas (including U.S.),Technology,Strategic,Technology,Technology Entity: Market share loss accelerates as low-cost competitors expand reach,
2026-05-02,Americas (including U.S.),Technology,General (Neutral / Positive),Technology,Technology Entity: Company announces expansion into automated production facilities,
2026-05-02,Americas (including U.S.),Financials,Financial,Financials,Financials Entity: Revenue miss triggers stock price volatility and credit rating review,
2026-05-02,Americas (including U.S.),Financials,Financial,Financials,Financials Entity: Credit downgrade warning issued following quarterly margin compression,
2026-05-02,Americas (including U.S.),Financials,Regulatory,Financials,Financials Entity: Strict data privacy enforcement imposes steep non-compliance penalties,
2026-05-02,Americas (including U.S.),Financials,General (Neutral / Positive),Financials,Financials Entity: Company announces expansion into automated production facilities,
2026-05-02,Americas (including U.S.),Consumer & Retail,Strategic,Consumer,Consumer Entity: Shifting consumer demand creates inventory obsolescence ahead of launch,
2026-05-02,Americas (including U.S.),Consumer & Retail,Operational,Consumer,Consumer Entity: Transit port congestion creates transit bottleneck for key component parts,
2026-05-02,Americas (including U.S.),Consumer & Retail,Financial,Consumer,Consumer Entity: Credit downgrade warning issued following quarterly margin compression,
2026-05-02,Americas (including U.S.),Consumer & Retail,Financial,Consumer,Consumer Entity: Revenue miss triggers stock price volatility and credit rating review,
2026-05-02,Americas (including U.S.),Energy & Raw Materials,Regulatory,Energy,Energy Entity: Antitrust regulatory body opens inquiry into regional market practices,
2026-05-02,Americas (including U.S.),Energy & Raw Materials,Financial,Energy,Energy Entity: Revenue miss triggers stock price volatility and credit rating review,
2026-05-02,Europe (EMEA),Industrials / Manufacturing,General (Neutral / Positive),Industrials,Industrials Entity: Strategic research partnership formed to drive clean energy innovation,
2026-05-02,Europe (EMEA),Industrials / Manufacturing,General (Neutral / Positive),Industrials,Industrials Entity: Company announces expansion into automated production facilities,
2026-05-02,Europe (EMEA),Technology,General (Neutral / Positive),Technology,Technology Entity: Strategic research partnership formed to drive clean energy innovation,
2026-05-02,Europe (EMEA),Technology,Strategic,Technology,Technology Entity: Market share loss accelerates as low-cost competitors expand reach,
2026-05-02,Europe (EMEA),Technology,General (Neutral / Positive),Technology,Technology Entity: Strategic research partnership formed to drive clean energy innovation,
2026-05-02,Europe (EMEA),Financials,Strategic,Financials,Financials Entity: Market share loss accelerates as low-cost competitors expand reach,
2026-05-02,Europe (EMEA),Financials,Strategic,Financials,Financials Entity: Failed corporate acquisition leaves regional expansion strategy unclear,
2026-05-02,Europe (EMEA),Consumer & Retail,General (Neutral / Positive),Consumer,Consumer Entity: Quarterly operational targets met amid steady international demand,
2026-05-02,Europe (EMEA),Consumer & Retail,Strategic,Consumer,Consumer Entity: Market share loss accelerates as low-cost competitors expand reach,
2026-05-02,Europe (EMEA),Consumer & Retail,Financial,Consumer,Consumer Entity: Inflationary cost pressures reduce operational cash flow estimates,
2026-05-02,Europe (EMEA),Consumer & Retail,General (Neutral / Positive),Consumer,Consumer Entity: Quarterly operational targets met amid steady international demand,
2026-05-02,Europe (EMEA),Energy & Raw Materials,General (Neutral / Positive),Energy,Energy Entity: Quarterly operational targets met amid steady international demand,
2026-05-02,Europe (EMEA),Energy & Raw Materials,Regulatory,Energy,Energy Entity: New carbon emission compliance laws impose cross-border export tariffs,
2026-05-02,Europe (EMEA),Energy & Raw Materials,Strategic,Energy,Energy Entity: Market share loss accelerates as low-cost competitors expand reach,
2026-05-02,Europe (EMEA),Energy & Raw Materials,General (Neutral / Positive),Energy,Energy Entity: Export volumes maintain stable baseline trajectory across key markets,
2026-05-02,Asia (APAC),Industrials / Manufacturing,General (Neutral / Positive),Industrials,Industrials Entity: Company announces expansion into automated production facilities,
2026-05-02,Asia (APAC),Industrials / Manufacturing,General (Neutral / Positive),Industrials,Industrials Entity: Strategic research partnership formed to drive clean energy innovation,
2026-05-02,Asia (APAC),Technology,Regulatory,Technology,Technology Entity: Strict data privacy enforcement imposes steep non-compliance penalties,
2026-05-02,Asia (APAC),Technology,Regulatory,Technology,Technology Entity: Strict data privacy enforcement imposes steep non-compliance penalties,
2026-05-02,Asia (APAC),Financials,General (Neutral / Positive),Financials,Financials Entity: Strategic research partnership formed to drive clean energy innovation,
2026-05-02,Asia (APAC),Financials,Regulatory,Financials,Financials Entity: Antitrust regulatory body opens inquiry into regional market practices,
2026-05-02,Asia (APAC),Consumer & Retail,General (Neutral / Positive),Consumer,Consumer Entity: Company announces expansion into automated production facilities,
2026-05-02,Asia (APAC),Consumer & Retail,General (Neutral / Positive),Consumer,Consumer Entity: Company announces expansion into automated production facilities,
2026-05-02,Asia (APAC),Consumer & Retail,Operational,Consumer,Consumer Entity: Raw material shortage forces temporary reduction in production targets,
2026-05-02,Asia (APAC),Consumer & Retail,Regulatory,Consumer,Consumer Entity: New carbon emission compliance laws impose cross-border export tariffs,
2026-05-02,Asia (APAC),Energy & Raw Materials,Operational,Energy,Energy Entity: Raw material shortage forces temporary reduction in production targets,
2026-05-02,Asia (APAC),Energy & Raw Materials,Financial,Energy,Energy Entity: Debt service obligations squeeze net liquidity across corporate division,
2026-05-02,Asia (APAC),Energy & Raw Materials,Regulatory,Energy,Energy Entity: Bilateral trade restriction sanctions disrupt overseas supply channels,
2026-05-09,Global,Industrials / Manufacturing,Operational,Industrials,Industrials Entity: Factory plant outage reported due to critical microchip supply delays,
2026-05-09,Global,Industrials / Manufacturing,Regulatory,Industrials,Industrials Entity: Strict data privacy enforcement imposes steep non-compliance penalties,
2026-05-09,Global,Industrials / Manufacturing,General (Neutral / Positive),Industrials,Industrials Entity: Export volumes maintain stable baseline trajectory across key markets,
2026-05-09,Global,Technology,General (Neutral / Positive),Technology,Technology Entity: Strategic research partnership formed to drive clean energy innovation,
2026-05-09,Global,Technology,Regulatory,Technology,Technology Entity: Antitrust regulatory body opens inquiry into regional market practices,
2026-05-09,Global,Technology,Financial,Technology,Technology Entity: Debt service obligations squeeze net liquidity across corporate division,
2026-05-09,Global,Technology,General (Neutral / Positive),Technology,Technology Entity: Quarterly operational targets met amid steady international demand,
2026-05-09,Global,Financials,Regulatory,Financials,Financials Entity: Strict data privacy enforcement imposes steep non-compliance penalties,
2026-05-09,Global,Financials,Strategic,Financials,Financials Entity: Shifting consumer demand creates inventory obsolescence ahead of launch,
2026-05-09,Global,Financials,Strategic,Financials,Financials Entity: Delayed product transition threatens long-term sector competitiveness,
2026-05-09,Global,Consumer & Retail,General (Neutral / Positive),Consumer,Consumer Entity: Export volumes maintain stable baseline trajectory across key markets,
2026-05-09,Global,Consumer & Retail,Regulatory,Consumer,Consumer Entity: Antitrust regulatory body opens inquiry into regional market practices,
2026-05-09,Global,Energy & Raw Materials,Strategic,Energy,Energy Entity: Failed corporate acquisition leaves regional expansion strategy unclear,
2026-05-09,Global,Energy & Raw Materials,General (Neutral / Positive),Energy,Energy Entity: Export volumes maintain stable baseline trajectory across key markets,
2026-05-09,Global,Energy & Raw Materials,Operational,Energy,Energy Entity: Transit port congestion creates transit bottleneck for key component parts,
2026-05-09,Global,Energy & Raw Materials,General (Neutral / Positive),Energy,Energy Entity: Export volumes maintain stable baseline trajectory across key markets,
2026-05-09,Americas (including U.S.),Industrials / Manufacturing,General (Neutral / Positive),Industrials,Industrials Entity: Company announces expansion into automated production facilities,
2026-05-09,Americas (including U.S.),Industrials / Manufacturing,Financial,Industrials,Industrials Entity: Inflationary cost pressures reduce operational cash flow estimates,
2026-05-09,Americas (including U.S.),Industrials / Manufacturing,General (Neutral / Positive),Industrials,Industrials Entity: Company announces expansion into automated production facilities,
2026-05-09,Americas (including U.S.),Industrials / Manufacturing,General (Neutral / Positive),Industrials,Industrials Entity: Quarterly operational targets met amid steady international demand,
2026-05-09,Americas (including U.S.),Technology,Strategic,Technology,Technology Entity: Delayed product transition threatens long-term sector competitiveness,
2026-05-09,Americas (including U.S.),Technology,General (Neutral / Positive),Technology,Technology Entity: Export volumes maintain stable baseline trajectory across key markets,
2026-05-09,Americas (including U.S.),Technology,General (Neutral / Positive),Technology,Technology Entity: Quarterly operational targets met amid steady international demand,
2026-05-09,Americas (including U.S.),Financials,Strategic,Financials,Financials Entity: Delayed product transition threatens long-term sector competitiveness,
2026-05-09,Americas (including U.S.),Financials,Regulatory,Financials,Financials Entity: New carbon emission compliance laws impose cross-border export tariffs,
2026-05-09,Americas (including U.S.),Financials,Financial,Financials,Financials Entity: Inflationary cost pressures reduce operational cash flow estimates,
2026-05-09,Americas (including U.S.),Consumer & Retail,General (Neutral / Positive),Consumer,Consumer Entity: Quarterly operational targets met amid steady international demand,
2026-05-09,Americas (including U.S.),Consumer & Retail,General (Neutral / Positive),Consumer,Consumer Entity: Company announces expansion into automated production facilities,
2026-05-09,Americas (including U.S.),Consumer & Retail,Strategic,Consumer,Consumer Entity: Shifting consumer demand creates inventory obsolescence ahead of launch,
2026-05-09,Americas (including U.S.),Consumer & Retail,Operational,Consumer,Consumer Entity: Labor union strike halts manufacturing assembly lines across region,
2026-05-09,Americas (including U.S.),Energy & Raw Materials,Regulatory,Energy,Energy Entity: Bilateral trade restriction sanctions disrupt overseas supply channels,
2026-05-09,Americas (including U.S.),Energy & Raw Materials,Regulatory,Energy,Energy Entity: Antitrust regulatory body opens inquiry into regional market practices,
2026-05-09,Americas (including U.S.),Energy & Raw Materials,General (Neutral / Positive),Energy,Energy Entity: Company announces expansion into automated production facilities,
2026-05-09,Europe (EMEA),Industrials / Manufacturing,Regulatory,Industrials,Industrials Entity: New carbon emission compliance laws impose cross-border export tariffs,
2026-05-09,Europe (EMEA),Industrials / Manufacturing,Strategic,Industrials,Industrials Entity: Delayed product transition threatens long-term sector competitiveness,
2026-05-09,Europe (EMEA),Industrials / Manufacturing,General (Neutral / Positive),Industrials,Industrials Entity: Company announces expansion into automated production facilities,
2026-05-09,Europe (EMEA),Industrials / Manufacturing,Strategic,Industrials,Industrials Entity: Shifting consumer demand creates inventory obsolescence ahead of launch,
2026-05-09,Europe (EMEA),Technology,Financial,Technology,Technology Entity: Revenue miss triggers stock price volatility and credit rating review,
2026-05-09,Europe (EMEA),Technology,Strategic,Technology,Technology Entity: Failed corporate acquisition leaves regional expansion strategy unclear,
2026-05-09,Europe (EMEA),Technology,General (Neutral / Positive),Technology,Technology Entity: Quarterly operational targets met amid steady international demand,
2026-05-09,Europe (EMEA),Financials,Operational,Financials,Financials Entity: Transit port congestion creates transit bottleneck for key component parts,
2026-05-09,Europe (EMEA),Financials,Operational,Financials,Financials Entity: Raw material shortage forces temporary reduction in production targets,
2026-05-09,Europe (EMEA),Consumer & Retail,Financial,Consumer,Consumer Entity: Revenue miss triggers stock price volatility and credit rating review,
2026-05-09,Europe (EMEA),Consumer & Retail,Strategic,Consumer,Consumer Entity: Market share loss accelerates as low-cost competitors expand reach,
2026-05-09,Europe (EMEA),Energy & Raw Materials,General (Neutral / Positive),Energy,Energy Entity: Export volumes maintain stable baseline trajectory across key markets,
2026-05-09,Europe (EMEA),Energy & Raw Materials,General (Neutral / Positive),Energy,Energy Entity: Strategic research partnership formed to drive clean energy innovation,
2026-05-09,Asia (APAC),Industrials / Manufacturing,Financial,Industrials,Industrials Entity: Credit downgrade warning issued following quarterly margin compression,
2026-05-09,Asia (APAC),Industrials / Manufacturing,Financial,Industrials,Industrials Entity: Debt service obligations squeeze net liquidity across corporate division,
2026-05-09,Asia (APAC),Industrials / Manufacturing,General (Neutral / Positive),Industrials,Industrials Entity: Strategic research partnership formed to drive clean energy innovation,
2026-05-09,Asia (APAC),Technology,Operational,Technology,Technology Entity: Raw material shortage forces temporary reduction in production targets,
2026-05-09,Asia (APAC),Technology,Regulatory,Technology,Technology Entity: Bilateral trade restriction sanctions disrupt overseas supply channels,
2026-05-09,Asia (APAC),Financials,Regulatory,Financials,Financials Entity: Antitrust regulatory body opens inquiry into regional market practices,
2026-05-09,Asia (APAC),Financials,Financial,Financials,Financials Entity: Inflationary cost pressures reduce operational cash flow estimates,
2026-05-09,Asia (APAC),Financials,Operational,Financials,Financials Entity: Raw material shortage forces temporary reduction in production targets,
2026-05-09,Asia (APAC),Financials,Regulatory,Financials,Financials Entity: Bilateral trade restriction sanctions disrupt overseas supply channels,
2026-05-09,Asia (APAC),Consumer & Retail,Strategic,Consumer,Consumer Entity: Market share loss accelerates as low-cost competitors expand reach,
2026-05-09,Asia (APAC),Consumer & Retail,Financial,Consumer,Consumer Entity: Inflationary cost pressures reduce operational cash flow estimates,
2026-05-09,Asia (APAC),Consumer & Retail,Strategic,Consumer,Consumer Entity: Shifting consumer demand creates inventory obsolescence ahead of launch,
2026-05-09,Asia (APAC),Consumer & Retail,Regulatory,Consumer,Consumer Entity: Strict data privacy enforcement imposes steep non-compliance penalties,
2026-05-09,Asia (APAC),Energy & Raw Materials,Financial,Energy,Energy Entity: Revenue miss triggers stock price volatility and credit rating review,
2026-05-09,Asia (APAC),Energy & Raw Materials,General (Neutral / Positive),Energy,Energy Entity: Export volumes maintain stable baseline trajectory across key markets,
2026-05-09,Asia (APAC),Energy & Raw Materials,General (Neutral / Positive),Energy,Energy Entity: Quarterly operational targets met amid steady international demand,
2026-05-16,Global,Industrials / Manufacturing,Operational,Industrials,Industrials Entity: Labor union strike halts manufacturing assembly lines across region,
2026-05-16,Global,Industrials / Manufacturing,General (Neutral / Positive),Industrials,Industrials Entity: Strategic research partnership formed to drive clean energy innovation,
2026-05-16,Global,Industrials / Manufacturing,General (Neutral / Positive),Industrials,Industrials Entity: Strategic research partnership formed to drive clean energy innovation,
2026-05-16,Global,Technology,Operational,Technology,Technology Entity: Transit port congestion creates transit bottleneck for key component parts,
2026-05-16,Global,Technology,General (Neutral / Positive),Technology,Technology Entity: Export volumes maintain stable baseline trajectory across key markets,
2026-05-16,Global,Technology,Strategic,Technology,Technology Entity: Market share loss accelerates as low-cost competitors expand reach,
2026-05-16,Global,Financials,Regulatory,Financials,Financials Entity: New carbon emission compliance laws impose cross-border export tariffs,
2026-05-16,Global,Financials,Financial,Financials,Financials Entity: Debt service obligations squeeze net liquidity across corporate division,
2026-05-16,Global,Financials,Regulatory,Financials,Financials Entity: New carbon emission compliance laws impose cross-border export tariffs,
2026-05-16,Global,Consumer & Retail,General (Neutral / Positive),Consumer,Consumer Entity: Strategic research partnership formed to drive clean energy innovation,
2026-05-16,Global,Consumer & Retail,General (Neutral / Positive),Consumer,Consumer Entity: Company announces expansion into automated production facilities,
2026-05-16,Global,Consumer & Retail,Financial,Consumer,Consumer Entity: Credit downgrade warning issued following quarterly margin compression,
2026-05-16,Global,Energy & Raw Materials,Regulatory,Energy,Energy Entity: New carbon emission compliance laws impose cross-border export tariffs,
2026-05-16,Global,Energy & Raw Materials,Strategic,Energy,Energy Entity: Shifting consumer demand creates inventory obsolescence ahead of launch,
2026-05-16,Americas (including U.S.),Industrials / Manufacturing,Strategic,Industrials,Industrials Entity: Delayed product transition threatens long-term sector competitiveness,
2026-05-16,Americas (including U.S.),Industrials / Manufacturing,Financial,Industrials,Industrials Entity: Revenue miss triggers stock price volatility and credit rating review,
2026-05-16,Americas (including U.S.),Industrials / Manufacturing,General (Neutral / Positive),Industrials,Industrials Entity: Export volumes maintain stable baseline trajectory across key markets,
2026-05-16,Americas (including U.S.),Industrials / Manufacturing,General (Neutral / Positive),Industrials,Industrials Entity: Quarterly operational targets met amid steady international demand,
2026-05-16,Americas (including U.S.),Technology,General (Neutral / Positive),Technology,Technology Entity: Strategic research partnership formed to drive clean energy innovation,
2026-05-16,Americas (including U.S.),Technology,General (Neutral / Positive),Technology,Technology Entity: Export volumes maintain stable baseline trajectory across key markets,
2026-05-16,Americas (including U.S.),Financials,Regulatory,Financials,Financials Entity: New carbon emission compliance laws impose cross-border export tariffs,
2026-05-16,Americas (including U.S.),Financials,Regulatory,Financials,Financials Entity: Strict data privacy enforcement imposes steep non-compliance penalties,
2026-05-16,Americas (including U.S.),Financials,Regulatory,Financials,Financials Entity: Strict data privacy enforcement imposes steep non-compliance penalties,
2026-05-16,Americas (including U.S.),Financials,General (Neutral / Positive),Financials,Financials Entity: Quarterly operational targets met amid steady international demand,
2026-05-16,Americas (including U.S.),Consumer & Retail,Strategic,Consumer,Consumer Entity: Market share loss accelerates as low-cost competitors expand reach,
2026-05-16,Americas (including U.S.),Consumer & Retail,Strategic,Consumer,Consumer Entity: Shifting consumer demand creates inventory obsolescence ahead of launch,
2026-05-16,Americas (including U.S.),Energy & Raw Materials,Regulatory,Energy,Energy Entity: Strict data privacy enforcement imposes steep non-compliance penalties,
2026-05-16,Americas (including U.S.),Energy & Raw Materials,Strategic,Energy,Energy Entity: Failed corporate acquisition leaves regional expansion strategy unclear,
2026-05-16,Americas (including U.S.),Energy & Raw Materials,General (Neutral / Positive),Energy,Energy Entity: Company announces expansion into automated production facilities,
2026-05-16,Americas (including U.S.),Energy & Raw Materials,Financial,Energy,Energy Entity: Debt service obligations squeeze net liquidity across corporate division,
2026-05-16,Europe (EMEA),Industrials / Manufacturing,General (Neutral / Positive),Industrials,Industrials Entity: Quarterly operational targets met amid steady international demand,
2026-05-16,Europe (EMEA),Industrials / Manufacturing,Operational,Industrials,Industrials Entity: Labor union strike halts manufacturing assembly lines across region,
2026-05-16,Europe (EMEA),Technology,Regulatory,Technology,Technology Entity: Antitrust regulatory body opens inquiry into regional market practices,
2026-05-16,Europe (EMEA),Technology,Financial,Technology,Technology Entity: Credit downgrade warning issued following quarterly margin compression,
2026-05-16,Europe (EMEA),Technology,Financial,Technology,Technology Entity: Revenue miss triggers stock price volatility and credit rating review,
2026-05-16,Europe (EMEA),Financials,General (Neutral / Positive),Financials,Financials Entity: Company announces expansion into automated production facilities,
2026-05-16,Europe (EMEA),Financials,Strategic,Financials,Financials Entity: Delayed product transition threatens long-term sector competitiveness,
2026-05-16,Europe (EMEA),Financials,Strategic,Financials,Financials Entity: Delayed product transition threatens long-term sector competitiveness,
2026-05-16,Europe (EMEA),Financials,Regulatory,Financials,Financials Entity: Bilateral trade restriction sanctions disrupt overseas supply channels,
2026-05-16,Europe (EMEA),Consumer & Retail,Strategic,Consumer,Consumer Entity: Failed corporate acquisition leaves regional expansion strategy unclear,
2026-05-16,Europe (EMEA),Consumer & Retail,Operational,Consumer,Consumer Entity: Labor union strike halts manufacturing assembly lines across region,
2026-05-16,Europe (EMEA),Consumer & Retail,Regulatory,Consumer,Consumer Entity: New carbon emission compliance laws impose cross-border export tariffs,
2026-05-16,Europe (EMEA),Consumer & Retail,Financial,Consumer,Consumer Entity: Inflationary cost pressures reduce operational cash flow estimates,
2026-05-16,Europe (EMEA),Energy & Raw Materials,Regulatory,Energy,Energy Entity: Bilateral trade restriction sanctions disrupt overseas supply channels,
2026-05-16,Europe (EMEA),Energy & Raw Materials,General (Neutral / Positive),Energy,Energy Entity: Export volumes maintain stable baseline trajectory across key markets,
2026-05-16,Europe (EMEA),Energy & Raw Materials,Operational,Energy,Energy Entity: Factory plant outage reported due to critical microchip supply delays,
2026-05-16,Europe (EMEA),Energy & Raw Materials,Financial,Energy,Energy Entity: Revenue miss triggers stock price volatility and credit rating review,
2026-05-16,Asia (APAC),Industrials / Manufacturing,Financial,Industrials,Industrials Entity: Credit downgrade warning issued following quarterly margin compression,
2026-05-16,Asia (APAC),Industrials / Manufacturing,General (Neutral / Positive),Industrials,Industrials Entity: Company announces expansion into automated production facilities,
2026-05-16,Asia (APAC),Industrials / Manufacturing,General (Neutral / Positive),Industrials,Industrials Entity: Company announces expansion into automated production facilities,
2026-05-16,Asia (APAC),Industrials / Manufacturing,Strategic,Industrials,Industrials Entity: Shifting consumer demand creates inventory obsolescence ahead of launch,
2026-05-16,Asia (APAC),Technology,Regulatory,Technology,Technology Entity: New carbon emission compliance laws impose cross-border export tariffs,
2026-05-16,Asia (APAC),Technology,Financial,Technology,Technology Entity: Inflationary cost pressures reduce operational cash flow estimates,
2026-05-16,Asia (APAC),Technology,General (Neutral / Positive),Technology,Technology Entity: Export volumes maintain stable baseline trajectory across key markets,
2026-05-16,Asia (APAC),Financials,General (Neutral / Positive),Financials,Financials Entity: Quarterly operational targets met amid steady international demand,
2026-05-16,Asia (APAC),Financials,Operational,Financials,Financials Entity: Factory plant outage reported due to critical microchip supply delays,
2026-05-16,Asia (APAC),Financials,Financial,Financials,Financials Entity: Debt service obligations squeeze net liquidity across corporate division,
2026-05-16,Asia (APAC),Consumer & Retail,General (Neutral / Positive),Consumer,Consumer Entity: Company announces expansion into automated production facilities,
2026-05-16,Asia (APAC),Consumer & Retail,Financial,Consumer,Consumer Entity: Credit downgrade warning issued following quarterly margin compression,
2026-05-16,Asia (APAC),Consumer & Retail,Financial,Consumer,Consumer Entity: Inflationary cost pressures reduce operational cash flow estimates,
2026-05-16,Asia (APAC),Consumer & Retail,Financial,Consumer,Consumer Entity: Inflationary cost pressures reduce operational cash flow estimates,
2026-05-16,Asia (APAC),Energy & Raw Materials,General (Neutral / Positive),Energy,Energy Entity: Strategic research partnership formed to drive clean energy innovation,
2026-05-16,Asia (APAC),Energy & Raw Materials,Strategic,Energy,Energy Entity: Shifting consumer demand creates inventory obsolescence ahead of launch,
2026-05-16,Asia (APAC),Energy & Raw Materials,Regulatory,Energy,Energy Entity: Strict data privacy enforcement imposes steep non-compliance penalties,
2026-05-16,Asia (APAC),Energy & Raw Materials,General (Neutral / Positive),Energy,Energy Entity: Export volumes maintain stable baseline trajectory across key markets,
2026-05-23,Global,Industrials / Manufacturing,Financial,Industrials,Industrials Entity: Credit downgrade warning issued following quarterly margin compression,
2026-05-23,Global,Industrials / Manufacturing,Financial,Industrials,Industrials Entity: Revenue miss triggers stock price volatility and credit rating review,
2026-05-23,Global,Technology,Regulatory,Technology,Technology Entity: Strict data privacy enforcement imposes steep non-compliance penalties,
2026-05-23,Global,Technology,General (Neutral / Positive),Technology,Technology Entity: Strategic research partnership formed to drive clean energy innovation,
2026-05-23,Global,Technology,Strategic,Technology,Technology Entity: Market share loss accelerates as low-cost competitors expand reach,
2026-05-23,Global,Financials,Financial,Financials,Financials Entity: Debt service obligations squeeze net liquidity across corporate division,
2026-05-23,Global,Financials,General (Neutral / Positive),Financials,Financials Entity: Quarterly operational targets met amid steady international demand,
2026-05-23,Global,Consumer & Retail,Regulatory,Consumer,Consumer Entity: New carbon emission compliance laws impose cross-border export tariffs,
2026-05-23,Global,Consumer & Retail,Regulatory,Consumer,Consumer Entity: Bilateral trade restriction sanctions disrupt overseas supply channels,
2026-05-23,Global,Consumer & Retail,General (Neutral / Positive),Consumer,Consumer Entity: Company announces expansion into automated production facilities,
2026-05-23,Global,Energy & Raw Materials,General (Neutral / Positive),Energy,Energy Entity: Strategic research partnership formed to drive clean energy innovation,
2026-05-23,Global,Energy & Raw Materials,General (Neutral / Positive),Energy,Energy Entity: Strategic research partnership formed to drive clean energy innovation,
2026-05-23,Global,Energy & Raw Materials,Strategic,Energy,Energy Entity: Delayed product transition threatens long-term sector competitiveness,
2026-05-23,Americas (including U.S.),Industrials / Manufacturing,General (Neutral / Positive),Industrials,Industrials Entity: Company announces expansion into automated production facilities,
2026-05-23,Americas (including U.S.),Industrials / Manufacturing,Operational,Industrials,Industrials Entity: Factory plant outage reported due to critical microchip supply delays,
2026-05-23,Americas (including U.S.),Industrials / Manufacturing,General (Neutral / Positive),Industrials,Industrials Entity: Strategic research partnership formed to drive clean energy innovation,
2026-05-23,Americas (including U.S.),Technology,General (Neutral / Positive),Technology,Technology Entity: Export volumes maintain stable baseline trajectory across key markets,
2026-05-23,Americas (including U.S.),Technology,General (Neutral / Positive),Technology,Technology Entity: Quarterly operational targets met amid steady international demand,
2026-05-23,Americas (including U.S.),Technology,General (Neutral / Positive),Technology,Technology Entity: Export volumes maintain stable baseline trajectory across key markets,
2026-05-23,Americas (including U.S.),Technology,Strategic,Technology,Technology Entity: Failed corporate acquisition leaves regional expansion strategy unclear,
2026-05-23,Americas (including U.S.),Financials,General (Neutral / Positive),Financials,Financials Entity: Strategic research partnership formed to drive clean energy innovation,
2026-05-23,Americas (including U.S.),Financials,Financial,Financials,Financials Entity: Debt service obligations squeeze net liquidity across corporate division,
2026-05-23,Americas (including U.S.),Consumer & Retail,General (Neutral / Positive),Consumer,Consumer Entity: Strategic research partnership formed to drive clean energy innovation,
2026-05-23,Americas (including U.S.),Consumer & Retail,Financial,Consumer,Consumer Entity: Revenue miss triggers stock price volatility and credit rating review,
2026-05-23,Americas (including U.S.),Energy & Raw Materials,Strategic,Energy,Energy Entity: Failed corporate acquisition leaves regional expansion strategy unclear,
2026-05-23,Americas (including U.S.),Energy & Raw Materials,Regulatory,Energy,Energy Entity: Antitrust regulatory body opens inquiry into regional market practices,
2026-05-23,Americas (including U.S.),Energy & Raw Materials,Financial,Energy,Energy Entity: Inflationary cost pressures reduce operational cash flow estimates,
2026-05-23,Europe (EMEA),Industrials / Manufacturing,Strategic,Industrials,Industrials Entity: Delayed product transition threatens long-term sector competitiveness,
2026-05-23,Europe (EMEA),Industrials / Manufacturing,Financial,Industrials,Industrials Entity: Revenue miss triggers stock price volatility and credit rating review,
2026-05-23,Europe (EMEA),Industrials / Manufacturing,General (Neutral / Positive),Industrials,Industrials Entity: Company announces expansion into automated production facilities,
2026-05-23,Europe (EMEA),Industrials / Manufacturing,Strategic,Industrials,Industrials Entity: Market share loss accelerates as low-cost competitors expand reach,
2026-05-23,Europe (EMEA),Technology,Strategic,Technology,Technology Entity: Delayed product transition threatens long-term sector competitiveness,
2026-05-23,Europe (EMEA),Technology,Strategic,Technology,Technology Entity: Shifting consumer demand creates inventory obsolescence ahead of launch,
2026-05-23,Europe (EMEA),Financials,Regulatory,Financials,Financials Entity: Bilateral trade restriction sanctions disrupt overseas supply channels,
2026-05-23,Europe (EMEA),Financials,Regulatory,Financials,Financials Entity: New carbon emission compliance laws impose cross-border export tariffs,
2026-05-23,Europe (EMEA),Financials,Regulatory,Financials,Financials Entity: Bilateral trade restriction sanctions disrupt overseas supply channels,
2026-05-23,Europe (EMEA),Financials,Operational,Financials,Financials Entity: Factory plant outage reported due to critical microchip supply delays,
2026-05-23,Europe (EMEA),Consumer & Retail,Operational,Consumer,Consumer Entity: Labor union strike halts manufacturing assembly lines across region,
2026-05-23,Europe (EMEA),Consumer & Retail,Regulatory,Consumer,Consumer Entity: Antitrust regulatory body opens inquiry into regional market practices,
2026-05-23,Europe (EMEA),Energy & Raw Materials,General (Neutral / Positive),Energy,Energy Entity: Strategic research partnership formed to drive clean energy innovation,
2026-05-23,Europe (EMEA),Energy & Raw Materials,Strategic,Energy,Energy Entity: Delayed product transition threatens long-term sector competitiveness,
2026-05-23,Europe (EMEA),Energy & Raw Materials,Financial,Energy,Energy Entity: Revenue miss triggers stock price volatility and credit rating review,
2026-05-23,Europe (EMEA),Energy & Raw Materials,Operational,Energy,Energy Entity: Factory plant outage reported due to critical microchip supply delays,
2026-05-23,Asia (APAC),Industrials / Manufacturing,Regulatory,Industrials,Industrials Entity: Bilateral trade restriction sanctions disrupt overseas supply channels,
2026-05-23,Asia (APAC),Industrials / Manufacturing,Operational,Industrials,Industrials Entity: Raw material shortage forces temporary reduction in production targets,
2026-05-23,Asia (APAC),Technology,Regulatory,Technology,Technology Entity: Bilateral trade restriction sanctions disrupt overseas supply channels,
2026-05-23,Asia (APAC),Technology,Strategic,Technology,Technology Entity: Delayed product transition threatens long-term sector competitiveness,
2026-05-23,Asia (APAC),Financials,Financial,Financials,Financials Entity: Inflationary cost pressures reduce operational cash flow estimates,
2026-05-23,Asia (APAC),Financials,Regulatory,Financials,Financials Entity: New carbon emission compliance laws impose cross-border export tariffs,
2026-05-23,Asia (APAC),Consumer & Retail,Financial,Consumer,Consumer Entity: Debt service obligations squeeze net liquidity across corporate division,
2026-05-23,Asia (APAC),Consumer & Retail,General (Neutral / Positive),Consumer,Consumer Entity: Company announces expansion into automated production facilities,
2026-05-23,Asia (APAC),Consumer & Retail,General (Neutral / Positive),Consumer,Consumer Entity: Company announces expansion into automated production facilities,
2026-05-23,Asia (APAC),Energy & Raw Materials,Regulatory,Energy,Energy Entity: Strict data privacy enforcement imposes steep non-compliance penalties,
2026-05-23,Asia (APAC),Energy & Raw Materials,Financial,Energy,Energy Entity: Credit downgrade warning issued following quarterly margin compression,
2026-05-23,Asia (APAC),Energy & Raw Materials,Regulatory,Energy,Energy Entity: Strict data privacy enforcement imposes steep non-compliance penalties,
2026-05-23,Asia (APAC),Energy & Raw Materials,Financial,Energy,Energy Entity: Inflationary cost pressures reduce operational cash flow estimates,
2026-05-30,Global,Industrials / Manufacturing,Strategic,Industrials,Industrials Entity: Shifting consumer demand creates inventory obsolescence ahead of launch,
2026-05-30,Global,Industrials / Manufacturing,Regulatory,Industrials,Industrials Entity: Antitrust regulatory body opens inquiry into regional market practices,
2026-05-30,Global,Technology,Operational,Technology,Technology Entity: Factory plant outage reported due to critical microchip supply delays,
2026-05-30,Global,Technology,Regulatory,Technology,Technology Entity: Antitrust regulatory body opens inquiry into regional market practices,
2026-05-30,Global,Financials,Regulatory,Financials,Financials Entity: Strict data privacy enforcement imposes steep non-compliance penalties,
2026-05-30,Global,Financials,Regulatory,Financials,Financials Entity: Bilateral trade restriction sanctions disrupt overseas supply channels,
2026-05-30,Global,Financials,General (Neutral / Positive),Financials,Financials Entity: Company announces expansion into automated production facilities,
2026-05-30,Global,Financials,General (Neutral / Positive),Financials,Financials Entity: Strategic research partnership formed to drive clean energy innovation,
2026-05-30,Global,Consumer & Retail,Regulatory,Consumer,Consumer Entity: Bilateral trade restriction sanctions disrupt overseas supply channels,
2026-05-30,Global,Consumer & Retail,Operational,Consumer,Consumer Entity: Raw material shortage forces temporary reduction in production targets,
2026-05-30,Global,Energy & Raw Materials,Strategic,Energy,Energy Entity: Market share loss accelerates as low-cost competitors expand reach,
2026-05-30,Global,Energy & Raw Materials,Regulatory,Energy,Energy Entity: Antitrust regulatory body opens inquiry into regional market practices,
2026-05-30,Global,Energy & Raw Materials,Regulatory,Energy,Energy Entity: Antitrust regulatory body opens inquiry into regional market practices,
2026-05-30,Global,Energy & Raw Materials,General (Neutral / Positive),Energy,Energy Entity: Export volumes maintain stable baseline trajectory across key markets,
2026-05-30,Americas (including U.S.),Industrials / Manufacturing,Financial,Industrials,Industrials Entity: Debt service obligations squeeze net liquidity across corporate division,
2026-05-30,Americas (including U.S.),Industrials / Manufacturing,General (Neutral / Positive),Industrials,Industrials Entity: Company announces expansion into automated production facilities,
2026-05-30,Americas (including U.S.),Industrials / Manufacturing,Operational,Industrials,Industrials Entity: Raw material shortage forces temporary reduction in production targets,
2026-05-30,Americas (including U.S.),Industrials / Manufacturing,Financial,Industrials,Industrials Entity: Credit downgrade warning issued following quarterly margin compression,
2026-05-30,Americas (including U.S.),Technology,General (Neutral / Positive),Technology,Technology Entity: Export volumes maintain stable baseline trajectory across key markets,
2026-05-30,Americas (including U.S.),Technology,General (Neutral / Positive),Technology,Technology Entity: Company announces expansion into automated production facilities,
2026-05-30,Americas (including U.S.),Financials,General (Neutral / Positive),Financials,Financials Entity: Export volumes maintain stable baseline trajectory across key markets,
2026-05-30,Americas (including U.S.),Financials,Operational,Financials,Financials Entity: Labor union strike halts manufacturing assembly lines across region,
2026-05-30,Americas (including U.S.),Consumer & Retail,Regulatory,Consumer,Consumer Entity: New carbon emission compliance laws impose cross-border export tariffs,
2026-05-30,Americas (including U.S.),Consumer & Retail,Regulatory,Consumer,Consumer Entity: Strict data privacy enforcement imposes steep non-compliance penalties,
2026-05-30,Americas (including U.S.),Consumer & Retail,General (Neutral / Positive),Consumer,Consumer Entity: Strategic research partnership formed to drive clean energy innovation,
2026-05-30,Americas (including U.S.),Consumer & Retail,General (Neutral / Positive),Consumer,Consumer Entity: Company announces expansion into automated production facilities,
2026-05-30,Americas (including U.S.),Energy & Raw Materials,General (Neutral / Positive),Energy,Energy Entity: Company announces expansion into automated production facilities,
2026-05-30,Americas (including U.S.),Energy & Raw Materials,Operational,Energy,Energy Entity: Raw material shortage forces temporary reduction in production targets,
2026-05-30,Americas (including U.S.),Energy & Raw Materials,General (Neutral / Positive),Energy,Energy Entity: Strategic research partnership formed to drive clean energy innovation,
2026-05-30,Europe (EMEA),Industrials / Manufacturing,Financial,Industrials,Industrials Entity: Debt service obligations squeeze net liquidity across corporate division,
2026-05-30,Europe (EMEA),Industrials / Manufacturing,Operational,Industrials,Industrials Entity: Labor union strike halts manufacturing assembly lines across region,
2026-05-30,Europe (EMEA),Industrials / Manufacturing,General (Neutral / Positive),Industrials,Industrials Entity: Quarterly operational targets met amid steady international demand,
2026-05-30,Europe (EMEA),Technology,Operational,Technology,Technology Entity: Factory plant outage reported due to critical microchip supply delays,
2026-05-30,Europe (EMEA),Technology,General (Neutral / Positive),Technology,Technology Entity: Quarterly operational targets met amid steady international demand,
2026-05-30,Europe (EMEA),Financials,General (Neutral / Positive),Financials,Financials Entity: Quarterly operational targets met amid steady international demand,
2026-05-30,Europe (EMEA),Financials,General (Neutral / Positive),Financials,Financials Entity: Export volumes maintain stable baseline trajectory across key markets,
2026-05-30,Europe (EMEA),Consumer & Retail,General (Neutral / Positive),Consumer,Consumer Entity: Export volumes maintain stable baseline trajectory across key markets,
2026-05-30,Europe (EMEA),Consumer & Retail,General (Neutral / Positive),Consumer,Consumer Entity: Strategic research partnership formed to drive clean energy innovation,
2026-05-30,Europe (EMEA),Consumer & Retail,Strategic,Consumer,Consumer Entity: Delayed product transition threatens long-term sector competitiveness,
2026-05-30,Europe (EMEA),Consumer & Retail,General (Neutral / Positive),Consumer,Consumer Entity: Strategic research partnership formed to drive clean energy innovation,
2026-05-30,Europe (EMEA),Energy & Raw Materials,General (Neutral / Positive),Energy,Energy Entity: Quarterly operational targets met amid steady international demand,
2026-05-30,Europe (EMEA),Energy & Raw Materials,Strategic,Energy,Energy Entity: Failed corporate acquisition leaves regional expansion strategy unclear,
2026-05-30,Europe (EMEA),Energy & Raw Materials,Financial,Energy,Energy Entity: Debt service obligations squeeze net liquidity across corporate division,
2026-05-30,Europe (EMEA),Energy & Raw Materials,General (Neutral / Positive),Energy,Energy Entity: Quarterly operational targets met amid steady international demand,
2026-05-30,Asia (APAC),Industrials / Manufacturing,General (Neutral / Positive),Industrials,Industrials Entity: Strategic research partnership formed to drive clean energy innovation,
2026-05-30,Asia (APAC),Industrials / Manufacturing,Regulatory,Industrials,Industrials Entity: Antitrust regulatory body opens inquiry into regional market practices,
2026-05-30,Asia (APAC),Industrials / Manufacturing,Financial,Industrials,Industrials Entity: Revenue miss triggers stock price volatility and credit rating review,
2026-05-30,Asia (APAC),Industrials / Manufacturing,General (Neutral / Positive),Industrials,Industrials Entity: Export volumes maintain stable baseline trajectory across key markets,
2026-05-30,Asia (APAC),Technology,Operational,Technology,Technology Entity: Labor union strike halts manufacturing assembly lines across region,
2026-05-30,Asia (APAC),Technology,Financial,Technology,Technology Entity: Debt service obligations squeeze net liquidity across corporate division,
2026-05-30,Asia (APAC),Financials,General (Neutral / Positive),Financials,Financials Entity: Export volumes maintain stable baseline trajectory across key markets,
2026-05-30,Asia (APAC),Financials,General (Neutral / Positive),Financials,Financials Entity: Export volumes maintain stable baseline trajectory across key markets,
2026-05-30,Asia (APAC),Financials,General (Neutral / Positive),Financials,Financials Entity: Export volumes maintain stable baseline trajectory across key markets,
2026-05-30,Asia (APAC),Financials,General (Neutral / Positive),Financials,Financials Entity: Strategic research partnership formed to drive clean energy innovation,
2026-05-30,Asia (APAC),Consumer & Retail,Operational,Consumer,Consumer Entity: Transit port congestion creates transit bottleneck for key component parts,
2026-05-30,Asia (APAC),Consumer & Retail,General (Neutral / Positive),Consumer,Consumer Entity: Quarterly operational targets met amid steady international demand,
2026-05-30,Asia (APAC),Consumer & Retail,Strategic,Consumer,Consumer Entity: Market share loss accelerates as low-cost competitors expand reach,
2026-05-30,Asia (APAC),Energy & Raw Materials,Operational,Energy,Energy Entity: Labor union strike halts manufacturing assembly lines across region,
2026-05-30,Asia (APAC),Energy & Raw Materials,Operational,Energy,Energy Entity: Raw material shortage forces temporary reduction in production targets,
2026-05-30,Asia (APAC),Energy & Raw Materials,Regulatory,Energy,Energy Entity: Bilateral trade restriction sanctions disrupt overseas supply channels,
2026-05-30,Asia (APAC),Energy & Raw Materials,General (Neutral / Positive),Energy,Energy Entity: Strategic research partnership formed to drive clean energy innovation,
2026-06-06,Global,Industrials / Manufacturing,General (Neutral / Positive),Industrials,Industrials Entity: Strategic research partnership formed to drive clean energy innovation,
2026-06-06,Global,Industrials / Manufacturing,General (Neutral / Positive),Industrials,Industrials Entity: Export volumes maintain stable baseline trajectory across key markets,
2026-06-06,Global,Technology,General (Neutral / Positive),Technology,Technology Entity: Quarterly operational targets met amid steady international demand,
2026-06-06,Global,Technology,General (Neutral / Positive),Technology,Technology Entity: Company announces expansion into automated production facilities,
2026-06-06,Global,Financials,Strategic,Financials,Financials Entity: Market share loss accelerates as low-cost competitors expand reach,
2026-06-06,Global,Financials,General (Neutral / Positive),Financials,Financials Entity: Strategic research partnership formed to drive clean energy innovation,
2026-06-06,Global,Financials,Regulatory,Financials,Financials Entity: Bilateral trade restriction sanctions disrupt overseas supply channels,
2026-06-06,Global,Consumer & Retail,Strategic,Consumer,Consumer Entity: Failed corporate acquisition leaves regional expansion strategy unclear,
2026-06-06,Global,Consumer & Retail,Operational,Consumer,Consumer Entity: Factory plant outage reported due to critical microchip supply delays,
2026-06-06,Global,Consumer & Retail,Financial,Consumer,Consumer Entity: Debt service obligations squeeze net liquidity across corporate division,
2026-06-06,Global,Energy & Raw Materials,General (Neutral / Positive),Energy,Energy Entity: Strategic research partnership formed to drive clean energy innovation,
2026-06-06,Global,Energy & Raw Materials,General (Neutral / Positive),Energy,Energy Entity: Export volumes maintain stable baseline trajectory across key markets,
2026-06-06,Americas (including U.S.),Industrials / Manufacturing,General (Neutral / Positive),Industrials,Industrials Entity: Export volumes maintain stable baseline trajectory across key markets,
2026-06-06,Americas (including U.S.),Industrials / Manufacturing,General (Neutral / Positive),Industrials,Industrials Entity: Strategic research partnership formed to drive clean energy innovation,
2026-06-06,Americas (including U.S.),Industrials / Manufacturing,Financial,Industrials,Industrials Entity: Credit downgrade warning issued following quarterly margin compression,
2026-06-06,Americas (including U.S.),Industrials / Manufacturing,Regulatory,Industrials,Industrials Entity: Strict data privacy enforcement imposes steep non-compliance penalties,
2026-06-06,Americas (including U.S.),Technology,Operational,Technology,Technology Entity: Labor union strike halts manufacturing assembly lines across region,
2026-06-06,Americas (including U.S.),Technology,General (Neutral / Positive),Technology,Technology Entity: Company announces expansion into automated production facilities,
2026-06-06,Americas (including U.S.),Technology,Financial,Technology,Technology Entity: Revenue miss triggers stock price volatility and credit rating review,
2026-06-06,Americas (including U.S.),Financials,Regulatory,Financials,Financials Entity: Antitrust regulatory body opens inquiry into regional market practices,
2026-06-06,Americas (including U.S.),Financials,Financial,Financials,Financials Entity: Revenue miss triggers stock price volatility and credit rating review,
2026-06-06,Americas (including U.S.),Consumer & Retail,General (Neutral / Positive),Consumer,Consumer Entity: Quarterly operational targets met amid steady international demand,
2026-06-06,Americas (including U.S.),Consumer & Retail,Regulatory,Consumer,Consumer Entity: Antitrust regulatory body opens inquiry into regional market practices,
2026-06-06,Americas (including U.S.),Energy & Raw Materials,General (Neutral / Positive),Energy,Energy Entity: Company announces expansion into automated production facilities,
2026-06-06,Americas (including U.S.),Energy & Raw Materials,Strategic,Energy,Energy Entity: Market share loss accelerates as low-cost competitors expand reach,
2026-06-06,Americas (including U.S.),Energy & Raw Materials,Regulatory,Energy,Energy Entity: New carbon emission compliance laws impose cross-border export tariffs,
2026-06-06,Americas (including U.S.),Energy & Raw Materials,General (Neutral / Positive),Energy,Energy Entity: Strategic research partnership formed to drive clean energy innovation,
2026-06-06,Europe (EMEA),Industrials / Manufacturing,Financial,Industrials,Industrials Entity: Inflationary cost pressures reduce operational cash flow estimates,
2026-06-06,Europe (EMEA),Industrials / Manufacturing,Regulatory,Industrials,Industrials Entity: Strict data privacy enforcement imposes steep non-compliance penalties,
2026-06-06,Europe (EMEA),Industrials / Manufacturing,General (Neutral / Positive),Industrials,Industrials Entity: Strategic research partnership formed to drive clean energy innovation,
2026-06-06,Europe (EMEA),Industrials / Manufacturing,Financial,Industrials,Industrials Entity: Inflationary cost pressures reduce operational cash flow estimates,
2026-06-06,Europe (EMEA),Technology,General (Neutral / Positive),Technology,Technology Entity: Quarterly operational targets met amid steady international demand,
2026-06-06,Europe (EMEA),Technology,General (Neutral / Positive),Technology,Technology Entity: Strategic research partnership formed to drive clean energy innovation,
2026-06-06,Europe (EMEA),Technology,Financial,Technology,Technology Entity: Revenue miss triggers stock price volatility and credit rating review,
2026-06-06,Europe (EMEA),Technology,General (Neutral / Positive),Technology,Technology Entity: Export volumes maintain stable baseline trajectory across key markets,
2026-06-06,Europe (EMEA),Financials,Operational,Financials,Financials Entity: Labor union strike halts manufacturing assembly lines across region,
2026-06-06,Europe (EMEA),Financials,General (Neutral / Positive),Financials,Financials Entity: Company announces expansion into automated production facilities,
2026-06-06,Europe (EMEA),Financials,Operational,Financials,Financials Entity: Raw material shortage forces temporary reduction in production targets,
2026-06-06,Europe (EMEA),Financials,General (Neutral / Positive),Financials,Financials Entity: Company announces expansion into automated production facilities,
2026-06-06,Europe (EMEA),Consumer & Retail,General (Neutral / Positive),Consumer,Consumer Entity: Company announces expansion into automated production facilities,
2026-06-06,Europe (EMEA),Consumer & Retail,General (Neutral / Positive),Consumer,Consumer Entity: Quarterly operational targets met amid steady international demand,
2026-06-06,Europe (EMEA),Consumer & Retail,Operational,Consumer,Consumer Entity: Transit port congestion creates transit bottleneck for key component parts,
2026-06-06,Europe (EMEA),Energy & Raw Materials,Operational,Energy,Energy Entity: Transit port congestion creates transit bottleneck for key component parts,
2026-06-06,Europe (EMEA),Energy & Raw Materials,Strategic,Energy,Energy Entity: Market share loss accelerates as low-cost competitors expand reach,
2026-06-06,Asia (APAC),Industrials / Manufacturing,Regulatory,Industrials,Industrials Entity: New carbon emission compliance laws impose cross-border export tariffs,
2026-06-06,Asia (APAC),Industrials / Manufacturing,Strategic,Industrials,Industrials Entity: Delayed product transition threatens long-term sector competitiveness,
2026-06-06,Asia (APAC),Industrials / Manufacturing,General (Neutral / Positive),Industrials,Industrials Entity: Quarterly operational targets met amid steady international demand,
2026-06-06,Asia (APAC),Industrials / Manufacturing,Regulatory,Industrials,Industrials Entity: New carbon emission compliance laws impose cross-border export tariffs,
2026-06-06,Asia (APAC),Technology,General (Neutral / Positive),Technology,Technology Entity: Quarterly operational targets met amid steady international demand,
2026-06-06,Asia (APAC),Technology,Strategic,Technology,Technology Entity: Market share loss accelerates as low-cost competitors expand reach,
2026-06-06,Asia (APAC),Technology,Strategic,Technology,Technology Entity: Delayed product transition threatens long-term sector competitiveness,
2026-06-06,Asia (APAC),Financials,General (Neutral / Positive),Financials,Financials Entity: Quarterly operational targets met amid steady international demand,
2026-06-06,Asia (APAC),Financials,General (Neutral / Positive),Financials,Financials Entity: Company announces expansion into automated production facilities,
2026-06-06,Asia (APAC),Financials,Financial,Financials,Financials Entity: Inflationary cost pressures reduce operational cash flow estimates,
2026-06-06,Asia (APAC),Financials,Operational,Financials,Financials Entity: Transit port congestion creates transit bottleneck for key component parts,
2026-06-06,Asia (APAC),Consumer & Retail,General (Neutral / Positive),Consumer,Consumer Entity: Quarterly operational targets met amid steady international demand,
2026-06-06,Asia (APAC),Consumer & Retail,Regulatory,Consumer,Consumer Entity: Bilateral trade restriction sanctions disrupt overseas supply channels,
2026-06-06,Asia (APAC),Energy & Raw Materials,Strategic,Energy,Energy Entity: Shifting consumer demand creates inventory obsolescence ahead of launch,
2026-06-06,Asia (APAC),Energy & Raw Materials,Financial,Energy,Energy Entity: Revenue miss triggers stock price volatility and credit rating review,
2026-06-13,Global,Industrials / Manufacturing,Regulatory,Industrials,Industrials Entity: New carbon emission compliance laws impose cross-border export tariffs,
2026-06-13,Global,Industrials / Manufacturing,Strategic,Industrials,Industrials Entity: Market share loss accelerates as low-cost competitors expand reach,
2026-06-13,Global,Technology,Financial,Technology,Technology Entity: Inflationary cost pressures reduce operational cash flow estimates,
2026-06-13,Global,Technology,Regulatory,Technology,Technology Entity: Antitrust regulatory body opens inquiry into regional market practices,
2026-06-13,Global,Technology,General (Neutral / Positive),Technology,Technology Entity: Strategic research partnership formed to drive clean energy innovation,
2026-06-13,Global,Financials,Financial,Financials,Financials Entity: Debt service obligations squeeze net liquidity across corporate division,
2026-06-13,Global,Financials,General (Neutral / Positive),Financials,Financials Entity: Strategic research partnership formed to drive clean energy innovation,
2026-06-13,Global,Consumer & Retail,Operational,Consumer,Consumer Entity: Factory plant outage reported due to critical microchip supply delays,
2026-06-13,Global,Consumer & Retail,Financial,Consumer,Consumer Entity: Inflationary cost pressures reduce operational cash flow estimates,
2026-06-13,Global,Energy & Raw Materials,Strategic,Energy,Energy Entity: Failed corporate acquisition leaves regional expansion strategy unclear,
2026-06-13,Global,Energy & Raw Materials,General (Neutral / Positive),Energy,Energy Entity: Company announces expansion into automated production facilities,
2026-06-13,Americas (including U.S.),Industrials / Manufacturing,Financial,Industrials,Industrials Entity: Inflationary cost pressures reduce operational cash flow estimates,
2026-06-13,Americas (including U.S.),Industrials / Manufacturing,General (Neutral / Positive),Industrials,Industrials Entity: Quarterly operational targets met amid steady international demand,
2026-06-13,Americas (including U.S.),Industrials / Manufacturing,Operational,Industrials,Industrials Entity: Labor union strike halts manufacturing assembly lines across region,
2026-06-13,Americas (including U.S.),Technology,Operational,Technology,Technology Entity: Raw material shortage forces temporary reduction in production targets,
2026-06-13,Americas (including U.S.),Technology,General (Neutral / Positive),Technology,Technology Entity: Export volumes maintain stable baseline trajectory across key markets,
2026-06-13,Americas (including U.S.),Technology,General (Neutral / Positive),Technology,Technology Entity: Company announces expansion into automated production facilities,
2026-06-13,Americas (including U.S.),Financials,Strategic,Financials,Financials Entity: Failed corporate acquisition leaves regional expansion strategy unclear,
2026-06-13,Americas (including U.S.),Financials,General (Neutral / Positive),Financials,Financials Entity: Company announces expansion into automated production facilities,
2026-06-13,Americas (including U.S.),Consumer & Retail,General (Neutral / Positive),Consumer,Consumer Entity: Quarterly operational targets met amid steady international demand,
2026-06-13,Americas (including U.S.),Consumer & Retail,Financial,Consumer,Consumer Entity: Debt service obligations squeeze net liquidity across corporate division,
2026-06-13,Americas (including U.S.),Consumer & Retail,Regulatory,Consumer,Consumer Entity: Strict data privacy enforcement imposes steep non-compliance penalties,
2026-06-13,Americas (including U.S.),Consumer & Retail,General (Neutral / Positive),Consumer,Consumer Entity: Export volumes maintain stable baseline trajectory across key markets,
2026-06-13,Americas (including U.S.),Energy & Raw Materials,General (Neutral / Positive),Energy,Energy Entity: Export volumes maintain stable baseline trajectory across key markets,
2026-06-13,Americas (including U.S.),Energy & Raw Materials,Operational,Energy,Energy Entity: Transit port congestion creates transit bottleneck for key component parts,
2026-06-13,Americas (including U.S.),Energy & Raw Materials,Regulatory,Energy,Energy Entity: Antitrust regulatory body opens inquiry into regional market practices,
2026-06-13,Europe (EMEA),Industrials / Manufacturing,General (Neutral / Positive),Industrials,Industrials Entity: Strategic research partnership formed to drive clean energy innovation,
2026-06-13,Europe (EMEA),Industrials / Manufacturing,Operational,Industrials,Industrials Entity: Transit port congestion creates transit bottleneck for key component parts,
2026-06-13,Europe (EMEA),Technology,General (Neutral / Positive),Technology,Technology Entity: Strategic research partnership formed to drive clean energy innovation,
2026-06-13,Europe (EMEA),Technology,Strategic,Technology,Technology Entity: Failed corporate acquisition leaves regional expansion strategy unclear,
2026-06-13,Europe (EMEA),Technology,Financial,Technology,Technology Entity: Debt service obligations squeeze net liquidity across corporate division,
2026-06-13,Europe (EMEA),Financials,Financial,Financials,Financials Entity: Credit downgrade warning issued following quarterly margin compression,
2026-06-13,Europe (EMEA),Financials,General (Neutral / Positive),Financials,Financials Entity: Company announces expansion into automated production facilities,
2026-06-13,Europe (EMEA),Financials,Operational,Financials,Financials Entity: Labor union strike halts manufacturing assembly lines across region,
2026-06-13,Europe (EMEA),Financials,Operational,Financials,Financials Entity: Transit port congestion creates transit bottleneck for key component parts,
2026-06-13,Europe (EMEA),Consumer & Retail,Financial,Consumer,Consumer Entity: Inflationary cost pressures reduce operational cash flow estimates,
2026-06-13,Europe (EMEA),Consumer & Retail,Strategic,Consumer,Consumer Entity: Delayed product transition threatens long-term sector competitiveness,
2026-06-13,Europe (EMEA),Consumer & Retail,Strategic,Consumer,Consumer Entity: Failed corporate acquisition leaves regional expansion strategy unclear,
2026-06-13,Europe (EMEA),Consumer & Retail,General (Neutral / Positive),Consumer,Consumer Entity: Company announces expansion into automated production facilities,
2026-06-13,Europe (EMEA),Energy & Raw Materials,Strategic,Energy,Energy Entity: Delayed product transition threatens long-term sector competitiveness,
2026-06-13,Europe (EMEA),Energy & Raw Materials,General (Neutral / Positive),Energy,Energy Entity: Quarterly operational targets met amid steady international demand,
2026-06-13,Europe (EMEA),Energy & Raw Materials,Financial,Energy,Energy Entity: Revenue miss triggers stock price volatility and credit rating review,
2026-06-13,Europe (EMEA),Energy & Raw Materials,General (Neutral / Positive),Energy,Energy Entity: Quarterly operational targets met amid steady international demand,
2026-06-13,Asia (APAC),Industrials / Manufacturing,General (Neutral / Positive),Industrials,Industrials Entity: Strategic research partnership formed to drive clean energy innovation,
2026-06-13,Asia (APAC),Industrials / Manufacturing,General (Neutral / Positive),Industrials,Industrials Entity: Quarterly operational targets met amid steady international demand,
2026-06-13,Asia (APAC),Industrials / Manufacturing,General (Neutral / Positive),Industrials,Industrials Entity: Strategic research partnership formed to drive clean energy innovation,
2026-06-13,Asia (APAC),Technology,Strategic,Technology,Technology Entity: Delayed product transition threatens long-term sector competitiveness,
2026-06-13,Asia (APAC),Technology,General (Neutral / Positive),Technology,Technology Entity: Company announces expansion into automated production facilities,
2026-06-13,Asia (APAC),Technology,Financial,Technology,Technology Entity: Credit downgrade warning issued following quarterly margin compression,
2026-06-13,Asia (APAC),Technology,Regulatory,Technology,Technology Entity: New carbon emission compliance laws impose cross-border export tariffs,
2026-06-13,Asia (APAC),Financials,General (Neutral / Positive),Financials,Financials Entity: Strategic research partnership formed to drive clean energy innovation,
2026-06-13,Asia (APAC),Financials,General (Neutral / Positive),Financials,Financials Entity: Export volumes maintain stable baseline trajectory across key markets,
2026-06-13,Asia (APAC),Consumer & Retail,General (Neutral / Positive),Consumer,Consumer Entity: Export volumes maintain stable baseline trajectory across key markets,
2026-06-13,Asia (APAC),Consumer & Retail,Operational,Consumer,Consumer Entity: Raw material shortage forces temporary reduction in production targets,
2026-06-13,Asia (APAC),Consumer & Retail,General (Neutral / Positive),Consumer,Consumer Entity: Quarterly operational targets met amid steady international demand,
2026-06-13,Asia (APAC),Consumer & Retail,Regulatory,Consumer,Consumer Entity: New carbon emission compliance laws impose cross-border export tariffs,
2026-06-13,Asia (APAC),Energy & Raw Materials,General (Neutral / Positive),Energy,Energy Entity: Strategic research partnership formed to drive clean energy innovation,
2026-06-13,Asia (APAC),Energy & Raw Materials,Operational,Energy,Energy Entity: Labor union strike halts manufacturing assembly lines across region,
2026-06-20,Global,Industrials / Manufacturing,General (Neutral / Positive),Industrials,Industrials Entity: Company announces expansion into automated production facilities,
2026-06-20,Global,Industrials / Manufacturing,Strategic,Industrials,Industrials Entity: Delayed product transition threatens long-term sector competitiveness,
2026-06-20,Global,Industrials / Manufacturing,Strategic,Industrials,Industrials Entity: Shifting consumer demand creates inventory obsolescence ahead of launch,
2026-06-20,Global,Industrials / Manufacturing,General (Neutral / Positive),Industrials,Industrials Entity: Quarterly operational targets met amid steady international demand,
2026-06-20,Global,Technology,Strategic,Technology,Technology Entity: Market share loss accelerates as low-cost competitors expand reach,
2026-06-20,Global,Technology,General (Neutral / Positive),Technology,Technology Entity: Quarterly operational targets met amid steady international demand,
2026-06-20,Global,Technology,General (Neutral / Positive),Technology,Technology Entity: Export volumes maintain stable baseline trajectory across key markets,
2026-06-20,Global,Financials,Operational,Financials,Financials Entity: Factory plant outage reported due to critical microchip supply delays,
2026-06-20,Global,Financials,Strategic,Financials,Financials Entity: Failed corporate acquisition leaves regional expansion strategy unclear,
2026-06-20,Global,Consumer & Retail,Operational,Consumer,Consumer Entity: Factory plant outage reported due to critical microchip supply delays,
2026-06-20,Global,Consumer & Retail,Financial,Consumer,Consumer Entity: Debt service obligations squeeze net liquidity across corporate division,
2026-06-20,Global,Consumer & Retail,Operational,Consumer,Consumer Entity: Labor union strike halts manufacturing assembly lines across region,
2026-06-20,Global,Energy & Raw Materials,Strategic,Energy,Energy Entity: Failed corporate acquisition leaves regional expansion strategy unclear,
2026-06-20,Global,Energy & Raw Materials,General (Neutral / Positive),Energy,Energy Entity: Strategic research partnership formed to drive clean energy innovation,
2026-06-20,Global,Energy & Raw Materials,Strategic,Energy,Energy Entity: Market share loss accelerates as low-cost competitors expand reach,
2026-06-20,Global,Energy & Raw Materials,General (Neutral / Positive),Energy,Energy Entity: Quarterly operational targets met amid steady international demand,
2026-06-20,Americas (including U.S.),Industrials / Manufacturing,General (Neutral / Positive),Industrials,Industrials Entity: Export volumes maintain stable baseline trajectory across key markets,
2026-06-20,Americas (including U.S.),Industrials / Manufacturing,General (Neutral / Positive),Industrials,Industrials Entity: Strategic research partnership formed to drive clean energy innovation,
2026-06-20,Americas (including U.S.),Industrials / Manufacturing,Regulatory,Industrials,Industrials Entity: New carbon emission compliance laws impose cross-border export tariffs,
2026-06-20,Americas (including U.S.),Industrials / Manufacturing,Strategic,Industrials,Industrials Entity: Failed corporate acquisition leaves regional expansion strategy unclear,
2026-06-20,Americas (including U.S.),Technology,Operational,Technology,Technology Entity: Transit port congestion creates transit bottleneck for key component parts,
2026-06-20,Americas (including U.S.),Technology,Regulatory,Technology,Technology Entity: New carbon emission compliance laws impose cross-border export tariffs,
2026-06-20,Americas (including U.S.),Technology,General (Neutral / Positive),Technology,Technology Entity: Strategic research partnership formed to drive clean energy innovation,
2026-06-20,Americas (including U.S.),Technology,General (Neutral / Positive),Technology,Technology Entity: Strategic research partnership formed to drive clean energy innovation,
2026-06-20,Americas (including U.S.),Financials,General (Neutral / Positive),Financials,Financials Entity: Company announces expansion into automated production facilities,
2026-06-20,Americas (including U.S.),Financials,Strategic,Financials,Financials Entity: Delayed product transition threatens long-term sector competitiveness,
2026-06-20,Americas (including U.S.),Financials,General (Neutral / Positive),Financials,Financials Entity: Quarterly operational targets met amid steady international demand,
2026-06-20,Americas (including U.S.),Consumer & Retail,General (Neutral / Positive),Consumer,Consumer Entity: Quarterly operational targets met amid steady international demand,
2026-06-20,Americas (including U.S.),Consumer & Retail,Regulatory,Consumer,Consumer Entity: Strict data privacy enforcement imposes steep non-compliance penalties,
2026-06-20,Americas (including U.S.),Consumer & Retail,Regulatory,Consumer,Consumer Entity: Strict data privacy enforcement imposes steep non-compliance penalties,
2026-06-20,Americas (including U.S.),Consumer & Retail,Financial,Consumer,Consumer Entity: Debt service obligations squeeze net liquidity across corporate division,
2026-06-20,Americas (including U.S.),Energy & Raw Materials,Operational,Energy,Energy Entity: Transit port congestion creates transit bottleneck for key component parts,
2026-06-20,Americas (including U.S.),Energy & Raw Materials,Regulatory,Energy,Energy Entity: Strict data privacy enforcement imposes steep non-compliance penalties,
2026-06-20,Americas (including U.S.),Energy & Raw Materials,General (Neutral / Positive),Energy,Energy Entity: Company announces expansion into automated production facilities,
2026-06-20,Americas (including U.S.),Energy & Raw Materials,Regulatory,Energy,Energy Entity: Antitrust regulatory body opens inquiry into regional market practices,
2026-06-20,Europe (EMEA),Industrials / Manufacturing,General (Neutral / Positive),Industrials,Industrials Entity: Export volumes maintain stable baseline trajectory across key markets,
2026-06-20,Europe (EMEA),Industrials / Manufacturing,Regulatory,Industrials,Industrials Entity: Antitrust regulatory body opens inquiry into regional market practices,
2026-06-20,Europe (EMEA),Industrials / Manufacturing,Regulatory,Industrials,Industrials Entity: Bilateral trade restriction sanctions disrupt overseas supply channels,
2026-06-20,Europe (EMEA),Industrials / Manufacturing,Financial,Industrials,Industrials Entity: Revenue miss triggers stock price volatility and credit rating review,
2026-06-20,Europe (EMEA),Technology,Strategic,Technology,Technology Entity: Failed corporate acquisition leaves regional expansion strategy unclear,
2026-06-20,Europe (EMEA),Technology,Strategic,Technology,Technology Entity: Shifting consumer demand creates inventory obsolescence ahead of launch,
2026-06-20,Europe (EMEA),Financials,Regulatory,Financials,Financials Entity: Bilateral trade restriction sanctions disrupt overseas supply channels,
2026-06-20,Europe (EMEA),Financials,Financial,Financials,Financials Entity: Credit downgrade warning issued following quarterly margin compression,
2026-06-20,Europe (EMEA),Financials,Strategic,Financials,Financials Entity: Market share loss accelerates as low-cost competitors expand reach,
2026-06-20,Europe (EMEA),Financials,Strategic,Financials,Financials Entity: Market share loss accelerates as low-cost competitors expand reach,
2026-06-20,Europe (EMEA),Consumer & Retail,Operational,Consumer,Consumer Entity: Factory plant outage reported due to critical microchip supply delays,
2026-06-20,Europe (EMEA),Consumer & Retail,Operational,Consumer,Consumer Entity: Factory plant outage reported due to critical microchip supply delays,
2026-06-20,Europe (EMEA),Consumer & Retail,Financial,Consumer,Consumer Entity: Credit downgrade warning issued following quarterly margin compression,
2026-06-20,Europe (EMEA),Energy & Raw Materials,General (Neutral / Positive),Energy,Energy Entity: Export volumes maintain stable baseline trajectory across key markets,
2026-06-20,Europe (EMEA),Energy & Raw Materials,General (Neutral / Positive),Energy,Energy Entity: Company announces expansion into automated production facilities,
2026-06-20,Europe (EMEA),Energy & Raw Materials,Regulatory,Energy,Energy Entity: Antitrust regulatory body opens inquiry into regional market practices,
2026-06-20,Asia (APAC),Industrials / Manufacturing,General (Neutral / Positive),Industrials,Industrials Entity: Company announces expansion into automated production facilities,
2026-06-20,Asia (APAC),Industrials / Manufacturing,Strategic,Industrials,Industrials Entity: Market share loss accelerates as low-cost competitors expand reach,
2026-06-20,Asia (APAC),Industrials / Manufacturing,Regulatory,Industrials,Industrials Entity: New carbon emission compliance laws impose cross-border export tariffs,
2026-06-20,Asia (APAC),Technology,Operational,Technology,Technology Entity: Raw material shortage forces temporary reduction in production targets,
2026-06-20,Asia (APAC),Technology,Strategic,Technology,Technology Entity: Market share loss accelerates as low-cost competitors expand reach,
2026-06-20,Asia (APAC),Financials,Operational,Financials,Financials Entity: Transit port congestion creates transit bottleneck for key component parts,
2026-06-20,Asia (APAC),Financials,General (Neutral / Positive),Financials,Financials Entity: Strategic research partnership formed to drive clean energy innovation,
2026-06-20,Asia (APAC),Financials,Financial,Financials,Financials Entity: Revenue miss triggers stock price volatility and credit rating review,
2026-06-20,Asia (APAC),Consumer & Retail,General (Neutral / Positive),Consumer,Consumer Entity: Company announces expansion into automated production facilities,
2026-06-20,Asia (APAC),Consumer & Retail,Strategic,Consumer,Consumer Entity: Failed corporate acquisition leaves regional expansion strategy unclear,
2026-06-20,Asia (APAC),Consumer & Retail,Regulatory,Consumer,Consumer Entity: New carbon emission compliance laws impose cross-border export tariffs,
2026-06-20,Asia (APAC),Consumer & Retail,General (Neutral / Positive),Consumer,Consumer Entity: Quarterly operational targets met amid steady international demand,
2026-06-20,Asia (APAC),Energy & Raw Materials,Strategic,Energy,Energy Entity: Delayed product transition threatens long-term sector competitiveness,
2026-06-20,Asia (APAC),Energy & Raw Materials,Operational,Energy,Energy Entity: Factory plant outage reported due to critical microchip supply delays,
2026-06-20,Asia (APAC),Energy & Raw Materials,Strategic,Energy,Energy Entity: Market share loss accelerates as low-cost competitors expand reach,
2026-06-27,Global,Industrials / Manufacturing,Strategic,Industrials,Industrials Entity: Delayed product transition threatens long-term sector competitiveness,
2026-06-27,Global,Industrials / Manufacturing,Regulatory,Industrials,Industrials Entity: Strict data privacy enforcement imposes steep non-compliance penalties,
2026-06-27,Global,Industrials / Manufacturing,General (Neutral / Positive),Industrials,Industrials Entity: Company announces expansion into automated production facilities,
2026-06-27,Global,Industrials / Manufacturing,Strategic,Industrials,Industrials Entity: Failed corporate acquisition leaves regional expansion strategy unclear,
2026-06-27,Global,Technology,General (Neutral / Positive),Technology,Technology Entity: Quarterly operational targets met amid steady international demand,
2026-06-27,Global,Technology,Strategic,Technology,Technology Entity: Shifting consumer demand creates inventory obsolescence ahead of launch,
2026-06-27,Global,Technology,General (Neutral / Positive),Technology,Technology Entity: Quarterly operational targets met amid steady international demand,
2026-06-27,Global,Technology,General (Neutral / Positive),Technology,Technology Entity: Quarterly operational targets met amid steady international demand,
2026-06-27,Global,Financials,General (Neutral / Positive),Financials,Financials Entity: Company announces expansion into automated production facilities,
2026-06-27,Global,Financials,Financial,Financials,Financials Entity: Debt service obligations squeeze net liquidity across corporate division,
2026-06-27,Global,Consumer & Retail,General (Neutral / Positive),Consumer,Consumer Entity: Quarterly operational targets met amid steady international demand,
2026-06-27,Global,Consumer & Retail,Regulatory,Consumer,Consumer Entity: Bilateral trade restriction sanctions disrupt overseas supply channels,
2026-06-27,Global,Consumer & Retail,Strategic,Consumer,Consumer Entity: Shifting consumer demand creates inventory obsolescence ahead of launch,
2026-06-27,Global,Energy & Raw Materials,General (Neutral / Positive),Energy,Energy Entity: Strategic research partnership formed to drive clean energy innovation,
2026-06-27,Global,Energy & Raw Materials,Financial,Energy,Energy Entity: Debt service obligations squeeze net liquidity across corporate division,
2026-06-27,Global,Energy & Raw Materials,Operational,Energy,Energy Entity: Transit port congestion creates transit bottleneck for key component parts,
2026-06-27,Global,Energy & Raw Materials,Financial,Energy,Energy Entity: Inflationary cost pressures reduce operational cash flow estimates,
2026-06-27,Americas (including U.S.),Industrials / Manufacturing,Financial,Industrials,Industrials Entity: Inflationary cost pressures reduce operational cash flow estimates,
2026-06-27,Americas (including U.S.),Industrials / Manufacturing,General (Neutral / Positive),Industrials,Industrials Entity: Strategic research partnership formed to drive clean energy innovation,
2026-06-27,Americas (including U.S.),Industrials / Manufacturing,General (Neutral / Positive),Industrials,Industrials Entity: Export volumes maintain stable baseline trajectory across key markets,
2026-06-27,Americas (including U.S.),Industrials / Manufacturing,Regulatory,Industrials,Industrials Entity: Strict data privacy enforcement imposes steep non-compliance penalties,
2026-06-27,Americas (including U.S.),Technology,Regulatory,Technology,Technology Entity: New carbon emission compliance laws impose cross-border export tariffs,
2026-06-27,Americas (including U.S.),Technology,General (Neutral / Positive),Technology,Technology Entity: Quarterly operational targets met amid steady international demand,
2026-06-27,Americas (including U.S.),Technology,Strategic,Technology,Technology Entity: Delayed product transition threatens long-term sector competitiveness,
2026-06-27,Americas (including U.S.),Financials,Operational,Financials,Financials Entity: Raw material shortage forces temporary reduction in production targets,
2026-06-27,Americas (including U.S.),Financials,Financial,Financials,Financials Entity: Debt service obligations squeeze net liquidity across corporate division,
2026-06-27,Americas (including U.S.),Consumer & Retail,Strategic,Consumer,Consumer Entity: Market share loss accelerates as low-cost competitors expand reach,
2026-06-27,Americas (including U.S.),Consumer & Retail,General (Neutral / Positive),Consumer,Consumer Entity: Quarterly operational targets met amid steady international demand,
2026-06-27,Americas (including U.S.),Energy & Raw Materials,Operational,Energy,Energy Entity: Labor union strike halts manufacturing assembly lines across region,
2026-06-27,Americas (including U.S.),Energy & Raw Materials,General (Neutral / Positive),Energy,Energy Entity: Strategic research partnership formed to drive clean energy innovation,
2026-06-27,Americas (including U.S.),Energy & Raw Materials,General (Neutral / Positive),Energy,Energy Entity: Quarterly operational targets met amid steady international demand,
2026-06-27,Europe (EMEA),Industrials / Manufacturing,Regulatory,Industrials,Industrials Entity: Antitrust regulatory body opens inquiry into regional market practices,
2026-06-27,Europe (EMEA),Industrials / Manufacturing,General (Neutral / Positive),Industrials,Industrials Entity: Quarterly operational targets met amid steady international demand,
2026-06-27,Europe (EMEA),Industrials / Manufacturing,Financial,Industrials,Industrials Entity: Inflationary cost pressures reduce operational cash flow estimates,
2026-06-27,Europe (EMEA),Technology,Financial,Technology,Technology Entity: Inflationary cost pressures reduce operational cash flow estimates,
2026-06-27,Europe (EMEA),Technology,General (Neutral / Positive),Technology,Technology Entity: Quarterly operational targets met amid steady international demand,
2026-06-27,Europe (EMEA),Technology,Strategic,Technology,Technology Entity: Shifting consumer demand creates inventory obsolescence ahead of launch,
2026-06-27,Europe (EMEA),Financials,Regulatory,Financials,Financials Entity: Bilateral trade restriction sanctions disrupt overseas supply channels,
2026-06-27,Europe (EMEA),Financials,Strategic,Financials,Financials Entity: Failed corporate acquisition leaves regional expansion strategy unclear,
2026-06-27,Europe (EMEA),Financials,General (Neutral / Positive),Financials,Financials Entity: Company announces expansion into automated production facilities,
2026-06-27,Europe (EMEA),Financials,General (Neutral / Positive),Financials,Financials Entity: Strategic research partnership formed to drive clean energy innovation,
2026-06-27,Europe (EMEA),Consumer & Retail,Operational,Consumer,Consumer Entity: Raw material shortage forces temporary reduction in production targets,
2026-06-27,Europe (EMEA),Consumer & Retail,General (Neutral / Positive),Consumer,Consumer Entity: Company announces expansion into automated production facilities,
2026-06-27,Europe (EMEA),Energy & Raw Materials,General (Neutral / Positive),Energy,Energy Entity: Company announces expansion into automated production facilities,
2026-06-27,Europe (EMEA),Energy & Raw Materials,General (Neutral / Positive),Energy,Energy Entity: Company announces expansion into automated production facilities,
2026-06-27,Europe (EMEA),Energy & Raw Materials,Operational,Energy,Energy Entity: Transit port congestion creates transit bottleneck for key component parts,
2026-06-27,Europe (EMEA),Energy & Raw Materials,Financial,Energy,Energy Entity: Credit downgrade warning issued following quarterly margin compression,
2026-06-27,Asia (APAC),Industrials / Manufacturing,Regulatory,Industrials,Industrials Entity: Strict data privacy enforcement imposes steep non-compliance penalties,
2026-06-27,Asia (APAC),Industrials / Manufacturing,General (Neutral / Positive),Industrials,Industrials Entity: Company announces expansion into automated production facilities,
2026-06-27,Asia (APAC),Technology,Strategic,Technology,Technology Entity: Failed corporate acquisition leaves regional expansion strategy unclear,
2026-06-27,Asia (APAC),Technology,General (Neutral / Positive),Technology,Technology Entity: Export volumes maintain stable baseline trajectory across key markets,
2026-06-27,Asia (APAC),Technology,Operational,Technology,Technology Entity: Labor union strike halts manufacturing assembly lines across region,
2026-06-27,Asia (APAC),Technology,Operational,Technology,Technology Entity: Factory plant outage reported due to critical microchip supply delays,
2026-06-27,Asia (APAC),Financials,General (Neutral / Positive),Financials,Financials Entity: Company announces expansion into automated production facilities,
2026-06-27,Asia (APAC),Financials,General (Neutral / Positive),Financials,Financials Entity: Strategic research partnership formed to drive clean energy innovation,
2026-06-27,Asia (APAC),Financials,Regulatory,Financials,Financials Entity: Strict data privacy enforcement imposes steep non-compliance penalties,
2026-06-27,Asia (APAC),Consumer & Retail,General (Neutral / Positive),Consumer,Consumer Entity: Company announces expansion into automated production facilities,
2026-06-27,Asia (APAC),Consumer & Retail,General (Neutral / Positive),Consumer,Consumer Entity: Company announces expansion into automated production facilities,
2026-06-27,Asia (APAC),Consumer & Retail,General (Neutral / Positive),Consumer,Consumer Entity: Export volumes maintain stable baseline trajectory across key markets,
2026-06-27,Asia (APAC),Consumer & Retail,Regulatory,Consumer,Consumer Entity: Bilateral trade restriction sanctions disrupt overseas supply channels,
2026-06-27,Asia (APAC),Energy & Raw Materials,Financial,Energy,Energy Entity: Debt service obligations squeeze net liquidity across corporate division,
2026-06-27,Asia (APAC),Energy & Raw Materials,Regulatory,Energy,Energy Entity: Strict data privacy enforcement imposes steep non-compliance penalties,
2026-06-27,Asia (APAC),Energy & Raw Materials,Strategic,Energy,Energy Entity: Failed corporate acquisition leaves regional expansion strategy unclear,
2026-07-04,Global,Industrials / Manufacturing,Financial,Industrials,Industrials Entity: Inflationary cost pressures reduce operational cash flow estimates,
2026-07-04,Global,Industrials / Manufacturing,Regulatory,Industrials,Industrials Entity: Strict data privacy enforcement imposes steep non-compliance penalties,
2026-07-04,Global,Industrials / Manufacturing,Operational,Industrials,Industrials Entity: Raw material shortage forces temporary reduction in production targets,
2026-07-04,Global,Industrials / Manufacturing,Regulatory,Industrials,Industrials Entity: Antitrust regulatory body opens inquiry into regional market practices,
2026-07-04,Global,Technology,General (Neutral / Positive),Technology,Technology Entity: Export volumes maintain stable baseline trajectory across key markets,
2026-07-04,Global,Technology,General (Neutral / Positive),Technology,Technology Entity: Quarterly operational targets met amid steady international demand,
2026-07-04,Global,Financials,General (Neutral / Positive),Financials,Financials Entity: Quarterly operational targets met amid steady international demand,
2026-07-04,Global,Financials,General (Neutral / Positive),Financials,Financials Entity: Quarterly operational targets met amid steady international demand,
2026-07-04,Global,Consumer & Retail,Financial,Consumer,Consumer Entity: Debt service obligations squeeze net liquidity across corporate division,
2026-07-04,Global,Consumer & Retail,General (Neutral / Positive),Consumer,Consumer Entity: Export volumes maintain stable baseline trajectory across key markets,
2026-07-04,Global,Energy & Raw Materials,Regulatory,Energy,Energy Entity: New carbon emission compliance laws impose cross-border export tariffs,
2026-07-04,Global,Energy & Raw Materials,General (Neutral / Positive),Energy,Energy Entity: Quarterly operational targets met amid steady international demand,
2026-07-04,Global,Energy & Raw Materials,Financial,Energy,Energy Entity: Inflationary cost pressures reduce operational cash flow estimates,
2026-07-04,Global,Energy & Raw Materials,Strategic,Energy,Energy Entity: Delayed product transition threatens long-term sector competitiveness,
2026-07-04,Americas (including U.S.),Industrials / Manufacturing,Financial,Industrials,Industrials Entity: Debt service obligations squeeze net liquidity across corporate division,
2026-07-04,Americas (including U.S.),Industrials / Manufacturing,Regulatory,Industrials,Industrials Entity: Antitrust regulatory body opens inquiry into regional market practices,
2026-07-04,Americas (including U.S.),Industrials / Manufacturing,Financial,Industrials,Industrials Entity: Revenue miss triggers stock price volatility and credit rating review,
2026-07-04,Americas (including U.S.),Industrials / Manufacturing,Financial,Industrials,Industrials Entity: Inflationary cost pressures reduce operational cash flow estimates,
2026-07-04,Americas (including U.S.),Technology,Regulatory,Technology,Technology Entity: New carbon emission compliance laws impose cross-border export tariffs,
2026-07-04,Americas (including U.S.),Technology,Operational,Technology,Technology Entity: Labor union strike halts manufacturing assembly lines across region,
2026-07-04,Americas (including U.S.),Financials,Strategic,Financials,Financials Entity: Shifting consumer demand creates inventory obsolescence ahead of launch,
2026-07-04,Americas (including U.S.),Financials,General (Neutral / Positive),Financials,Financials Entity: Export volumes maintain stable baseline trajectory across key markets,
2026-07-04,Americas (including U.S.),Consumer & Retail,Operational,Consumer,Consumer Entity: Transit port congestion creates transit bottleneck for key component parts,
2026-07-04,Americas (including U.S.),Consumer & Retail,General (Neutral / Positive),Consumer,Consumer Entity: Quarterly operational targets met amid steady international demand,
2026-07-04,Americas (including U.S.),Consumer & Retail,Financial,Consumer,Consumer Entity: Debt service obligations squeeze net liquidity across corporate division,
2026-07-04,Americas (including U.S.),Energy & Raw Materials,Financial,Energy,Energy Entity: Debt service obligations squeeze net liquidity across corporate division,
2026-07-04,Americas (including U.S.),Energy & Raw Materials,Strategic,Energy,Energy Entity: Shifting consumer demand creates inventory obsolescence ahead of launch,
2026-07-04,Europe (EMEA),Industrials / Manufacturing,Strategic,Industrials,Industrials Entity: Failed corporate acquisition leaves regional expansion strategy unclear,
2026-07-04,Europe (EMEA),Industrials / Manufacturing,Financial,Industrials,Industrials Entity: Inflationary cost pressures reduce operational cash flow estimates,
2026-07-04,Europe (EMEA),Industrials / Manufacturing,General (Neutral / Positive),Industrials,Industrials Entity: Quarterly operational targets met amid steady international demand,
2026-07-04,Europe (EMEA),Technology,Financial,Technology,Technology Entity: Credit downgrade warning issued following quarterly margin compression,
2026-07-04,Europe (EMEA),Technology,Financial,Technology,Technology Entity: Revenue miss triggers stock price volatility and credit rating review,
2026-07-04,Europe (EMEA),Technology,General (Neutral / Positive),Technology,Technology Entity: Company announces expansion into automated production facilities,
2026-07-04,Europe (EMEA),Financials,General (Neutral / Positive),Financials,Financials Entity: Quarterly operational targets met amid steady international demand,
2026-07-04,Europe (EMEA),Financials,Strategic,Financials,Financials Entity: Market share loss accelerates as low-cost competitors expand reach,
2026-07-04,Europe (EMEA),Financials,General (Neutral / Positive),Financials,Financials Entity: Company announces expansion into automated production facilities,
2026-07-04,Europe (EMEA),Consumer & Retail,Strategic,Consumer,Consumer Entity: Market share loss accelerates as low-cost competitors expand reach,
2026-07-04,Europe (EMEA),Consumer & Retail,General (Neutral / Positive),Consumer,Consumer Entity: Quarterly operational targets met amid steady international demand,
2026-07-04,Europe (EMEA),Consumer & Retail,Regulatory,Consumer,Consumer Entity: New carbon emission compliance laws impose cross-border export tariffs,
2026-07-04,Europe (EMEA),Energy & Raw Materials,Operational,Energy,Energy Entity: Factory plant outage reported due to critical microchip supply delays,
2026-07-04,Europe (EMEA),Energy & Raw Materials,Operational,Energy,Energy Entity: Labor union strike halts manufacturing assembly lines across region,
2026-07-04,Europe (EMEA),Energy & Raw Materials,General (Neutral / Positive),Energy,Energy Entity: Quarterly operational targets met amid steady international demand,
2026-07-04,Europe (EMEA),Energy & Raw Materials,Regulatory,Energy,Energy Entity: Bilateral trade restriction sanctions disrupt overseas supply channels,
2026-07-04,Asia (APAC),Industrials / Manufacturing,Operational,Industrials,Industrials Entity: Factory plant outage reported due to critical microchip supply delays,
2026-07-04,Asia (APAC),Industrials / Manufacturing,Financial,Industrials,Industrials Entity: Debt service obligations squeeze net liquidity across corporate division,
2026-07-04,Asia (APAC),Industrials / Manufacturing,Financial,Industrials,Industrials Entity: Inflationary cost pressures reduce operational cash flow estimates,
2026-07-04,Asia (APAC),Industrials / Manufacturing,Operational,Industrials,Industrials Entity: Raw material shortage forces temporary reduction in production targets,
2026-07-04,Asia (APAC),Technology,Operational,Technology,Technology Entity: Transit port congestion creates transit bottleneck for key component parts,
2026-07-04,Asia (APAC),Technology,Operational,Technology,Technology Entity: Factory plant outage reported due to critical microchip supply delays,
2026-07-04,Asia (APAC),Financials,General (Neutral / Positive),Financials,Financials Entity: Strategic research partnership formed to drive clean energy innovation,
2026-07-04,Asia (APAC),Financials,Financial,Financials,Financials Entity: Revenue miss triggers stock price volatility and credit rating review,
2026-07-04,Asia (APAC),Financials,Financial,Financials,Financials Entity: Revenue miss triggers stock price volatility and credit rating review,
2026-07-04,Asia (APAC),Financials,General (Neutral / Positive),Financials,Financials Entity: Quarterly operational targets met amid steady international demand,
2026-07-04,Asia (APAC),Consumer & Retail,General (Neutral / Positive),Consumer,Consumer Entity: Export volumes maintain stable baseline trajectory across key markets,
2026-07-04,Asia (APAC),Consumer & Retail,Financial,Consumer,Consumer Entity: Credit downgrade warning issued following quarterly margin compression,
2026-07-04,Asia (APAC),Energy & Raw Materials,General (Neutral / Positive),Energy,Energy Entity: Export volumes maintain stable baseline trajectory across key markets,
2026-07-04,Asia (APAC),Energy & Raw Materials,Strategic,Energy,Energy Entity: Failed corporate acquisition leaves regional expansion strategy unclear,
2026-07-04,Asia (APAC),Energy & Raw Materials,Regulatory,Energy,Energy Entity: Strict data privacy enforcement imposes steep non-compliance penalties,
2026-07-04,Asia (APAC),Energy & Raw Materials,General (Neutral / Positive),Energy,Energy Entity: Strategic research partnership formed to drive clean energy innovation,
2026-07-11,Global,Industrials / Manufacturing,Regulatory,Industrials,Industrials Entity: Bilateral trade restriction sanctions disrupt overseas supply channels,
2026-07-11,Global,Industrials / Manufacturing,General (Neutral / Positive),Industrials,Industrials Entity: Company announces expansion into automated production facilities,
2026-07-11,Global,Technology,Financial,Technology,Technology Entity: Debt service obligations squeeze net liquidity across corporate division,
2026-07-11,Global,Technology,General (Neutral / Positive),Technology,Technology Entity: Export volumes maintain stable baseline trajectory across key markets,
2026-07-11,Global,Financials,General (Neutral / Positive),Financials,Financials Entity: Export volumes maintain stable baseline trajectory across key markets,
2026-07-11,Global,Financials,General (Neutral / Positive),Financials,Financials Entity: Strategic research partnership formed to drive clean energy innovation,
2026-07-11,Global,Financials,General (Neutral / Positive),Financials,Financials Entity: Export volumes maintain stable baseline trajectory across key markets,
2026-07-11,Global,Financials,General (Neutral / Positive),Financials,Financials Entity: Company announces expansion into automated production facilities,
2026-07-11,Global,Consumer & Retail,General (Neutral / Positive),Consumer,Consumer Entity: Company announces expansion into automated production facilities,
2026-07-11,Global,Consumer & Retail,Financial,Consumer,Consumer Entity: Credit downgrade warning issued following quarterly margin compression,
2026-07-11,Global,Consumer & Retail,Regulatory,Consumer,Consumer Entity: New carbon emission compliance laws impose cross-border export tariffs,
2026-07-11,Global,Consumer & Retail,Financial,Consumer,Consumer Entity: Revenue miss triggers stock price volatility and credit rating review,
2026-07-11,Global,Energy & Raw Materials,Operational,Energy,Energy Entity: Labor union strike halts manufacturing assembly lines across region,
2026-07-11,Global,Energy & Raw Materials,General (Neutral / Positive),Energy,Energy Entity: Quarterly operational targets met amid steady international demand,
2026-07-11,Global,Energy & Raw Materials,General (Neutral / Positive),Energy,Energy Entity: Export volumes maintain stable baseline trajectory across key markets,
2026-07-11,Global,Energy & Raw Materials,General (Neutral / Positive),Energy,Energy Entity: Strategic research partnership formed to drive clean energy innovation,
2026-07-11,Americas (including U.S.),Industrials / Manufacturing,Strategic,Industrials,Industrials Entity: Shifting consumer demand creates inventory obsolescence ahead of launch,
2026-07-11,Americas (including U.S.),Industrials / Manufacturing,Strategic,Industrials,Industrials Entity: Market share loss accelerates as low-cost competitors expand reach,
2026-07-11,Americas (including U.S.),Technology,Financial,Technology,Technology Entity: Inflationary cost pressures reduce operational cash flow estimates,
2026-07-11,Americas (including U.S.),Technology,Strategic,Technology,Technology Entity: Shifting consumer demand creates inventory obsolescence ahead of launch,
2026-07-11,Americas (including U.S.),Financials,General (Neutral / Positive),Financials,Financials Entity: Strategic research partnership formed to drive clean energy innovation,
2026-07-11,Americas (including U.S.),Financials,Financial,Financials,Financials Entity: Debt service obligations squeeze net liquidity across corporate division,
2026-07-11,Americas (including U.S.),Financials,Operational,Financials,Financials Entity: Labor union strike halts manufacturing assembly lines across region,
2026-07-11,Americas (including U.S.),Consumer & Retail,Regulatory,Consumer,Consumer Entity: Antitrust regulatory body opens inquiry into regional market practices,
2026-07-11,Americas (including U.S.),Consumer & Retail,Strategic,Consumer,Consumer Entity: Delayed product transition threatens long-term sector competitiveness,
2026-07-11,Americas (including U.S.),Consumer & Retail,Strategic,Consumer,Consumer Entity: Market share loss accelerates as low-cost competitors expand reach,
2026-07-11,Americas (including U.S.),Energy & Raw Materials,Operational,Energy,Energy Entity: Factory plant outage reported due to critical microchip supply delays,
2026-07-11,Americas (including U.S.),Energy & Raw Materials,General (Neutral / Positive),Energy,Energy Entity: Export volumes maintain stable baseline trajectory across key markets,
2026-07-11,Europe (EMEA),Industrials / Manufacturing,Operational,Industrials,Industrials Entity: Factory plant outage reported due to critical microchip supply delays,
2026-07-11,Europe (EMEA),Industrials / Manufacturing,Operational,Industrials,Industrials Entity: Labor union strike halts manufacturing assembly lines across region,
2026-07-11,Europe (EMEA),Industrials / Manufacturing,Financial,Industrials,Industrials Entity: Revenue miss triggers stock price volatility and credit rating review,
2026-07-11,Europe (EMEA),Industrials / Manufacturing,Operational,Industrials,Industrials Entity: Transit port congestion creates transit bottleneck for key component parts,
2026-07-11,Europe (EMEA),Technology,General (Neutral / Positive),Technology,Technology Entity: Quarterly operational targets met amid steady international demand,
2026-07-11,Europe (EMEA),Technology,Financial,Technology,Technology Entity: Inflationary cost pressures reduce operational cash flow estimates,
2026-07-11,Europe (EMEA),Technology,General (Neutral / Positive),Technology,Technology Entity: Export volumes maintain stable baseline trajectory across key markets,
2026-07-11,Europe (EMEA),Financials,General (Neutral / Positive),Financials,Financials Entity: Strategic research partnership formed to drive clean energy innovation,
2026-07-11,Europe (EMEA),Financials,General (Neutral / Positive),Financials,Financials Entity: Company announces expansion into automated production facilities,
2026-07-11,Europe (EMEA),Financials,Operational,Financials,Financials Entity: Labor union strike halts manufacturing assembly lines across region,
2026-07-11,Europe (EMEA),Consumer & Retail,Operational,Consumer,Consumer Entity: Labor union strike halts manufacturing assembly lines across region,
2026-07-11,Europe (EMEA),Consumer & Retail,Operational,Consumer,Consumer Entity: Transit port congestion creates transit bottleneck for key component parts,
2026-07-11,Europe (EMEA),Consumer & Retail,Strategic,Consumer,Consumer Entity: Market share loss accelerates as low-cost competitors expand reach,
2026-07-11,Europe (EMEA),Energy & Raw Materials,Strategic,Energy,Energy Entity: Failed corporate acquisition leaves regional expansion strategy unclear,
2026-07-11,Europe (EMEA),Energy & Raw Materials,Operational,Energy,Energy Entity: Raw material shortage forces temporary reduction in production targets,
2026-07-11,Europe (EMEA),Energy & Raw Materials,Financial,Energy,Energy Entity: Credit downgrade warning issued following quarterly margin compression,
2026-07-11,Europe (EMEA),Energy & Raw Materials,Operational,Energy,Energy Entity: Factory plant outage reported due to critical microchip supply delays,
2026-07-11,Asia (APAC),Industrials / Manufacturing,General (Neutral / Positive),Industrials,Industrials Entity: Company announces expansion into automated production facilities,
2026-07-11,Asia (APAC),Industrials / Manufacturing,Strategic,Industrials,Industrials Entity: Failed corporate acquisition leaves regional expansion strategy unclear,
2026-07-11,Asia (APAC),Industrials / Manufacturing,General (Neutral / Positive),Industrials,Industrials Entity: Quarterly operational targets met amid steady international demand,
2026-07-11,Asia (APAC),Industrials / Manufacturing,General (Neutral / Positive),Industrials,Industrials Entity: Strategic research partnership formed to drive clean energy innovation,
2026-07-11,Asia (APAC),Technology,Regulatory,Technology,Technology Entity: Antitrust regulatory body opens inquiry into regional market practices,
2026-07-11,Asia (APAC),Technology,General (Neutral / Positive),Technology,Technology Entity: Export volumes maintain stable baseline trajectory across key markets,
2026-07-11,Asia (APAC),Technology,General (Neutral / Positive),Technology,Technology Entity: Company announces expansion into automated production facilities,
2026-07-11,Asia (APAC),Financials,Operational,Financials,Financials Entity: Factory plant outage reported due to critical microchip supply delays,
2026-07-11,Asia (APAC),Financials,General (Neutral / Positive),Financials,Financials Entity: Strategic research partnership formed to drive clean energy innovation,
2026-07-11,Asia (APAC),Financials,General (Neutral / Positive),Financials,Financials Entity: Strategic research partnership formed to drive clean energy innovation,
2026-07-11,Asia (APAC),Financials,Strategic,Financials,Financials Entity: Shifting consumer demand creates inventory obsolescence ahead of launch,
2026-07-11,Asia (APAC),Consumer & Retail,Regulatory,Consumer,Consumer Entity: Bilateral trade restriction sanctions disrupt overseas supply channels,
2026-07-11,Asia (APAC),Consumer & Retail,General (Neutral / Positive),Consumer,Consumer Entity: Export volumes maintain stable baseline trajectory across key markets,
2026-07-11,Asia (APAC),Consumer & Retail,Strategic,Consumer,Consumer Entity: Market share loss accelerates as low-cost competitors expand reach,
2026-07-11,Asia (APAC),Consumer & Retail,General (Neutral / Positive),Consumer,Consumer Entity: Strategic research partnership formed to drive clean energy innovation,
2026-07-11,Asia (APAC),Energy & Raw Materials,Regulatory,Energy,Energy Entity: Strict data privacy enforcement imposes steep non-compliance penalties,
2026-07-11,Asia (APAC),Energy & Raw Materials,Operational,Energy,Energy Entity: Transit port congestion creates transit bottleneck for key component parts,
2026-07-11,Asia (APAC),Energy & Raw Materials,General (Neutral / Positive),Energy,Energy Entity: Quarterly operational targets met amid steady international demand,
2026-07-11,Asia (APAC),Energy & Raw Materials,General (Neutral / Positive),Energy,Energy Entity: Quarterly operational targets met amid steady international demand,
2026-07-18,Global,Industrials / Manufacturing,General (Neutral / Positive),Industrials,Industrials Entity: Export volumes maintain stable baseline trajectory across key markets,
2026-07-18,Global,Industrials / Manufacturing,Financial,Industrials,Industrials Entity: Revenue miss triggers stock price volatility and credit rating review,
2026-07-18,Global,Technology,Strategic,Technology,Technology Entity: Failed corporate acquisition leaves regional expansion strategy unclear,
2026-07-18,Global,Technology,General (Neutral / Positive),Technology,Technology Entity: Quarterly operational targets met amid steady international demand,
2026-07-18,Global,Financials,Operational,Financials,Financials Entity: Raw material shortage forces temporary reduction in production targets,
2026-07-18,Global,Financials,Financial,Financials,Financials Entity: Inflationary cost pressures reduce operational cash flow estimates,
2026-07-18,Global,Financials,Strategic,Financials,Financials Entity: Market share loss accelerates as low-cost competitors expand reach,
2026-07-18,Global,Financials,Operational,Financials,Financials Entity: Transit port congestion creates transit bottleneck for key component parts,
2026-07-18,Global,Consumer & Retail,General (Neutral / Positive),Consumer,Consumer Entity: Quarterly operational targets met amid steady international demand,
2026-07-18,Global,Consumer & Retail,General (Neutral / Positive),Consumer,Consumer Entity: Quarterly operational targets met amid steady international demand,
2026-07-18,Global,Energy & Raw Materials,Regulatory,Energy,Energy Entity: Strict data privacy enforcement imposes steep non-compliance penalties,
2026-07-18,Global,Energy & Raw Materials,General (Neutral / Positive),Energy,Energy Entity: Company announces expansion into automated production facilities,
2026-07-18,Global,Energy & Raw Materials,Operational,Energy,Energy Entity: Factory plant outage reported due to critical microchip supply delays,
2026-07-18,Americas (including U.S.),Industrials / Manufacturing,Strategic,Industrials,Industrials Entity: Delayed product transition threatens long-term sector competitiveness,
2026-07-18,Americas (including U.S.),Industrials / Manufacturing,General (Neutral / Positive),Industrials,Industrials Entity: Strategic research partnership formed to drive clean energy innovation,
2026-07-18,Americas (including U.S.),Technology,Regulatory,Technology,Technology Entity: New carbon emission compliance laws impose cross-border export tariffs,
2026-07-18,Americas (including U.S.),Technology,Operational,Technology,Technology Entity: Factory plant outage reported due to critical microchip supply delays,
2026-07-18,Americas (including U.S.),Technology,Regulatory,Technology,Technology Entity: Antitrust regulatory body opens inquiry into regional market practices,
2026-07-18,Americas (including U.S.),Financials,Strategic,Financials,Financials Entity: Shifting consumer demand creates inventory obsolescence ahead of launch,
2026-07-18,Americas (including U.S.),Financials,Financial,Financials,Financials Entity: Inflationary cost pressures reduce operational cash flow estimates,
2026-07-18,Americas (including U.S.),Financials,Financial,Financials,Financials Entity: Credit downgrade warning issued following quarterly margin compression,
2026-07-18,Americas (including U.S.),Consumer & Retail,General (Neutral / Positive),Consumer,Consumer Entity: Quarterly operational targets met amid steady international demand,
2026-07-18,Americas (including U.S.),Consumer & Retail,Financial,Consumer,Consumer Entity: Credit downgrade warning issued following quarterly margin compression,
2026-07-18,Americas (including U.S.),Consumer & Retail,Financial,Consumer,Consumer Entity: Debt service obligations squeeze net liquidity across corporate division,
2026-07-18,Americas (including U.S.),Consumer & Retail,Financial,Consumer,Consumer Entity: Revenue miss triggers stock price volatility and credit rating review,
2026-07-18,Americas (including U.S.),Energy & Raw Materials,General (Neutral / Positive),Energy,Energy Entity: Strategic research partnership formed to drive clean energy innovation,
2026-07-18,Americas (including U.S.),Energy & Raw Materials,Financial,Energy,Energy Entity: Inflationary cost pressures reduce operational cash flow estimates,
2026-07-18,Europe (EMEA),Industrials / Manufacturing,Financial,Industrials,Industrials Entity: Debt service obligations squeeze net liquidity across corporate division,
2026-07-18,Europe (EMEA),Industrials / Manufacturing,General (Neutral / Positive),Industrials,Industrials Entity: Quarterly operational targets met amid steady international demand,
2026-07-18,Europe (EMEA),Industrials / Manufacturing,Strategic,Industrials,Industrials Entity: Market share loss accelerates as low-cost competitors expand reach,
2026-07-18,Europe (EMEA),Technology,Operational,Technology,Technology Entity: Labor union strike halts manufacturing assembly lines across region,
2026-07-18,Europe (EMEA),Technology,General (Neutral / Positive),Technology,Technology Entity: Company announces expansion into automated production facilities,
2026-07-18,Europe (EMEA),Technology,General (Neutral / Positive),Technology,Technology Entity: Strategic research partnership formed to drive clean energy innovation,
2026-07-18,Europe (EMEA),Financials,General (Neutral / Positive),Financials,Financials Entity: Export volumes maintain stable baseline trajectory across key markets,
2026-07-18,Europe (EMEA),Financials,General (Neutral / Positive),Financials,Financials Entity: Strategic research partnership formed to drive clean energy innovation,
2026-07-18,Europe (EMEA),Consumer & Retail,Operational,Consumer,Consumer Entity: Raw material shortage forces temporary reduction in production targets,
2026-07-18,Europe (EMEA),Consumer & Retail,Operational,Consumer,Consumer Entity: Factory plant outage reported due to critical microchip supply delays,
2026-07-18,Europe (EMEA),Consumer & Retail,Regulatory,Consumer,Consumer Entity: Antitrust regulatory body opens inquiry into regional market practices,
2026-07-18,Europe (EMEA),Energy & Raw Materials,Operational,Energy,Energy Entity: Raw material shortage forces temporary reduction in production targets,
2026-07-18,Europe (EMEA),Energy & Raw Materials,General (Neutral / Positive),Energy,Energy Entity: Company announces expansion into automated production facilities,
2026-07-18,Asia (APAC),Industrials / Manufacturing,General (Neutral / Positive),Industrials,Industrials Entity: Strategic research partnership formed to drive clean energy innovation,
2026-07-18,Asia (APAC),Industrials / Manufacturing,Financial,Industrials,Industrials Entity: Revenue miss triggers stock price volatility and credit rating review,
2026-07-18,Asia (APAC),Industrials / Manufacturing,General (Neutral / Positive),Industrials,Industrials Entity: Company announces expansion into automated production facilities,
2026-07-18,Asia (APAC),Industrials / Manufacturing,Regulatory,Industrials,Industrials Entity: Bilateral trade restriction sanctions disrupt overseas supply channels,
2026-07-18,Asia (APAC),Technology,General (Neutral / Positive),Technology,Technology Entity: Export volumes maintain stable baseline trajectory across key markets,
2026-07-18,Asia (APAC),Technology,General (Neutral / Positive),Technology,Technology Entity: Strategic research partnership formed to drive clean energy innovation,
2026-07-18,Asia (APAC),Financials,Strategic,Financials,Financials Entity: Market share loss accelerates as low-cost competitors expand reach,
2026-07-18,Asia (APAC),Financials,Strategic,Financials,Financials Entity: Market share loss accelerates as low-cost competitors expand reach,
2026-07-18,Asia (APAC),Financials,Financial,Financials,Financials Entity: Debt service obligations squeeze net liquidity across corporate division,
2026-07-18,Asia (APAC),Consumer & Retail,General (Neutral / Positive),Consumer,Consumer Entity: Strategic research partnership formed to drive clean energy innovation,
2026-07-18,Asia (APAC),Consumer & Retail,Regulatory,Consumer,Consumer Entity: Antitrust regulatory body opens inquiry into regional market practices,
2026-07-18,Asia (APAC),Consumer & Retail,General (Neutral / Positive),Consumer,Consumer Entity: Export volumes maintain stable baseline trajectory across key markets,
2026-07-18,Asia (APAC),Consumer & Retail,General (Neutral / Positive),Consumer,Consumer Entity: Strategic research partnership formed to drive clean energy innovation,
2026-07-18,Asia (APAC),Energy & Raw Materials,Regulatory,Energy,Energy Entity: Antitrust regulatory body opens inquiry into regional market practices,
2026-07-18,Asia (APAC),Energy & Raw Materials,General (Neutral / Positive),Energy,Energy Entity: Company announces expansion into automated production facilities,
2026-07-18,Asia (APAC),Energy & Raw Materials,Operational,Energy,Energy Entity: Transit port congestion creates transit bottleneck for key component parts,
2026-07-18,Asia (APAC),Energy & Raw Materials,Operational,Energy,Energy Entity: Labor union strike halts manufacturing assembly lines across region,
2026-07-25,Global,Industrials / Manufacturing,Regulatory,Industrials,Industrials Entity: Strict data privacy enforcement imposes steep non-compliance penalties,
2026-07-25,Global,Industrials / Manufacturing,Financial,Industrials,Industrials Entity: Inflationary cost pressures reduce operational cash flow estimates,
2026-07-25,Global,Industrials / Manufacturing,General (Neutral / Positive),Industrials,Industrials Entity: Company announces expansion into automated production facilities,
2026-07-25,Global,Industrials / Manufacturing,Financial,Industrials,Industrials Entity: Inflationary cost pressures reduce operational cash flow estimates,
2026-07-25,Global,Technology,Operational,Technology,Technology Entity: Labor union strike halts manufacturing assembly lines across region,
2026-07-25,Global,Technology,Financial,Technology,Technology Entity: Credit downgrade warning issued following quarterly margin compression,
2026-07-25,Global,Financials,Financial,Financials,Financials Entity: Revenue miss triggers stock price volatility and credit rating review,
2026-07-25,Global,Financials,General (Neutral / Positive),Financials,Financials Entity: Company announces expansion into automated production facilities,
2026-07-25,Global,Financials,General (Neutral / Positive),Financials,Financials Entity: Strategic research partnership formed to drive clean energy innovation,
2026-07-25,Global,Consumer & Retail,Financial,Consumer,Consumer Entity: Credit downgrade warning issued following quarterly margin compression,
2026-07-25,Global,Consumer & Retail,Strategic,Consumer,Consumer Entity: Shifting consumer demand creates inventory obsolescence ahead of launch,
2026-07-25,Global,Consumer & Retail,Operational,Consumer,Consumer Entity: Raw material shortage forces temporary reduction in production targets,
2026-07-25,Global,Consumer & Retail,Regulatory,Consumer,Consumer Entity: New carbon emission compliance laws impose cross-border export tariffs,
2026-07-25,Global,Energy & Raw Materials,Regulatory,Energy,Energy Entity: Bilateral trade restriction sanctions disrupt overseas supply channels,
2026-07-25,Global,Energy & Raw Materials,Strategic,Energy,Energy Entity: Shifting consumer demand creates inventory obsolescence ahead of launch,
2026-07-25,Global,Energy & Raw Materials,Operational,Energy,Energy Entity: Factory plant outage reported due to critical microchip supply delays,
2026-07-25,Global,Energy & Raw Materials,General (Neutral / Positive),Energy,Energy Entity: Quarterly operational targets met amid steady international demand,
2026-07-25,Americas (including U.S.),Industrials / Manufacturing,Financial,Industrials,Industrials Entity: Inflationary cost pressures reduce operational cash flow estimates,
2026-07-25,Americas (including U.S.),Industrials / Manufacturing,General (Neutral / Positive),Industrials,Industrials Entity: Export volumes maintain stable baseline trajectory across key markets,
2026-07-25,Americas (including U.S.),Industrials / Manufacturing,Regulatory,Industrials,Industrials Entity: Strict data privacy enforcement imposes steep non-compliance penalties,
2026-07-25,Americas (including U.S.),Industrials / Manufacturing,General (Neutral / Positive),Industrials,Industrials Entity: Strategic research partnership formed to drive clean energy innovation,
2026-07-25,Americas (including U.S.),Technology,General (Neutral / Positive),Technology,Technology Entity: Company announces expansion into automated production facilities,
2026-07-25,Americas (including U.S.),Technology,Regulatory,Technology,Technology Entity: Strict data privacy enforcement imposes steep non-compliance penalties,
2026-07-25,Americas (including U.S.),Technology,Regulatory,Technology,Technology Entity: Bilateral trade restriction sanctions disrupt overseas supply channels,
2026-07-25,Americas (including U.S.),Financials,General (Neutral / Positive),Financials,Financials Entity: Export volumes maintain stable baseline trajectory across key markets,
2026-07-25,Americas (including U.S.),Financials,Financial,Financials,Financials Entity: Debt service obligations squeeze net liquidity across corporate division,
2026-07-25,Americas (including U.S.),Financials,Operational,Financials,Financials Entity: Factory plant outage reported due to critical microchip supply delays,
2026-07-25,Americas (including U.S.),Consumer & Retail,General (Neutral / Positive),Consumer,Consumer Entity: Export volumes maintain stable baseline trajectory across key markets,
2026-07-25,Americas (including U.S.),Consumer & Retail,General (Neutral / Positive),Consumer,Consumer Entity: Strategic research partnership formed to drive clean energy innovation,
2026-07-25,Americas (including U.S.),Consumer & Retail,Regulatory,Consumer,Consumer Entity: Antitrust regulatory body opens inquiry into regional market practices,
2026-07-25,Americas (including U.S.),Consumer & Retail,Strategic,Consumer,Consumer Entity: Shifting consumer demand creates inventory obsolescence ahead of launch,
2026-07-25,Americas (including U.S.),Energy & Raw Materials,General (Neutral / Positive),Energy,Energy Entity: Company announces expansion into automated production facilities,
2026-07-25,Americas (including U.S.),Energy & Raw Materials,General (Neutral / Positive),Energy,Energy Entity: Quarterly operational targets met amid steady international demand,
2026-07-25,Americas (including U.S.),Energy & Raw Materials,Regulatory,Energy,Energy Entity: Antitrust regulatory body opens inquiry into regional market practices,
2026-07-25,Americas (including U.S.),Energy & Raw Materials,Operational,Energy,Energy Entity: Raw material shortage forces temporary reduction in production targets,
2026-07-25,Europe (EMEA),Industrials / Manufacturing,Financial,Industrials,Industrials Entity: Inflationary cost pressures reduce operational cash flow estimates,
2026-07-25,Europe (EMEA),Industrials / Manufacturing,General (Neutral / Positive),Industrials,Industrials Entity: Company announces expansion into automated production facilities,
2026-07-25,Europe (EMEA),Technology,General (Neutral / Positive),Technology,Technology Entity: Strategic research partnership formed to drive clean energy innovation,
2026-07-25,Europe (EMEA),Technology,Regulatory,Technology,Technology Entity: New carbon emission compliance laws impose cross-border export tariffs,
2026-07-25,Europe (EMEA),Financials,Financial,Financials,Financials Entity: Inflationary cost pressures reduce operational cash flow estimates,
2026-07-25,Europe (EMEA),Financials,General (Neutral / Positive),Financials,Financials Entity: Quarterly operational targets met amid steady international demand,
2026-07-25,Europe (EMEA),Financials,General (Neutral / Positive),Financials,Financials Entity: Strategic research partnership formed to drive clean energy innovation,
2026-07-25,Europe (EMEA),Consumer & Retail,General (Neutral / Positive),Consumer,Consumer Entity: Company announces expansion into automated production facilities,
2026-07-25,Europe (EMEA),Consumer & Retail,Operational,Consumer,Consumer Entity: Transit port congestion creates transit bottleneck for key component parts,
2026-07-25,Europe (EMEA),Consumer & Retail,Financial,Consumer,Consumer Entity: Revenue miss triggers stock price volatility and credit rating review,
2026-07-25,Europe (EMEA),Energy & Raw Materials,Financial,Energy,Energy Entity: Revenue miss triggers stock price volatility and credit rating review,
2026-07-25,Europe (EMEA),Energy & Raw Materials,Financial,Energy,Energy Entity: Debt service obligations squeeze net liquidity across corporate division,
2026-07-25,Europe (EMEA),Energy & Raw Materials,Regulatory,Energy,Energy Entity: Antitrust regulatory body opens inquiry into regional market practices,
2026-07-25,Europe (EMEA),Energy & Raw Materials,Operational,Energy,Energy Entity: Transit port congestion creates transit bottleneck for key component parts,
2026-07-25,Asia (APAC),Industrials / Manufacturing,Financial,Industrials,Industrials Entity: Debt service obligations squeeze net liquidity across corporate division,
2026-07-25,Asia (APAC),Industrials / Manufacturing,Strategic,Industrials,Industrials Entity: Shifting consumer demand creates inventory obsolescence ahead of launch,
2026-07-25,Asia (APAC),Industrials / Manufacturing,Operational,Industrials,Industrials Entity: Transit port congestion creates transit bottleneck for key component parts,
2026-07-25,Asia (APAC),Industrials / Manufacturing,General (Neutral / Positive),Industrials,Industrials Entity: Strategic research partnership formed to drive clean energy innovation,
2026-07-25,Asia (APAC),Technology,Financial,Technology,Technology Entity: Credit downgrade warning issued following quarterly margin compression,
2026-07-25,Asia (APAC),Technology,Strategic,Technology,Technology Entity: Failed corporate acquisition leaves regional expansion strategy unclear,
2026-07-25,Asia (APAC),Technology,Operational,Technology,Technology Entity: Transit port congestion creates transit bottleneck for key component parts,
2026-07-25,Asia (APAC),Technology,Financial,Technology,Technology Entity: Revenue miss triggers stock price volatility and credit rating review,
2026-07-25,Asia (APAC),Financials,Operational,Financials,Financials Entity: Labor union strike halts manufacturing assembly lines across region,
2026-07-25,Asia (APAC),Financials,Strategic,Financials,Financials Entity: Delayed product transition threatens long-term sector competitiveness,
2026-07-25,Asia (APAC),Consumer & Retail,Operational,Consumer,Consumer Entity: Labor union strike halts manufacturing assembly lines across region,
2026-07-25,Asia (APAC),Consumer & Retail,Financial,Consumer,Consumer Entity: Debt service obligations squeeze net liquidity across corporate division,
2026-07-25,Asia (APAC),Energy & Raw Materials,Strategic,Energy,Energy Entity: Shifting consumer demand creates inventory obsolescence ahead of launch,
2026-07-25,Asia (APAC),Energy & Raw Materials,Operational,Energy,Energy Entity: Raw material shortage forces temporary reduction in production targets,
2026-07-25,Asia (APAC),Energy & Raw Materials,General (Neutral / Positive),Energy,Energy Entity: Strategic research partnership formed to drive clean energy innovation,
2026-07-25,Asia (APAC),Energy & Raw Materials,Operational,Energy,Energy Entity: Raw material shortage forces temporary reduction in production targets,
